"URL","slug","hub","priorite","statut_initial","mc_principal","current_title","current_meta","new_title","new_title_len","new_meta","new_meta_len","h1_suggested","clicks","impressions","ctr","position","html","html_word_count","jsonld","jsonld_size_bytes"
"https://www.crazy-evg.com/activity-category/initiation-tir-shooting-evg","initiation-tir-shooting-evg","Initiation Tir Shooting","P1 - Quick win","","stand de tir evg","Shooting | Activité EVG | Crazy-EVG","Pour son enterrement de vie de garçon, offrez à votre ami un gros kiff avec l'activité shooting. Venez tester les armes mythique (AK47- Magnum 357- Sniper...)","Stand de tir EVG : AK47, Glock, Sniper | Crazy-EVG","50","Offrez un stand de tir EVG à votre pote : AK47, Glock, Magnum 357 à balles réelles. 9 destinations, devis 1 min. Sensations garanties pour son enterrement.","155","Stand de tir EVG","109","1106","0,09855335","4,71518987","<h1>Stand de tir EVG</h1>

<!-- BLOC A — Introduction (réécrite à partir de l'existante) -->
<p>Le <strong>stand de tir EVG</strong>, c'est l'activité phare de l'enterrement de vie de garçon nouvelle génération : les armes que vous avez croisées dans vos jeux vidéos d'enfance, en grandeur nature et à <strong>balles réelles</strong>. Combien de fois avez-vous prétendu avoir un flingue entre vos mains et vous la jouer Tony Montana ? On vous donne enfin l'occasion de le faire pour de vrai.</p>

<p>Lors de son <a href=""https://www.crazy-evg.com/enterrement-de-vie-de-garcon"">EVG</a>, le futur marié va vivre l'incroyable sensation de manier une vraie arme à feu, encadré par un instructeur professionnel. Du classique <strong>Glock 9mm</strong> au mythique <strong>AK47 Kalashnikov</strong>, en passant par le <strong>fusil sniper</strong> et le <strong>Magnum 357</strong> : vous avez l'embarras du choix. Une expérience adrénaline qui marque les esprits, à tester dans 9 destinations EVG.</p>

<!-- BLOC B — H2 -->
<h2>Pourquoi choisir le stand de tir pour son EVG ?</h2>
<ul>
  <li><strong>L'effet wow garanti :</strong> tirer à balles réelles avec une AK47 ou un sniper, ça ne s'oublie pas. Idéal pour un EVG qui sort de l'ordinaire.</li>
  <li><strong>Aucun niveau requis :</strong> chaque session est encadrée par un instructeur (souvent un ancien militaire) qui briefe le groupe sur la sécurité et le maniement des armes.</li>
  <li><strong>Adapté aux groupes :</strong> de 4 à 12 participants en moyenne. Au-delà, plusieurs créneaux sont organisés.</li>
  <li><strong>Tarif imbattable en Europe de l'Est :</strong> à partir de 39 € par personne à Cracovie ou Bucarest, avec un large choix d'armes.</li>
</ul>

<!-- BLOC C — H2 -->
<h2>L'expérience stand de tir en détail</h2>
<p>Le scénario type : le groupe est récupéré au centre-ville ou directement à l'hébergement par une <strong>guide francophone ou anglophone</strong>, puis transféré en minibus privatisé jusqu'au stand de tir partenaire. Sur place, l'instructeur prend le relais : briefing sécurité, présentation de chaque arme, démonstration du chargement, position de tir et règles d'or à respecter.</p>

<p>Vient ensuite le moment que tout le monde attend : <strong>le tir à balles réelles</strong>. Selon le pack choisi, vous tirerez avec 2 à 6 armes différentes, avec un quota de 25 à 80 munitions par personne. Les packs les plus populaires combinent une <strong>arme de poing</strong> (Glock 9mm, Magnum 357), un <strong>fusil d'assaut</strong> (AK47, M16, Stribog) et selon les destinations un <strong>fusil sniper</strong> ou un <strong>fusil à pompe</strong>.</p>

<p>L'activité dure entre 1h et 2h selon la formule. À la fin, vous repartez avec votre cible imprimée — souvenir parfait à coller au-dessus du lit conjugal du futur marié.</p>

<!-- BLOC D — H2 -->
<h2>Ce qui est inclus dans un stand de tir EVG</h2>
<ul>
  <li>Encadrement par un instructeur professionnel (souvent ex-militaire)</li>
  <li>Briefing sécurité complet en français ou en anglais</li>
  <li>Choix de 2 à 6 armes selon la formule (AK47, Glock, Magnum, sniper…)</li>
  <li>25 à 80 munitions par personne incluses</li>
  <li>Casque antibruit et lunettes de protection fournis</li>
  <li>Cible imprimée à emporter en souvenir</li>
  <li>Transfert A/R en minibus privatisé (selon destination)</li>
  <li>Présence d'une guide locale francophone/anglophone</li>
  <li>Durée totale de l'activité : 1h à 2h</li>
  <li>Munitions supplémentaires possibles sur place</li>
</ul>

<!-- BLOC E — H2 -->
<h2>Combien coûte un stand de tir pour un EVG ?</h2>
<table>
  <thead>
    <tr><th>Critère</th><th>Fourchette</th><th>Précisions</th></tr>
  </thead>
  <tbody>
    <tr><td>Tarif par personne</td><td>39 € à 129 €</td><td>Selon la destination et le nombre d'armes</td></tr>
    <tr><td>Durée moyenne</td><td>1h à 2h</td><td>Briefing sécurité inclus</td></tr>
    <tr><td>Nombre de participants</td><td>4 à 12</td><td>Au-delà : créneaux multiples</td></tr>
    <tr><td>Âge minimum</td><td>18 ans</td><td>Pièce d'identité obligatoire</td></tr>
    <tr><td>Munitions incluses</td><td>25 à 80</td><td>Variable selon la formule</td></tr>
  </tbody>
</table>

<p><strong>À noter :</strong> les destinations d'<strong>Europe de l'Est</strong> (Cracovie, Bucarest, Bratislava, Budapest) offrent les meilleurs rapports qualité-prix avec un large choix d'armes. À Paris et Amsterdam, l'activité est plus réglementée mais reste accessible.</p>

<!-- BLOC F — H2 (la grille destinations existe déjà après ce H2) -->
<h2>Où faire un stand de tir pour un EVG ?</h2>
<p>Le stand de tir EVG est disponible dans <strong>9 destinations Crazy-EVG</strong> : Varsovie, Bucarest, Berlin, Prague, Bratislava, Budapest, Cracovie, Paris et Vilnius. Chaque ville propose ses spécificités : type d'armes disponibles, nombre de munitions, options de transfert.</p>

<!-- BLOC G — H3 (sous le H2 existant ""Destinations pour cette activité"") -->
<h3>Comparatif rapide des 4 destinations stars</h3>
<ul>
  <li><strong><a href=""https://www.crazy-evg.com/enterrement-de-vie-de-garcon-bratislava/initiation-tir-shooting-activites"">Stand de tir EVG à Bratislava</a></strong> — Le top combo : Kalashnikov AK47 + pistolet 9mm + Stribog, 55 balles par personne, transfert minibus inclus. Une tournée de bières offerte en bonus.</li>
  <li><strong><a href=""https://www.crazy-evg.com/enterrement-de-vie-de-garcon-cracovie/initiation-tir-shooting-activites"">Stand de tir EVG à Cracovie</a></strong> — Tarif le plus bas, large choix d'armes (jusqu'à 6), instructeur francophone disponible.</li>
  <li><strong><a href=""https://www.crazy-evg.com/enterrement-de-vie-de-garcon-prague/initiation-tir-shooting-activites"">Stand de tir EVG à Prague</a></strong> — Stand premium avec sniper longue portée. ⚠ Depuis le 1.1.2026, pièce d'identité obligatoire pour chaque tireur non-résident.</li>
  <li><strong><a href=""https://www.crazy-evg.com/enterrement-de-vie-de-garcon-budapest/initiation-tir-shooting-activites"">Stand de tir EVG à Budapest</a></strong> — Combo idéal avec les autres activités EVG locales (croisière sur le Danube, soirée bains thermaux).</li>
</ul>

<!-- BLOC H — H2 -->
<h2>Ces activités EVG vont aussi vous plaire</h2>
<ul>
  <li><a href=""https://www.crazy-evg.com/activity-category/conduite-char-d-assaut-evg"">Conduite de char d'assaut EVG</a> — passez du tir à pied au pilotage d'un vrai tank</li>
  <li><a href=""https://www.crazy-evg.com/activity-category/airsoft-battle-evg"">Airsoft battle EVG</a> — version plus tactique, en équipe, avec répliques d'armes</li>
  <li><a href=""https://www.crazy-evg.com/activity-category/parcours-du-combattant-evg"">Parcours du combattant EVG</a> — le complément cardio, encadré par d'anciens militaires</li>
  <li><a href=""https://www.crazy-evg.com/activity-category/paintball-evg"">Paintball EVG</a> — le grand classique, version peinture</li>
  <li><a href=""https://www.crazy-evg.com/activity-category/kidnapping-evg"">Kidnapping EVG</a> — pour pousser le scénario commando jusqu'au bout</li>
</ul>

<!-- BLOC I — H2 + H3 -->
<h2>FAQ — Stand de tir EVG</h2>

<h3>Combien coûte un stand de tir pour un EVG ?</h3>
<p>Le tarif d'un stand de tir EVG démarre à environ <strong>39 € par personne</strong> pour une formule courte (3 armes, environ 30 munitions) et peut atteindre <strong>120 € pour les packs premium</strong> incluant fusil sniper et mitraillette type AK47. Le prix dépend principalement de la destination et du nombre d'armes/munitions choisi.</p>

<h3>Quelle est la durée d'une session de tir EVG ?</h3>
<p>Une session de tir dure entre <strong>1h et 2h</strong> selon la formule choisie, briefing sécurité inclus. Comptez environ 1h pour un pack de 3 armes, 1h30 pour 5 armes, et jusqu'à 2h pour un pack premium avec sniper.</p>

<h3>Faut-il un niveau particulier pour faire un stand de tir EVG ?</h3>
<p>Aucun niveau requis. Toutes nos sessions sont encadrées par un instructeur professionnel qui assure le briefing sécurité, le maniement des armes et l'accompagnement pendant chaque tir. L'activité est accessible aux débutants comme aux initiés.</p>

<h3>À partir de combien de personnes peut-on réserver un stand de tir EVG ?</h3>
<p>La plupart de nos partenaires acceptent les groupes <strong>à partir de 4 personnes</strong>. Au-delà de 12 participants, nous organisons généralement deux créneaux successifs pour garantir le confort et la sécurité de tous.</p>

<h3>Que faut-il prévoir pour un stand de tir EVG ?</h3>
<p>Une <strong>pièce d'identité valide</strong> est obligatoire pour chaque participant. Le stand fournit toutes les armes, munitions, casque antibruit et lunettes de protection. Prévoyez des vêtements couvrants et des chaussures fermées. La consommation d'alcool est strictement interdite avant la session.</p>

<h3>Dans quelles villes peut-on faire un stand de tir pour un EVG ?</h3>
<p>Le stand de tir EVG est disponible dans 9 destinations Crazy-EVG : Varsovie, Bucarest, Berlin, Prague, Bratislava, Budapest, Cracovie, Paris et Vilnius. Les destinations d'<strong>Europe de l'Est</strong> offrent généralement le plus large choix d'armes (AK47, sniper) à tarif compétitif.</p>

<h3>Comment réserver un stand de tir pour un EVG ?</h3>
<p>Demandez un <a href=""https://www.crazy-evg.com/devis"">devis en 1 minute</a> sur Crazy-EVG. Notre équipe revient vers vous sous 24h avec un programme sur mesure et un tarif détaillé pour votre groupe.</p>","1217","{
  ""@context"": ""https://schema.org"",
  ""@graph"": [
    {
      ""@type"": ""Service"",
      ""@id"": ""https://www.crazy-evg.com/activity-category/initiation-tir-shooting-evg#service"",
      ""name"": ""Stand de tir EVG"",
      ""alternateName"": ""stand de tir evg"",
      ""description"": ""Offrez un stand de tir EVG à votre pote : AK47, Glock, Magnum 357 à balles réelles. 9 destinations, devis 1 min. Sensations garanties pour son enterrement."",
      ""serviceType"": ""Activité EVG"",
      ""category"": ""Enterrement de vie de garçon"",
      ""url"": ""https://www.crazy-evg.com/activity-category/initiation-tir-shooting-evg"",
      ""provider"": {
        ""@type"": ""Organization"",
        ""@id"": ""https://www.crazy-evg.com/#organization"",
        ""name"": ""Crazy-EVG"",
        ""url"": ""https://www.crazy-evg.com"",
        ""telephone"": ""+33176215730"",
        ""email"": ""contact@crazy-evg.com"",
        ""address"": {
          ""@type"": ""PostalAddress"",
          ""streetAddress"": ""8 rue du Faubourg Poissonnière"",
          ""postalCode"": ""75010"",
          ""addressLocality"": ""Paris"",
          ""addressCountry"": ""FR""
        }
      },
      ""areaServed"": [
        {
          ""@type"": ""City"",
          ""name"": ""Amsterdam""
        },
        {
          ""@type"": ""City"",
          ""name"": ""Berlin""
        },
        {
          ""@type"": ""City"",
          ""name"": ""Bratislava""
        },
        {
          ""@type"": ""City"",
          ""name"": ""Bucarest""
        },
        {
          ""@type"": ""City"",
          ""name"": ""Budapest""
        },
        {
          ""@type"": ""City"",
          ""name"": ""Cracovie""
        },
        {
          ""@type"": ""City"",
          ""name"": ""Prague""
        },
        {
          ""@type"": ""City"",
          ""name"": ""Varsovie""
        },
        {
          ""@type"": ""City"",
          ""name"": ""Vilnius""
        }
      ],
      ""audience"": {
        ""@type"": ""Audience"",
        ""audienceType"": ""Groupe d'amis - Enterrement de vie de garçon"",
        ""suggestedMinAge"": 18
      },
      ""offers"": {
        ""@type"": ""AggregateOffer"",
        ""priceCurrency"": ""EUR"",
        ""lowPrice"": ""39"",
        ""highPrice"": ""129"",
        ""offerCount"": ""9"",
        ""availability"": ""https://schema.org/InStock""
      }
    },
    {
      ""@type"": ""FAQPage"",
      ""@id"": ""https://www.crazy-evg.com/activity-category/initiation-tir-shooting-evg#faq"",
      ""mainEntity"": [
        {
          ""@type"": ""Question"",
          ""name"": ""Combien coûte un initiation tir shooting pour un EVG ?"",
          ""acceptedAnswer"": {
            ""@type"": ""Answer"",
            ""text"": ""Le tarif d'un initiation tir shooting EVG est compris entre 39 € et 129 € par personne. Le prix varie selon la destination, la taille du groupe et les options choisies. Demandez un devis en 1 minute pour un tarif personnalisé.""
          }
        },
        {
          ""@type"": ""Question"",
          ""name"": ""Combien de temps dure un initiation tir shooting EVG ?"",
          ""acceptedAnswer"": {
            ""@type"": ""Answer"",
            ""text"": ""La durée varie selon la formule, généralement entre 1h et 4h transferts inclus. Consultez la fiche détaillée de chaque destination pour le programme précis.""
          }
        },
        {
          ""@type"": ""Question"",
          ""name"": ""Faut-il un niveau particulier pour faire un initiation tir shooting EVG ?"",
          ""acceptedAnswer"": {
            ""@type"": ""Answer"",
            ""text"": ""Aucun niveau requis. Toutes nos sessions sont encadrées par un instructeur professionnel qui assure le briefing et l'accompagnement. L'activité est accessible aux débutants.""
          }
        },
        {
          ""@type"": ""Question"",
          ""name"": ""À partir de combien de personnes peut-on réserver un initiation tir shooting EVG ?"",
          ""acceptedAnswer"": {
            ""@type"": ""Answer"",
            ""text"": ""La majorité de nos partenaires acceptent les groupes à partir de 4 à 6 personnes. Les conditions exactes varient selon la destination. Au-delà de 12-15 participants, plusieurs créneaux sont organisés.""
          }
        },
        {
          ""@type"": ""Question"",
          ""name"": ""Que faut-il prévoir pour un initiation tir shooting EVG ?"",
          ""acceptedAnswer"": {
            ""@type"": ""Answer"",
            ""text"": ""Une pièce d'identité valide est généralement demandée. Le matériel et l'encadrement sont fournis par notre partenaire local. Prévoyez une tenue adaptée et des chaussures fermées. Détails complets fournis à la réservation.""
          }
        },
        {
          ""@type"": ""Question"",
          ""name"": ""Dans quelles villes peut-on faire un initiation tir shooting EVG ?"",
          ""acceptedAnswer"": {
            ""@type"": ""Answer"",
            ""text"": ""L'activité initiation tir shooting est disponible dans 9 destinations Crazy-EVG : Amsterdam, Berlin, Bratislava, Bucarest, Budapest, Cracovie, Prague, Varsovie, Vilnius.""
          }
        },
        {
          ""@type"": ""Question"",
          ""name"": ""Comment réserver un initiation tir shooting EVG ?"",
          ""acceptedAnswer"": {
            ""@type"": ""Answer"",
            ""text"": ""Demandez un devis en 1 minute sur Crazy-EVG. Notre équipe revient vers vous sous 24h avec un programme sur mesure et un tarif détaillé pour votre groupe.""
          }
        }
      ]
    },
    {
      ""@type"": ""BreadcrumbList"",
      ""@id"": ""https://www.crazy-evg.com/activity-category/initiation-tir-shooting-evg#breadcrumb"",
      ""itemListElement"": [
        {
          ""@type"": ""ListItem"",
          ""position"": 1,
          ""name"": ""Accueil"",
          ""item"": ""https://www.crazy-evg.com/""
        },
        {
          ""@type"": ""ListItem"",
          ""position"": 2,
          ""name"": ""Activités EVG"",
          ""item"": ""https://www.crazy-evg.com/activites-evg""
        },
        {
          ""@type"": ""ListItem"",
          ""position"": 3,
          ""name"": ""Stand de tir EVG : AK47, Glock, Sniper"",
          ""item"": ""https://www.crazy-evg.com/activity-category/initiation-tir-shooting-evg""
        }
      ]
    }
  ]
}","6100"
"https://www.crazy-evg.com/activity-category/kidnapping-evg","kidnapping-evg","Kidnapping","P1 - Quick win","A optimisée","idée kidnapping evg","Fausse arrestation| Activité EVG | Crazy-EVG","Pour votre enterrement de vie de garçon, faites de l'activité kidnapping. Faites vivre une vraie situation de stress au futur marié pour son EVG","Kidnapping EVG : fausse arrestation choc | Crazy-EVG","52","Idée kidnapping EVG : faites vivre une fausse arrestation au futur marié pour son enterrement de vie de garçon. Stress et fou rire garantis. Devis en 1 min.","156","Kidnapping EVG : fausse arrestation","56","780","0,07179487","6,23076923","<h1>Kidnapping EVG : la fausse arrestation</h1>

<!-- BLOC A — Introduction -->
<p>Cherchez une <strong>idée kidnapping EVG</strong> qui marquera durablement le futur marié ? La <strong>fausse arrestation</strong> est l'animation surprise la plus efficace de tout l'enterrement de vie de garçon : pendant quelques minutes, votre pote pense qu'il vient d'être interpellé pour de bon par la police. Stress maximal, regards paniqués, négociations désespérées… puis la chute libératrice.</p>

<p>Plus qu'une simple blague, le <strong>kidnapping EVG</strong> est une mise en scène professionnelle orchestrée par des comédiens locaux qui jouent le rôle de policiers, encadrée par une guide francophone qui veille à ce que tout le groupe joue le jeu. Disponible dans 6 destinations européennes, c'est l'idée cadeau idéale pour pimenter son <a href=""https://www.crazy-evg.com/enterrement-de-vie-de-garcon"">enterrement de vie de garçon</a>.</p>

<!-- BLOC B — H2 -->
<h2>Pourquoi choisir le kidnapping pour son EVG ?</h2>
<ul>
  <li><strong>L'effet de surprise total :</strong> contrairement aux activités classiques, le marié ne sait jamais que ça va arriver. Réaction authentique garantie.</li>
  <li><strong>Le souvenir le plus raconté :</strong> bien plus que le karting ou la soirée, c'est LA scène que vos potes raconteront pendant 10 ans.</li>
  <li><strong>Encadrement pro :</strong> deux acteurs déguisés en policiers locaux, briefing préalable du groupe, scénario calibré pour ne jamais déraper.</li>
  <li><strong>Aucun effort logistique :</strong> tout se passe dans un bar, un restaurant ou la rue. Vous n'avez qu'à être là à l'heure.</li>
</ul>

<!-- BLOC C — H2 -->
<h2>Comment se déroule un kidnapping EVG ?</h2>
<p>Le scénario est <strong>secret pour le marié</strong>, mais le reste du groupe est briefé en amont par notre guide locale. Une heure avant l'opération, vous recevez les consignes : <strong>jouer le jeu</strong>, ne pas rigoler, et surtout ne pas vendre la mèche. Plus le groupe est convaincant, plus la fausse arrestation est crédible.</p>

<p>Plusieurs scénarios au choix selon la destination : <strong>arrestation dans la rue</strong> pour tapage, <strong>contrôle d'identité</strong> qui dérape, <strong>fausse note d'addition</strong> au restaurant qui pousse les ""policiers"" à intervenir, ou encore <strong>contrôle pour usage de faux billets</strong>. Dans tous les cas, le marié est interpellé devant ses amis, plaqué contre un mur ou menotté, parfois <strong>placé les yeux bandés dans la voiture de police</strong>.</p>

<p>Après quelques minutes de tension, vient la chute : selon les destinations, l'un des ""policiers"" se transforme en <strong>fausse policière stripteaseuse</strong> qui démarre un show, ou bien la révélation pure et simple. Soulagement, fou rire collectif, photos. Mission accomplie.</p>

<!-- BLOC D — H2 -->
<h2>Ce qui est inclus dans un kidnapping EVG</h2>
<ul>
  <li>1 ou 2 acteurs professionnels déguisés en policiers locaux</li>
  <li>Scénario sur mesure adapté à votre groupe et à la destination</li>
  <li>Briefing préalable du groupe par notre guide locale francophone/anglophone</li>
  <li>Choix entre plusieurs scénarios (rue, bar, restaurant)</li>
  <li>Menottes, fausses cartes de police, accessoires d'arrestation</li>
  <li>Option <strong>striptease de la fausse policière</strong> en fin d'activité (selon destination)</li>
  <li>Durée totale : 30 à 45 minutes (briefing + opération + chute)</li>
  <li>Confidentialité absolue vis-à-vis du marié</li>
  <li>Coordination avec le bar/restaurant si l'opération s'y déroule</li>
</ul>

<!-- BLOC E — H2 -->
<h2>Combien coûte un kidnapping EVG ?</h2>
<table>
  <thead>
    <tr><th>Critère</th><th>Fourchette</th><th>Précisions</th></tr>
  </thead>
  <tbody>
    <tr><td>Tarif global pour le groupe</td><td>180 € à 450 €</td><td>Forfait, pas de coût par tête</td></tr>
    <tr><td>Durée</td><td>30 à 45 min</td><td>Briefing inclus</td></tr>
    <tr><td>Taille du groupe recommandée</td><td>4 à 15 pers.</td><td>Plus petit = moins crédible, plus grand = plus chaotique</td></tr>
    <tr><td>Option strip de la fausse policière</td><td>+ 80 € à 150 €</td><td>Disponible à Amsterdam, Prague, Budapest</td></tr>
    <tr><td>Délai de réservation</td><td>Min. 7 jours</td><td>Coordination avec les acteurs locaux</td></tr>
  </tbody>
</table>

<p><strong>À noter :</strong> le tarif est <strong>forfaitaire</strong>, ce qui rend l'activité particulièrement intéressante pour les groupes de 8 à 15 personnes (≈ 15-30 € par tête).</p>

<!-- BLOC F — H2 (la grille destinations existe déjà après ce H2) -->
<h2>Où organiser un kidnapping pour un EVG ?</h2>
<p>L'activité <strong>fausse arrestation EVG</strong> est disponible dans <strong>6 destinations</strong> Crazy-EVG, toutes choisies pour la qualité de leurs comédiens locaux et la coopération des bars/restaurants partenaires : Amsterdam, Bratislava, Bucarest, Budapest, Cracovie et Prague.</p>

<!-- BLOC G — H3 (sous le H2 ""Destinations pour cette activité"" existant) -->
<h3>Comparatif rapide des destinations</h3>
<ul>
  <li><strong><a href=""https://www.crazy-evg.com/enterrement-de-vie-de-garcon-amsterdam/kidnapping-activites"">Kidnapping EVG à Amsterdam</a></strong> — Scénario en bar du centre-ville, option striptease de la fausse policière en finale. Idéal pour combiner avec le quartier rouge.</li>
  <li><strong><a href=""https://www.crazy-evg.com/enterrement-de-vie-de-garcon-bratislava/kidnapping-activites"">Kidnapping EVG à Bratislava</a></strong> — Scénario ""addition trop salée + faux billets"" particulièrement crédible. Coordination parfaite avec les pubs partenaires.</li>
  <li><strong><a href=""https://www.crazy-evg.com/enterrement-de-vie-de-garcon-bucarest/kidnapping-activites"">Kidnapping EVG à Bucarest</a></strong> — Le scénario le plus immersif, avec deux policiers et une mise en scène très réaliste. Tarif ultra-compétitif.</li>
  <li><strong><a href=""https://www.crazy-evg.com/enterrement-de-vie-de-garcon-prague/kidnapping-activites"">Kidnapping EVG à Prague</a></strong> — Variante haut de gamme avec décors urbains stylés. Souvent associée à un EVG ""commando"" complet.</li>
</ul>

<!-- BLOC H — H2 -->
<h2>Ces activités EVG vont aussi vous plaire</h2>
<ul>
  <li><a href=""https://www.crazy-evg.com/activity-category/parcours-du-combattant-evg"">Parcours du combattant EVG</a> — pour pousser le marié dans ses retranchements, version sportive</li>
  <li><a href=""https://www.crazy-evg.com/activity-category/initiation-tir-shooting-evg"">Stand de tir EVG</a> — l'enchaînement parfait : arrestation puis interrogatoire armé</li>
  <li><a href=""https://www.crazy-evg.com/activity-category/combat-chien-evg"">Combat Man vs Dog EVG</a> — autre activité ""épreuve"" pour le futur marié</li>
  <li><a href=""https://www.crazy-evg.com/activity-category/sexy-combat-evg"">Combat sexy EVG</a> — pour finir sur une note plus légère</li>
  <li><a href=""https://www.crazy-evg.com/activity-category/crazy-night-evg"">Crazy Night EVG</a> — la soirée folle pour célébrer la ""libération""</li>
</ul>

<!-- BLOC I — H2 + H3 -->
<h2>FAQ — Kidnapping EVG</h2>

<h3>Combien coûte un kidnapping EVG ?</h3>
<p>Un kidnapping EVG (fausse arrestation) coûte entre <strong>180 € et 450 €</strong> en forfait pour le groupe entier, selon la destination, le nombre d'acteurs (1 ou 2 policiers) et les options choisies (striptease final notamment). À 8-12 personnes, comptez environ 20 € par tête.</p>

<h3>Combien de temps dure une fausse arrestation EVG ?</h3>
<p>L'activité dure <strong>entre 30 et 45 minutes</strong> au total, briefing du groupe et ""chute"" libératrice inclus. L'arrestation elle-même dure 5 à 10 minutes pour maintenir la tension sans aller trop loin.</p>

<h3>Le futur marié peut-il deviner que c'est une mise en scène ?</h3>
<p>Non, à condition que <strong>le reste du groupe joue le jeu</strong>. Notre guide locale briefe les amis en amont avec les consignes précises : ne pas rigoler avant la chute, jouer la surprise, voire la peur. Plus le groupe est convaincant, plus la fausse arrestation est crédible.</p>

<h3>Y a-t-il un risque que ça dérape ?</h3>
<p>Aucun. Les acteurs sont des comédiens professionnels, parfois d'anciens militaires ou policiers. La guide reste sur place pendant toute l'opération pour intervenir si besoin. Le scénario est calibré pour ne jamais blesser physiquement le marié et toujours se terminer par une chute positive.</p>

<h3>À partir de combien de personnes peut-on réserver un kidnapping EVG ?</h3>
<p>Le kidnapping EVG fonctionne à partir de <strong>4 personnes</strong>. La taille idéale se situe entre 6 et 15 participants : assez de monde pour que la scène soit crédible, mais pas trop pour ne pas attirer l'attention. Au-delà, prévenir notre équipe.</p>

<h3>Dans quelles villes peut-on organiser un kidnapping EVG ?</h3>
<p>L'activité fausse arrestation est disponible dans <strong>6 destinations</strong> Crazy-EVG : <strong>Amsterdam, Bratislava, Bucarest, Budapest, Cracovie et Prague</strong>. Ces villes sont sélectionnées pour la qualité de leurs comédiens locaux et la coopération des bars/restaurants partenaires.</p>

<h3>Comment réserver un kidnapping EVG ?</h3>
<p>Demandez un <a href=""https://www.crazy-evg.com/devis"">devis en 1 minute</a> en précisant la destination, la date et le nombre de participants. Notre équipe revient vers vous sous 24h avec un scénario adapté et un tarif détaillé. <strong>Réservation conseillée 7 jours minimum à l'avance</strong>.</p>","1196","{
  ""@context"": ""https://schema.org"",
  ""@graph"": [
    {
      ""@type"": ""Service"",
      ""@id"": ""https://www.crazy-evg.com/activity-category/kidnapping-evg#service"",
      ""name"": ""Kidnapping EVG : fausse arrestation"",
      ""alternateName"": ""idée kidnapping evg"",
      ""description"": ""Idée kidnapping EVG : faites vivre une fausse arrestation au futur marié pour son enterrement de vie de garçon. Stress et fou rire garantis. Devis en 1 min."",
      ""serviceType"": ""Activité EVG"",
      ""category"": ""Enterrement de vie de garçon"",
      ""url"": ""https://www.crazy-evg.com/activity-category/kidnapping-evg"",
      ""provider"": {
        ""@type"": ""Organization"",
        ""@id"": ""https://www.crazy-evg.com/#organization"",
        ""name"": ""Crazy-EVG"",
        ""url"": ""https://www.crazy-evg.com"",
        ""telephone"": ""+33176215730"",
        ""email"": ""contact@crazy-evg.com"",
        ""address"": {
          ""@type"": ""PostalAddress"",
          ""streetAddress"": ""8 rue du Faubourg Poissonnière"",
          ""postalCode"": ""75010"",
          ""addressLocality"": ""Paris"",
          ""addressCountry"": ""FR""
        }
      },
      ""areaServed"": [
        {
          ""@type"": ""City"",
          ""name"": ""Amsterdam""
        },
        {
          ""@type"": ""City"",
          ""name"": ""Bratislava""
        },
        {
          ""@type"": ""City"",
          ""name"": ""Bucarest""
        },
        {
          ""@type"": ""City"",
          ""name"": ""Budapest""
        },
        {
          ""@type"": ""City"",
          ""name"": ""Cracovie""
        },
        {
          ""@type"": ""City"",
          ""name"": ""Prague""
        }
      ],
      ""audience"": {
        ""@type"": ""Audience"",
        ""audienceType"": ""Groupe d'amis - Enterrement de vie de garçon"",
        ""suggestedMinAge"": 18
      },
      ""offers"": {
        ""@type"": ""AggregateOffer"",
        ""priceCurrency"": ""EUR"",
        ""lowPrice"": ""180"",
        ""highPrice"": ""450"",
        ""offerCount"": ""6"",
        ""availability"": ""https://schema.org/InStock""
      }
    },
    {
      ""@type"": ""FAQPage"",
      ""@id"": ""https://www.crazy-evg.com/activity-category/kidnapping-evg#faq"",
      ""mainEntity"": [
        {
          ""@type"": ""Question"",
          ""name"": ""Combien coûte un kidnapping pour un EVG ?"",
          ""acceptedAnswer"": {
            ""@type"": ""Answer"",
            ""text"": ""Le tarif d'un kidnapping EVG est compris entre 180 € et 450 € en forfait pour le groupe. Le prix varie selon la destination, la taille du groupe et les options choisies. Demandez un devis en 1 minute pour un tarif personnalisé.""
          }
        },
        {
          ""@type"": ""Question"",
          ""name"": ""Combien de temps dure un kidnapping EVG ?"",
          ""acceptedAnswer"": {
            ""@type"": ""Answer"",
            ""text"": ""La durée varie selon la formule, généralement entre 1h et 4h transferts inclus. Consultez la fiche détaillée de chaque destination pour le programme précis.""
          }
        },
        {
          ""@type"": ""Question"",
          ""name"": ""Faut-il un niveau particulier pour faire un kidnapping EVG ?"",
          ""acceptedAnswer"": {
            ""@type"": ""Answer"",
            ""text"": ""Aucun niveau requis. Toutes nos sessions sont encadrées par un instructeur professionnel qui assure le briefing et l'accompagnement. L'activité est accessible aux débutants.""
          }
        },
        {
          ""@type"": ""Question"",
          ""name"": ""À partir de combien de personnes peut-on réserver un kidnapping EVG ?"",
          ""acceptedAnswer"": {
            ""@type"": ""Answer"",
            ""text"": ""La majorité de nos partenaires acceptent les groupes à partir de 4 à 6 personnes. Les conditions exactes varient selon la destination. Au-delà de 12-15 participants, plusieurs créneaux sont organisés.""
          }
        },
        {
          ""@type"": ""Question"",
          ""name"": ""Que faut-il prévoir pour un kidnapping EVG ?"",
          ""acceptedAnswer"": {
            ""@type"": ""Answer"",
            ""text"": ""Une pièce d'identité valide est généralement demandée. Le matériel et l'encadrement sont fournis par notre partenaire local. Prévoyez une tenue adaptée et des chaussures fermées. Détails complets fournis à la réservation.""
          }
        },
        {
          ""@type"": ""Question"",
          ""name"": ""Dans quelles villes peut-on faire un kidnapping EVG ?"",
          ""acceptedAnswer"": {
            ""@type"": ""Answer"",
            ""text"": ""L'activité kidnapping est disponible dans 6 destinations Crazy-EVG : Amsterdam, Bratislava, Bucarest, Budapest, Cracovie, Prague.""
          }
        },
        {
          ""@type"": ""Question"",
          ""name"": ""Comment réserver un kidnapping EVG ?"",
          ""acceptedAnswer"": {
            ""@type"": ""Answer"",
            ""text"": ""Demandez un devis en 1 minute sur Crazy-EVG. Notre équipe revient vers vous sous 24h avec un programme sur mesure et un tarif détaillé pour votre groupe.""
          }
        }
      ]
    },
    {
      ""@type"": ""BreadcrumbList"",
      ""@id"": ""https://www.crazy-evg.com/activity-category/kidnapping-evg#breadcrumb"",
      ""itemListElement"": [
        {
          ""@type"": ""ListItem"",
          ""position"": 1,
          ""name"": ""Accueil"",
          ""item"": ""https://www.crazy-evg.com/""
        },
        {
          ""@type"": ""ListItem"",
          ""position"": 2,
          ""name"": ""Activités EVG"",
          ""item"": ""https://www.crazy-evg.com/activites-evg""
        },
        {
          ""@type"": ""ListItem"",
          ""position"": 3,
          ""name"": ""Kidnapping EVG : fausse arrestation choc"",
          ""item"": ""https://www.crazy-evg.com/activity-category/kidnapping-evg""
        }
      ]
    }
  ]
}","5704"
"https://www.crazy-evg.com/activity-category/parcours-du-combattant-evg","parcours-du-combattant-evg","Parcours du Combattant","P2 - Sleeping giant","Optimisée","stage commando evg","#N/A","#N/A","Stage commando EVG : parcours du combattant | Crazy-EVG","55","Stage commando pour son EVG : parcours du combattant encadré par d'anciens militaires. Vos potes vont en baver. Devis en 1 min, 6 destinations.","143","Parcours du combattant EVG","9","113","0,07964602","6,53097345","<!-- Page: https://www.crazy-evg.com/activity-category/parcours-du-combattant-evg -->
<!-- Title: Stage commando EVG : parcours du combattant | Crazy-EVG -->
<!-- Meta: Stage commando pour son EVG : parcours du combattant encadré par d'anciens militaires. Vos potes vont en baver. Devis en 1 min, 6 destinations. -->

<h1>Parcours du combattant EVG</h1>

<!-- BLOC A — Introduction -->
<p>Le <strong>parcours du combattant EVG</strong> (aussi connu sous le nom de <em>stage commando EVG</em>) est l'épreuve ultime pour transformer le futur marié en machine de guerre… ou en serpillière. Encadré par d'anciens militaires, votre groupe enchaîne franchissements, rampers sous filets, courses d'obstacles, montées de cordes et autres gentillesses pensées pour vous mettre à genoux dans la boue.</p>
<p>Idéal pour un <a href=""https://www.crazy-evg.com/enterrement-de-vie-de-garcon"">EVG</a> qui veut sortir des sentiers battus, le stage commando combine défoulement physique, esprit d'équipe et fous rires. Le futur marié a évidemment droit aux <strong>punitions</strong> du groupe : pompes supplémentaires, tractions, port de charge. Une activité qui marque les corps autant que les mémoires.</p>

<!-- BLOC B — Pourquoi choisir -->
<h2>Pourquoi choisir le parcours du combattant pour son EVG ?</h2>
<ul>
  <li><strong>Encadrement par d'anciens militaires :</strong> sécurité, discipline et challenge calibrés.</li>
  <li><strong>Le futur marié pris pour cible :</strong> punitions personnalisées, briefing personnel, surnom de bidasse.</li>
  <li><strong>Esprit d'équipe garanti :</strong> rien ne soude un groupe comme la boue partagée.</li>
  <li><strong>Adapté à tous niveaux :</strong> les épreuves sont modulables, l'objectif est de transpirer ensemble.</li>
</ul>

<!-- BLOC C — L'expérience en détail -->
<h2>L'expérience parcours du combattant en détail</h2>
<p>Programme type d'une demi-journée :</p>
<p><strong>À Lyon :</strong> A 25 minutes du centre de Lyon, venez vivre un moment inoubliable sur les 2 parcours du combattant où vous devrez franchir seul ou en équipe une quarantaine d'obstacles réparties sur un terrain de 6 hectares.</p>

<!-- BLOC D — Ce qui est inclus -->
<h2>Ce qui est inclus dans un parcours du combattant EVG</h2>
<ul>
  <li>2h d'accès aux 2 parcours du combattant</li>
  <li>Présence d'un instructeur encadrant</li>
  <li>A partir de 14 personnes : le suivi photos complet (200/300 photos)</li>
  <li>Min 8 personnes</li>
</ul>

<!-- BLOC E — Tarif -->
<h2>Combien coûte un parcours du combattant EVG ?</h2>
<table>
  <thead><tr><th>Critère</th><th>Fourchette</th><th>Précisions</th></tr></thead>
  <tbody>
    <tr><td>Tarif</td><td><strong>89 € à 159 € par personne</strong></td><td>Selon la destination et la formule</td></tr>
    <tr><td>Durée</td><td>1h à 4h</td><td>Transferts inclus selon les destinations</td></tr>
    <tr><td>Taille du groupe</td><td>Selon la formule, généralement 4 à 15+ pers.</td><td>Au-delà : créneaux multiples</td></tr>
    <tr><td>Nombre de destinations</td><td>1</td><td>Voir la grille ci-dessous</td></tr>
    <tr><td>Délai de réservation</td><td>5 à 14 jours</td><td>Selon la destination et la saison</td></tr>
  </tbody>
</table>

<p><strong>À noter :</strong> prévoyez des vêtements que vous pouvez salir et de quoi vous changer — la boue est garantie.</p>

<!-- BLOC F — Destinations -->
<h2>Où faire un parcours du combattant pour un EVG ?</h2>
<p>L'activité <strong>Parcours du combattant EVG</strong> est disponible dans <strong>1 destinations</strong> Crazy-EVG : Lyon.</p>

<!-- BLOC G — Comparatif destinations -->
<h3>Comparatif rapide des destinations</h3>
<ul>
  <li><strong><a href=""https://www.crazy-evg.com/enterrement-de-vie-de-garcon-lyon/parcours-du-combattant-activites"">Parcours du Combattant EVG à Lyon</a></strong> — A 25 minutes du centre de Lyon, venez vivre un moment inoubliable sur les 2 parcours du combattant où vous devrez franchir seul ou en équipe une quarantaine d'obstacles réparties sur un terrain de 6 hectares. 2h d'activités accessibles à tous, sportifs et moins sportifs, où le dé</li>
</ul>

<!-- BLOC H — Activités liées -->
<h2>Ces activités EVG vont aussi vous plaire</h2>
<ul>
  <li><a href=""https://www.crazy-evg.com/activity-category/initiation-tir-shooting-evg"">Stand de tir EVG</a></li>
  <li><a href=""https://www.crazy-evg.com/activity-category/airsoft-battle-evg"">Airsoft battle EVG</a></li>
  <li><a href=""https://www.crazy-evg.com/activity-category/kidnapping-evg"">Kidnapping EVG</a></li>
  <li><a href=""https://www.crazy-evg.com/activity-category/conduite-char-d-assaut-evg"">Conduite char d'assaut EVG</a></li>
  <li><a href=""https://www.crazy-evg.com/activity-category/paintball-evg"">Paintball EVG</a></li>
</ul>

<!-- BLOC I — FAQ -->
<h2>FAQ — Parcours du combattant EVG</h2>

<h3>Combien coûte un parcours du combattant pour un EVG ?</h3>
<p>Le tarif d'un parcours du combattant EVG est compris <strong>entre 89 € et 159 € par personne</strong>. Le prix varie selon la destination, la taille du groupe et les options choisies. Demandez un <a href=""https://www.crazy-evg.com/devis"">devis en 1 minute</a> pour un tarif personnalisé.</p>

<h3>Combien de temps dure un parcours du combattant EVG ?</h3>
<p>La durée varie selon la formule, généralement <strong>entre 1h et 4h transferts inclus</strong>. Consultez la fiche détaillée de chaque destination pour le programme précis.</p>

<h3>Faut-il un niveau particulier pour faire un parcours du combattant EVG ?</h3>
<p>Aucun niveau requis. Toutes nos sessions sont <strong>encadrées par un instructeur professionnel</strong> qui assure le briefing et l'accompagnement. L'activité est accessible aux débutants.</p>

<h3>À partir de combien de personnes peut-on réserver un parcours du combattant EVG ?</h3>
<p>La majorité de nos partenaires acceptent les groupes <strong>à partir de 4 à 6 personnes</strong>. Au-delà de 12-15 participants, plusieurs créneaux sont organisés. Les conditions exactes varient selon la destination.</p>

<h3>Que faut-il prévoir pour un parcours du combattant EVG ?</h3>
<p>Une <strong>pièce d'identité valide</strong> est généralement demandée. Le matériel et l'encadrement sont fournis par notre partenaire local. Prévoyez une tenue adaptée et des chaussures fermées. Détails complets fournis à la réservation.</p>

<h3>Dans quelles villes peut-on faire un parcours du combattant EVG ?</h3>
<p>L'activité est disponible dans <strong>1 destinations</strong> Crazy-EVG : Lyon.</p>

<h3>Comment réserver un parcours du combattant EVG ?</h3>
<p>Demandez un <a href=""https://www.crazy-evg.com/devis"">devis en 1 minute</a> sur Crazy-EVG. Notre équipe revient vers vous sous 24h avec un programme sur mesure et un tarif détaillé pour votre groupe.</p>
","830","{
  ""@context"": ""https://schema.org"",
  ""@graph"": [
    {
      ""@type"": ""Service"",
      ""@id"": ""https://www.crazy-evg.com/activity-category/parcours-du-combattant-evg#service"",
      ""name"": ""Parcours du combattant EVG"",
      ""alternateName"": ""stage commando evg"",
      ""description"": ""Stage commando pour son EVG : parcours du combattant encadré par d'anciens militaires. Vos potes vont en baver. Devis en 1 min, 6 destinations."",
      ""serviceType"": ""Activité EVG"",
      ""category"": ""Enterrement de vie de garçon"",
      ""url"": ""https://www.crazy-evg.com/activity-category/parcours-du-combattant-evg"",
      ""provider"": {
        ""@type"": ""Organization"",
        ""@id"": ""https://www.crazy-evg.com/#organization"",
        ""name"": ""Crazy-EVG"",
        ""url"": ""https://www.crazy-evg.com"",
        ""telephone"": ""+33176215730"",
        ""email"": ""contact@crazy-evg.com"",
        ""address"": {
          ""@type"": ""PostalAddress"",
          ""streetAddress"": ""8 rue du Faubourg Poissonnière"",
          ""postalCode"": ""75010"",
          ""addressLocality"": ""Paris"",
          ""addressCountry"": ""FR""
        }
      },
      ""areaServed"": [
        {
          ""@type"": ""City"",
          ""name"": ""Lyon""
        }
      ],
      ""audience"": {
        ""@type"": ""Audience"",
        ""audienceType"": ""Groupe d'amis - Enterrement de vie de garçon"",
        ""suggestedMinAge"": 18
      },
      ""offers"": {
        ""@type"": ""AggregateOffer"",
        ""priceCurrency"": ""EUR"",
        ""lowPrice"": ""89"",
        ""highPrice"": ""159"",
        ""offerCount"": ""1"",
        ""availability"": ""https://schema.org/InStock""
      }
    },
    {
      ""@type"": ""FAQPage"",
      ""@id"": ""https://www.crazy-evg.com/activity-category/parcours-du-combattant-evg#faq"",
      ""mainEntity"": [
        {
          ""@type"": ""Question"",
          ""name"": ""Combien coûte un parcours du combattant pour un EVG ?"",
          ""acceptedAnswer"": {
            ""@type"": ""Answer"",
            ""text"": ""Le tarif d'un parcours du combattant EVG est compris entre 89 € et 159 € par personne. Le prix varie selon la destination, la taille du groupe et les options choisies. Demandez un devis en 1 minute pour un tarif personnalisé.""
          }
        },
        {
          ""@type"": ""Question"",
          ""name"": ""Combien de temps dure un parcours du combattant EVG ?"",
          ""acceptedAnswer"": {
            ""@type"": ""Answer"",
            ""text"": ""La durée varie selon la formule, généralement entre 1h et 4h transferts inclus. Consultez la fiche détaillée de chaque destination pour le programme précis.""
          }
        },
        {
          ""@type"": ""Question"",
          ""name"": ""Faut-il un niveau particulier pour faire un parcours du combattant EVG ?"",
          ""acceptedAnswer"": {
            ""@type"": ""Answer"",
            ""text"": ""Aucun niveau requis. Toutes nos sessions sont encadrées par un instructeur professionnel qui assure le briefing et l'accompagnement. L'activité est accessible aux débutants.""
          }
        },
        {
          ""@type"": ""Question"",
          ""name"": ""À partir de combien de personnes peut-on réserver un parcours du combattant EVG ?"",
          ""acceptedAnswer"": {
            ""@type"": ""Answer"",
            ""text"": ""La majorité de nos partenaires acceptent les groupes à partir de 4 à 6 personnes. Les conditions exactes varient selon la destination. Au-delà de 12-15 participants, plusieurs créneaux sont organisés.""
          }
        },
        {
          ""@type"": ""Question"",
          ""name"": ""Que faut-il prévoir pour un parcours du combattant EVG ?"",
          ""acceptedAnswer"": {
            ""@type"": ""Answer"",
            ""text"": ""Une pièce d'identité valide est généralement demandée. Le matériel et l'encadrement sont fournis par notre partenaire local. Prévoyez une tenue adaptée et des chaussures fermées. Détails complets fournis à la réservation.""
          }
        },
        {
          ""@type"": ""Question"",
          ""name"": ""Dans quelles villes peut-on faire un parcours du combattant EVG ?"",
          ""acceptedAnswer"": {
            ""@type"": ""Answer"",
            ""text"": ""L'activité parcours du combattant est disponible dans 1 destinations Crazy-EVG : Lyon.""
          }
        },
        {
          ""@type"": ""Question"",
          ""name"": ""Comment réserver un parcours du combattant EVG ?"",
          ""acceptedAnswer"": {
            ""@type"": ""Answer"",
            ""text"": ""Demandez un devis en 1 minute sur Crazy-EVG. Notre équipe revient vers vous sous 24h avec un programme sur mesure et un tarif détaillé pour votre groupe.""
          }
        }
      ]
    },
    {
      ""@type"": ""BreadcrumbList"",
      ""@id"": ""https://www.crazy-evg.com/activity-category/parcours-du-combattant-evg#breadcrumb"",
      ""itemListElement"": [
        {
          ""@type"": ""ListItem"",
          ""position"": 1,
          ""name"": ""Accueil"",
          ""item"": ""https://www.crazy-evg.com/""
        },
        {
          ""@type"": ""ListItem"",
          ""position"": 2,
          ""name"": ""Activités EVG"",
          ""item"": ""https://www.crazy-evg.com/activites-evg""
        },
        {
          ""@type"": ""ListItem"",
          ""position"": 3,
          ""name"": ""Stage commando EVG : parcours du combattant"",
          ""item"": ""https://www.crazy-evg.com/activity-category/parcours-du-combattant-evg""
        }
      ]
    }
  ]
}","5389"
"https://www.crazy-evg.com/activity-category/corrida-evg","corrida-evg","Corrida","P1 - Quick win","","corrida evg","Corrida | Activité EVG | Crazy-EVG","Pour votre enterrement de vie de garçon, faites l'expérience d'une corrida avec un vrai taureau. N'ayez pas peur et devenez un vrai matador votre EVG.","Corrida EVG : combat de taureau | Crazy-EVG","43","Corrida EVG : devenez matador le temps d'une après-midi avec un vrai taureau. Une activité unique pour un enterrement de vie de garçon mémorable.","145","Corrida EVG","30","218","0,13761468","6,54587156","<h1>Corrida EVG : devenez matador le temps d'un après-midi</h1>

<!-- BLOC A -->
<p>La <strong>corrida EVG</strong> est l'une des activités les plus authentiques et les plus dépaysantes qu'on puisse offrir au futur marié pour son enterrement de vie de garçon. Direction l'Espagne, dans un <strong>vrai ranch andalou</strong>, où le groupe va découvrir l'art de la tauromachie en se confrontant à de jeunes taureaux et vaches.</p>

<p>Pas question de combattre un toro adulte de 600 kg : ici, on vous initie en sécurité avec des animaux jeunes, encadrés par un instructeur professionnel. L'occasion d'enfiler la <strong>cape rouge</strong>, d'apprendre les passes de base et de découvrir l'<strong>adrénaline du matador</strong>. Une activité unique qui marquera durablement la mémoire de votre <a href=""https://www.crazy-evg.com/enterrement-de-vie-de-garcon"">EVG</a>.</p>

<!-- BLOC B -->
<h2>Pourquoi choisir la corrida pour son EVG ?</h2>
<ul>
  <li><strong>Une activité rare :</strong> peu de groupes d'EVG osent la corrida. Garantie 100 % de surprendre le futur marié et son groupe.</li>
  <li><strong>Sans danger réel :</strong> les animaux sont jeunes, l'instructeur est en permanence dans l'arène pour intervenir si besoin.</li>
  <li><strong>Une journée complète :</strong> visite du ranch, balade au milieu des taureaux, déjeuner andalou (paella ou BBQ), corrida en après-midi.</li>
  <li><strong>Expérience culturelle :</strong> immersion authentique dans la tradition tauromachique espagnole, briefing par un torero.</li>
</ul>

<!-- BLOC C -->
<h2>Comment se déroule une journée corrida EVG ?</h2>
<p>Le programme typique débute en milieu de matinée : transfert depuis votre hébergement vers le ranch, situé à environ 1h de Madrid. Sur place, accueil par votre <strong>guide locale francophone</strong> et visite du domaine. Vous découvrez l'<strong>élevage de taureaux de combat</strong>, les écuries, et observez les jeunes bêtes en pâture.</p>

<p>Vient ensuite l'<strong>apéro andalou</strong> (tapas, bière, vin) suivi du <strong>déjeuner offert sur place</strong> : paella géante ou barbecue, bières, vin et softs à volonté. C'est le moment de prendre des forces et d'écouter les conseils de votre instructeur — souvent un ancien torero — qui vous explique les passes de base : <em>verónica</em>, <em>natural</em>, <em>derechazo</em>.</p>

<p>L'après-midi, place à l'<strong>initiation dans l'arène</strong>. Chaque participant peut entrer un par un (ou en binôme) face à de jeunes taureaux ou vaches. Capote en main, vous tentez vos premières passes sous l'œil du pro. Photos, vidéos et fous rires garantis. Comptez 4 à 5 heures sur place, transferts compris.</p>

<!-- BLOC D -->
<h2>Ce qui est inclus dans la corrida EVG</h2>
<ul>
  <li>Transfert A/R en minibus privatisé depuis Madrid</li>
  <li>Guide locale francophone toute la journée</li>
  <li>Visite du ranch et de l'élevage</li>
  <li>Balade pour observer les jeunes taureaux</li>
  <li>Apéro tapas + déjeuner andalou (paella ou BBQ)</li>
  <li>Bières, vin et softs à volonté pendant le repas</li>
  <li>Briefing de sécurité par un torero professionnel</li>
  <li>Initiation à la corrida avec plusieurs jeunes taureaux et vaches</li>
  <li>Encadrement permanent par un instructeur dans l'arène</li>
  <li>Capote (cape) prêtée pour les passes</li>
</ul>

<!-- BLOC E -->
<h2>Combien coûte une corrida EVG ?</h2>
<table>
  <thead><tr><th>Critère</th><th>Fourchette</th><th>Précisions</th></tr></thead>
  <tbody>
    <tr><td>Tarif par personne</td><td>120 € à 180 €</td><td>Repas et transfert inclus</td></tr>
    <tr><td>Durée</td><td>5 à 6 heures</td><td>Transferts depuis Madrid inclus</td></tr>
    <tr><td>Taille du groupe</td><td>6 à 20 pers.</td><td>Idéal entre 8 et 14</td></tr>
    <tr><td>Jours disponibles</td><td>Samedis principalement</td><td>Quelques vendredis et dimanches</td></tr>
    <tr><td>Délai de réservation</td><td>14 jours min.</td><td>Coordination avec le ranch</td></tr>
  </tbody>
</table>

<p><strong>À noter :</strong> il est <strong>fortement déconseillé de participer en état d'ébriété</strong>. Même avec de jeunes taureaux, le risque de chute existe. Le ranch se réserve le droit de refuser tout participant manifestement alcoolisé.</p>

<!-- BLOC F -->
<h2>Où faire une corrida pour un EVG ?</h2>
<p>La <strong>corrida EVG</strong> est une exclusivité <strong>Madrid</strong>. La capitale espagnole concentre les meilleurs ranchs partenaires, à seulement 1h du centre-ville. C'est aussi la destination idéale pour combiner cette activité avec une nuit de fête à <strong>Gran Vía</strong> ou un dîner tapas authentique.</p>

<!-- BLOC G -->
<h3>Combiner la corrida avec un EVG complet à Madrid</h3>
<p>La corrida occupe une journée complète. Pour optimiser le séjour, voici les combinaisons les plus demandées :</p>
<ul>
  <li><strong>Vendredi soir</strong> : tournée des bars et boîte VIP à Madrid</li>
  <li><strong>Samedi matin/après-midi</strong> : <a href=""https://www.crazy-evg.com/enterrement-de-vie-de-garcon-madrid/corrida-activites"">corrida au ranch</a></li>
  <li><strong>Samedi soir</strong> : dîner tapas + party bus + strip club</li>
</ul>

<!-- BLOC H -->
<h2>Ces activités EVG vont aussi vous plaire</h2>
<ul>
  <li><a href=""https://www.crazy-evg.com/activity-category/initiation-tir-shooting-evg"">Stand de tir EVG</a> — autre activité d'adrénaline encadrée</li>
  <li><a href=""https://www.crazy-evg.com/activity-category/parcours-du-combattant-evg"">Parcours du combattant EVG</a> — mise au défi physique du futur marié</li>
  <li><a href=""https://www.crazy-evg.com/activity-category/quad-buggy-evg"">Quad & buggy EVG</a> — sensations en plein air, version moteur</li>
  <li><a href=""https://www.crazy-evg.com/activity-category/karting-evg"">Karting EVG</a> — alternative pour les groupes plus mécanos</li>
</ul>

<!-- BLOC I -->
<h2>FAQ — Corrida EVG</h2>

<h3>Combien coûte une corrida pour un EVG ?</h3>
<p>Une corrida EVG coûte entre <strong>120 € et 180 € par personne</strong> à Madrid, transferts depuis le centre-ville et déjeuner andalou inclus. Le tarif baisse pour les groupes de plus de 10 personnes.</p>

<h3>La corrida EVG est-elle dangereuse ?</h3>
<p>Non, l'activité utilise exclusivement de <strong>jeunes taureaux et vaches</strong> (vaquillas), bien moins agressifs que les toros de combat adultes. Un instructeur professionnel reste dans l'arène à chaque passage. Il est cependant recommandé de ne pas y participer en état d'ébriété.</p>

<h3>Combien de temps dure une corrida EVG ?</h3>
<p>Comptez <strong>5 à 6 heures sur place</strong>, transferts depuis Madrid inclus. La journée comprend la visite du ranch, l'apéro, le déjeuner et l'initiation dans l'arène.</p>

<h3>Faut-il avoir un niveau particulier ?</h3>
<p>Aucun niveau requis. L'instructeur briefe chaque participant sur les passes de base (<em>verónica</em>, <em>derechazo</em>) avant l'entrée dans l'arène. L'activité est accessible à toute personne en bonne condition physique générale.</p>

<h3>À partir de combien de personnes peut-on réserver ?</h3>
<p>Le ranch accueille les groupes <strong>à partir de 6 participants</strong>. La taille idéale se situe entre 8 et 14 pour bénéficier d'un bon ratio temps individuel/coût/ambiance.</p>

<h3>Dans quelles villes peut-on faire une corrida pour un EVG ?</h3>
<p>L'activité est disponible exclusivement à <strong>Madrid</strong>, qui concentre les meilleurs ranchs tauromachiques d'Espagne accessibles en EVG.</p>

<h3>Comment réserver une corrida EVG ?</h3>
<p>Demandez un <a href=""https://www.crazy-evg.com/devis"">devis en 1 minute</a>. Réservation conseillée <strong>14 jours minimum à l'avance</strong>, le ranch ne fonctionnant que certains jours par semaine.</p>","977","{
  ""@context"": ""https://schema.org"",
  ""@graph"": [
    {
      ""@type"": ""Service"",
      ""@id"": ""https://www.crazy-evg.com/activity-category/corrida-evg#service"",
      ""name"": ""Corrida EVG"",
      ""alternateName"": ""corrida evg"",
      ""description"": ""Corrida EVG : devenez matador le temps d'une après-midi avec un vrai taureau. Une activité unique pour un enterrement de vie de garçon mémorable."",
      ""serviceType"": ""Activité EVG"",
      ""category"": ""Enterrement de vie de garçon"",
      ""url"": ""https://www.crazy-evg.com/activity-category/corrida-evg"",
      ""provider"": {
        ""@type"": ""Organization"",
        ""@id"": ""https://www.crazy-evg.com/#organization"",
        ""name"": ""Crazy-EVG"",
        ""url"": ""https://www.crazy-evg.com"",
        ""telephone"": ""+33176215730"",
        ""email"": ""contact@crazy-evg.com"",
        ""address"": {
          ""@type"": ""PostalAddress"",
          ""streetAddress"": ""8 rue du Faubourg Poissonnière"",
          ""postalCode"": ""75010"",
          ""addressLocality"": ""Paris"",
          ""addressCountry"": ""FR""
        }
      },
      ""areaServed"": [
        {
          ""@type"": ""City"",
          ""name"": ""Madrid""
        }
      ],
      ""audience"": {
        ""@type"": ""Audience"",
        ""audienceType"": ""Groupe d'amis - Enterrement de vie de garçon"",
        ""suggestedMinAge"": 18
      },
      ""offers"": {
        ""@type"": ""AggregateOffer"",
        ""priceCurrency"": ""EUR"",
        ""lowPrice"": ""120"",
        ""highPrice"": ""180"",
        ""offerCount"": ""1"",
        ""availability"": ""https://schema.org/InStock""
      }
    },
    {
      ""@type"": ""FAQPage"",
      ""@id"": ""https://www.crazy-evg.com/activity-category/corrida-evg#faq"",
      ""mainEntity"": [
        {
          ""@type"": ""Question"",
          ""name"": ""Combien coûte un corrida pour un EVG ?"",
          ""acceptedAnswer"": {
            ""@type"": ""Answer"",
            ""text"": ""Le tarif d'un corrida EVG est compris entre 120 € et 180 € par personne. Le prix varie selon la destination, la taille du groupe et les options choisies. Demandez un devis en 1 minute pour un tarif personnalisé.""
          }
        },
        {
          ""@type"": ""Question"",
          ""name"": ""Combien de temps dure un corrida EVG ?"",
          ""acceptedAnswer"": {
            ""@type"": ""Answer"",
            ""text"": ""La durée varie selon la formule, généralement entre 1h et 4h transferts inclus. Consultez la fiche détaillée de chaque destination pour le programme précis.""
          }
        },
        {
          ""@type"": ""Question"",
          ""name"": ""Faut-il un niveau particulier pour faire un corrida EVG ?"",
          ""acceptedAnswer"": {
            ""@type"": ""Answer"",
            ""text"": ""Aucun niveau requis. Toutes nos sessions sont encadrées par un instructeur professionnel qui assure le briefing et l'accompagnement. L'activité est accessible aux débutants.""
          }
        },
        {
          ""@type"": ""Question"",
          ""name"": ""À partir de combien de personnes peut-on réserver un corrida EVG ?"",
          ""acceptedAnswer"": {
            ""@type"": ""Answer"",
            ""text"": ""La majorité de nos partenaires acceptent les groupes à partir de 4 à 6 personnes. Les conditions exactes varient selon la destination. Au-delà de 12-15 participants, plusieurs créneaux sont organisés.""
          }
        },
        {
          ""@type"": ""Question"",
          ""name"": ""Que faut-il prévoir pour un corrida EVG ?"",
          ""acceptedAnswer"": {
            ""@type"": ""Answer"",
            ""text"": ""Une pièce d'identité valide est généralement demandée. Le matériel et l'encadrement sont fournis par notre partenaire local. Prévoyez une tenue adaptée et des chaussures fermées. Détails complets fournis à la réservation.""
          }
        },
        {
          ""@type"": ""Question"",
          ""name"": ""Dans quelles villes peut-on faire un corrida EVG ?"",
          ""acceptedAnswer"": {
            ""@type"": ""Answer"",
            ""text"": ""L'activité corrida est disponible dans 1 destinations Crazy-EVG : Madrid.""
          }
        },
        {
          ""@type"": ""Question"",
          ""name"": ""Comment réserver un corrida EVG ?"",
          ""acceptedAnswer"": {
            ""@type"": ""Answer"",
            ""text"": ""Demandez un devis en 1 minute sur Crazy-EVG. Notre équipe revient vers vous sous 24h avec un programme sur mesure et un tarif détaillé pour votre groupe.""
          }
        }
      ]
    },
    {
      ""@type"": ""BreadcrumbList"",
      ""@id"": ""https://www.crazy-evg.com/activity-category/corrida-evg#breadcrumb"",
      ""itemListElement"": [
        {
          ""@type"": ""ListItem"",
          ""position"": 1,
          ""name"": ""Accueil"",
          ""item"": ""https://www.crazy-evg.com/""
        },
        {
          ""@type"": ""ListItem"",
          ""position"": 2,
          ""name"": ""Activités EVG"",
          ""item"": ""https://www.crazy-evg.com/activites-evg""
        },
        {
          ""@type"": ""ListItem"",
          ""position"": 3,
          ""name"": ""Corrida EVG : combat de taureau"",
          ""item"": ""https://www.crazy-evg.com/activity-category/corrida-evg""
        }
      ]
    }
  ]
}","5156"
"https://www.crazy-evg.com/activity-category/conduite-ferrari-evg","conduite-ferrari-evg","Conduite Ferrari","P3 - Cold page","A optimisée","conduite ferrari evg","Test Ferrari | Activité EVG | Crazy-EVG","Pour son enterrement de vie de garçon, faites conduire une Ferrari à votre pote. Offrez lui un énorme kiff à bord de cette merveille lors de son EVG","Conduite Ferrari EVG : pilotage sur circuit | Crazy-EVG","55","Offrez une conduite Ferrari pour son EVG : pilotage sur circuit, encadré par un instructeur. Le kiff ultime pour son enterrement de vie de garçon.","146","Conduite Ferrari EVG","0","3","0","6,66666667","<!-- Page: https://www.crazy-evg.com/activity-category/conduite-ferrari-evg -->
<!-- Title: Conduite Ferrari EVG : pilotage sur circuit | Crazy-EVG -->
<!-- Meta: Offrez une conduite Ferrari pour son EVG : pilotage sur circuit, encadré par un instructeur. Le kiff ultime pour son enterrement de vie de garçon. -->

<h1>Conduite Ferrari EVG</h1>

<!-- BLOC A — Introduction -->
<p>La <strong>conduite Ferrari EVG</strong> (et plus largement le <strong>pilotage de voiture sportive</strong> : Lamborghini, Porsche, Audi R8) est l'expérience qu'on offre quand on veut marquer un coup. Le futur marié prend le volant d'une véritable supercar sur circuit privé, encadré par un instructeur professionnel, sur 2 à 5 tours selon la formule.</p>
<p>Disponible à Amsterdam et Berlin (et étendable sur demande à d'autres destinations), la <strong>conduite voiture sportive EVG</strong> combine sensations pures, fierté de gosse et photos cultissimes. Comptez 30 min à 1h sur place, briefing et tour passager inclus.</p>

<!-- BLOC B — Pourquoi choisir -->
<h2>Pourquoi choisir le conduite ferrari pour son EVG ?</h2>
<ul>
  <li><strong>Vraie Ferrari, vrai circuit :</strong> ce n'est pas un simulateur, c'est du pilotage réel.</li>
  <li><strong>Encadrement par un instructeur pro :</strong> en place passager, briefing complet.</li>
  <li><strong>Expérience d'exception :</strong> la supercar, le rugissement, l'odeur du carburant.</li>
  <li><strong>Souvenir vidéo :</strong> caméra embarquée, vidéo de votre passage à emporter.</li>
</ul>

<!-- BLOC C — L'expérience en détail -->
<h2>L'expérience conduite ferrari en détail</h2>
<p>Session type :</p>
<p><strong>À Barcelone :</strong> Le futur marié est fan de bolide et vous cherchez une activité qui lui fera vraiment plaisir pendant son enterrement de vie de garçon à Barcelone ? Dans ce cas, faites lui faire la Conduite de Ferrari ! Et pas n'importe laquelle, la F430 F1 ! Un véritable chef d'œuvre, une vraie œuvre d'art...</p>
<p><strong>À Milan :</strong> Attention : cette activité est destinée à des personnes ayant déjà une expérience préalable sur circuit. Offrez au marié une expérience inoubliable lors de son enterrement de vie de garçon à Milan avec la conduite d'une Ferrari 458 Italia! Plongez dans le monde de la course automobile avec un cours </p>

<!-- BLOC D — Ce qui est inclus -->
<h2>Ce qui est inclus dans un conduite ferrari EVG</h2>
<ul>
  <li>Cours de pilotage dispensé par des pilotes professionnels</li>
  <li>1 tour d'expérience sur une voiture pour découvrir la piste avec un pilote de course qualifié</li>
  <li>Vidéo</li>
  <li>Carburant inclus</li>
  <li>Assurance voiture incluse</li>
  <li>Permis de conduire obligatoire! Merci de le ramener avec vous le jour J</li>
  <li>Tour de la ville en Ferrari pour le marié</li>
  <li>20 minutes en tant que conducteur</li>
  <li>Un instructeur en tant que co-pilote</li>
  <li>Une photo pour immortaliser ce moment inoubliable</li>
</ul>

<!-- BLOC E — Tarif -->
<h2>Combien coûte un conduite ferrari EVG ?</h2>
<table>
  <thead><tr><th>Critère</th><th>Fourchette</th><th>Précisions</th></tr></thead>
  <tbody>
    <tr><td>Tarif</td><td><strong>149 € à 349 € par personne</strong></td><td>Selon la destination et la formule</td></tr>
    <tr><td>Durée</td><td>1h à 4h</td><td>Transferts inclus selon les destinations</td></tr>
    <tr><td>Taille du groupe</td><td>Selon la formule, généralement 4 à 15+ pers.</td><td>Au-delà : créneaux multiples</td></tr>
    <tr><td>Nombre de destinations</td><td>2</td><td>Voir la grille ci-dessous</td></tr>
    <tr><td>Délai de réservation</td><td>5 à 14 jours</td><td>Selon la destination et la saison</td></tr>
  </tbody>
</table>

<p><strong>Note :</strong> selon les destinations, plusieurs modèles de supercars sont disponibles (Ferrari 458, Lamborghini Huracán, Porsche 911 GT3). Pour une activité de pilotage sur piste plus accessible, voir aussi notre <a href=""https://www.crazy-evg.com/activity-category/karting-evg"">karting EVG</a>.</p>

<!-- BLOC F — Destinations -->
<h2>Où faire un conduite ferrari pour un EVG ?</h2>
<p>L'activité <strong>Conduite Ferrari EVG</strong> est disponible dans <strong>2 destinations</strong> Crazy-EVG : Barcelone, Milan.</p>

<!-- BLOC G — Comparatif destinations -->
<h3>Comparatif rapide des destinations</h3>
<ul>
  <li><strong><a href=""https://www.crazy-evg.com/enterrement-de-vie-de-garcon-barcelone/conduite-ferrari-activites"">Conduite Ferrari EVG à Barcelone</a></strong> — Le futur marié est fan de bolide et vous cherchez une activité qui lui fera vraiment plaisir pendant son enterrement de vie de garçon à Barcelone ? Dans ce cas, faites lui faire la Conduite de Ferrari ! Et pas n'importe laquelle, la F430 F1 ! Un véritable chef d'œuvre, une vraie </li>
  <li><strong><a href=""https://www.crazy-evg.com/enterrement-de-vie-de-garcon-milan/conduite-ferrari-activites"">Conduite Ferrari EVG à Milan</a></strong> — Attention : cette activité est destinée à des personnes ayant déjà une expérience préalable sur circuit. Offrez au marié une expérience inoubliable lors de son enterrement de vie de garçon à Milan avec la conduite d'une Ferrari 458 Italia! Plongez dans le monde de la course autom</li>
  <li><strong><a href=""https://www.crazy-evg.com/enterrement-de-vie-de-garcon-milan/conduite-ferrari-activites"">Conduite Ferrari EVG à Milan</a></strong> — Vivez une journée exceptionnelle en offrant au marié une expérience de conduite unique avec une Formula 4 une Ferrari 458 Italia! Le marié est un grand fan de vitesse ? Aurait-il aimé être un pilote comme Hamilton ? Aidez-le à se rapprocher de son rêve en lui faisant conduire de </li>
</ul>

<!-- BLOC H — Activités liées -->
<h2>Ces activités EVG vont aussi vous plaire</h2>
<ul>
  <li><a href=""https://www.crazy-evg.com/activity-category/karting-evg"">Karting EVG</a></li>
  <li><a href=""https://www.crazy-evg.com/activity-category/quad-buggy-evg"">Quad & buggy EVG</a></li>
  <li><a href=""https://www.crazy-evg.com/activity-category/conduite-char-d-assaut-evg"">Conduite char d'assaut EVG</a></li>
  <li><a href=""https://www.crazy-evg.com/activity-category/jet-ski-evg"">Jet ski EVG</a></li>
  <li><a href=""https://www.crazy-evg.com/activity-category/flyboard-evg"">Flyboard EVG</a></li>
</ul>

<!-- BLOC I — FAQ -->
<h2>FAQ — Conduite Ferrari EVG</h2>

<h3>Combien coûte un conduite ferrari pour un EVG ?</h3>
<p>Le tarif d'un conduite ferrari EVG est compris <strong>entre 149 € et 349 € par personne</strong>. Le prix varie selon la destination, la taille du groupe et les options choisies. Demandez un <a href=""https://www.crazy-evg.com/devis"">devis en 1 minute</a> pour un tarif personnalisé.</p>

<h3>Combien de temps dure un conduite ferrari EVG ?</h3>
<p>La durée varie selon la formule, généralement <strong>entre 1h et 4h transferts inclus</strong>. Consultez la fiche détaillée de chaque destination pour le programme précis.</p>

<h3>Faut-il un niveau particulier pour faire un conduite ferrari EVG ?</h3>
<p>Aucun niveau requis. Toutes nos sessions sont <strong>encadrées par un instructeur professionnel</strong> qui assure le briefing et l'accompagnement. L'activité est accessible aux débutants.</p>

<h3>À partir de combien de personnes peut-on réserver un conduite ferrari EVG ?</h3>
<p>La majorité de nos partenaires acceptent les groupes <strong>à partir de 4 à 6 personnes</strong>. Au-delà de 12-15 participants, plusieurs créneaux sont organisés. Les conditions exactes varient selon la destination.</p>

<h3>Que faut-il prévoir pour un conduite ferrari EVG ?</h3>
<p>Une <strong>pièce d'identité valide</strong> est généralement demandée. Le matériel et l'encadrement sont fournis par notre partenaire local. Prévoyez une tenue adaptée et des chaussures fermées. Détails complets fournis à la réservation.</p>

<h3>Dans quelles villes peut-on faire un conduite ferrari EVG ?</h3>
<p>L'activité est disponible dans <strong>2 destinations</strong> Crazy-EVG : Barcelone, Milan.</p>

<h3>Comment réserver un conduite ferrari EVG ?</h3>
<p>Demandez un <a href=""https://www.crazy-evg.com/devis"">devis en 1 minute</a> sur Crazy-EVG. Notre équipe revient vers vous sous 24h avec un programme sur mesure et un tarif détaillé pour votre groupe.</p>
","1040","{
  ""@context"": ""https://schema.org"",
  ""@graph"": [
    {
      ""@type"": ""Service"",
      ""@id"": ""https://www.crazy-evg.com/activity-category/conduite-ferrari-evg#service"",
      ""name"": ""Conduite Ferrari EVG"",
      ""alternateName"": ""conduite ferrari evg"",
      ""description"": ""Offrez une conduite Ferrari pour son EVG : pilotage sur circuit, encadré par un instructeur. Le kiff ultime pour son enterrement de vie de garçon."",
      ""serviceType"": ""Activité EVG"",
      ""category"": ""Enterrement de vie de garçon"",
      ""url"": ""https://www.crazy-evg.com/activity-category/conduite-ferrari-evg"",
      ""provider"": {
        ""@type"": ""Organization"",
        ""@id"": ""https://www.crazy-evg.com/#organization"",
        ""name"": ""Crazy-EVG"",
        ""url"": ""https://www.crazy-evg.com"",
        ""telephone"": ""+33176215730"",
        ""email"": ""contact@crazy-evg.com"",
        ""address"": {
          ""@type"": ""PostalAddress"",
          ""streetAddress"": ""8 rue du Faubourg Poissonnière"",
          ""postalCode"": ""75010"",
          ""addressLocality"": ""Paris"",
          ""addressCountry"": ""FR""
        }
      },
      ""areaServed"": [
        {
          ""@type"": ""City"",
          ""name"": ""Barcelone""
        },
        {
          ""@type"": ""City"",
          ""name"": ""Milan""
        }
      ],
      ""audience"": {
        ""@type"": ""Audience"",
        ""audienceType"": ""Groupe d'amis - Enterrement de vie de garçon"",
        ""suggestedMinAge"": 18
      },
      ""offers"": {
        ""@type"": ""AggregateOffer"",
        ""priceCurrency"": ""EUR"",
        ""lowPrice"": ""149"",
        ""highPrice"": ""349"",
        ""offerCount"": ""2"",
        ""availability"": ""https://schema.org/InStock""
      }
    },
    {
      ""@type"": ""FAQPage"",
      ""@id"": ""https://www.crazy-evg.com/activity-category/conduite-ferrari-evg#faq"",
      ""mainEntity"": [
        {
          ""@type"": ""Question"",
          ""name"": ""Combien coûte un conduite ferrari pour un EVG ?"",
          ""acceptedAnswer"": {
            ""@type"": ""Answer"",
            ""text"": ""Le tarif d'un conduite ferrari EVG est compris entre 149 € et 349 € par personne. Le prix varie selon la destination, la taille du groupe et les options choisies. Demandez un devis en 1 minute pour un tarif personnalisé.""
          }
        },
        {
          ""@type"": ""Question"",
          ""name"": ""Combien de temps dure un conduite ferrari EVG ?"",
          ""acceptedAnswer"": {
            ""@type"": ""Answer"",
            ""text"": ""La durée varie selon la formule, généralement entre 1h et 4h transferts inclus. Consultez la fiche détaillée de chaque destination pour le programme précis.""
          }
        },
        {
          ""@type"": ""Question"",
          ""name"": ""Faut-il un niveau particulier pour faire un conduite ferrari EVG ?"",
          ""acceptedAnswer"": {
            ""@type"": ""Answer"",
            ""text"": ""Aucun niveau requis. Toutes nos sessions sont encadrées par un instructeur professionnel qui assure le briefing et l'accompagnement. L'activité est accessible aux débutants.""
          }
        },
        {
          ""@type"": ""Question"",
          ""name"": ""À partir de combien de personnes peut-on réserver un conduite ferrari EVG ?"",
          ""acceptedAnswer"": {
            ""@type"": ""Answer"",
            ""text"": ""La majorité de nos partenaires acceptent les groupes à partir de 4 à 6 personnes. Les conditions exactes varient selon la destination. Au-delà de 12-15 participants, plusieurs créneaux sont organisés.""
          }
        },
        {
          ""@type"": ""Question"",
          ""name"": ""Que faut-il prévoir pour un conduite ferrari EVG ?"",
          ""acceptedAnswer"": {
            ""@type"": ""Answer"",
            ""text"": ""Une pièce d'identité valide est généralement demandée. Le matériel et l'encadrement sont fournis par notre partenaire local. Prévoyez une tenue adaptée et des chaussures fermées. Détails complets fournis à la réservation.""
          }
        },
        {
          ""@type"": ""Question"",
          ""name"": ""Dans quelles villes peut-on faire un conduite ferrari EVG ?"",
          ""acceptedAnswer"": {
            ""@type"": ""Answer"",
            ""text"": ""L'activité conduite ferrari est disponible dans 2 destinations Crazy-EVG : Barcelone, Milan.""
          }
        },
        {
          ""@type"": ""Question"",
          ""name"": ""Comment réserver un conduite ferrari EVG ?"",
          ""acceptedAnswer"": {
            ""@type"": ""Answer"",
            ""text"": ""Demandez un devis en 1 minute sur Crazy-EVG. Notre équipe revient vers vous sous 24h avec un programme sur mesure et un tarif détaillé pour votre groupe.""
          }
        }
      ]
    },
    {
      ""@type"": ""BreadcrumbList"",
      ""@id"": ""https://www.crazy-evg.com/activity-category/conduite-ferrari-evg#breadcrumb"",
      ""itemListElement"": [
        {
          ""@type"": ""ListItem"",
          ""position"": 1,
          ""name"": ""Accueil"",
          ""item"": ""https://www.crazy-evg.com/""
        },
        {
          ""@type"": ""ListItem"",
          ""position"": 2,
          ""name"": ""Activités EVG"",
          ""item"": ""https://www.crazy-evg.com/activites-evg""
        },
        {
          ""@type"": ""ListItem"",
          ""position"": 3,
          ""name"": ""Conduite Ferrari EVG : pilotage sur circuit"",
          ""item"": ""https://www.crazy-evg.com/activity-category/conduite-ferrari-evg""
        }
      ]
    }
  ]
}","5398"
"https://www.crazy-evg.com/activity-category/striptease-domicile-evg","striptease-domicile-evg","Striptease Domicile","P1 - Quick win","Optimisée","strip tease a domicile​","#N/A","#N/A","Strip-tease à domicile EVG : show privé | Crazy-EVG","51","Strip-tease à domicile pour son EVG : showgirl pro à votre appart ou hôtel, dans 25 destinations. Discret, simple, efficace. Devis en 1 minute.","143","Strip-tease à domicile EVG","211","3083","0,06843983","7,12747324","<h1>Strip-tease à domicile EVG : show privé pour le futur marié</h1>

<!-- BLOC A -->
<p>Le <strong>strip-tease à domicile</strong> est <strong>L'animation incontournable</strong> de tout enterrement de vie de garçon qui se respecte. Plutôt que de traîner le groupe dans un strip club, on inverse la formule : <strong>la stripteaseuse vient à vous</strong>, dans votre appartement, votre villa ou votre hôtel, pour un show privé de 15 minutes en exclusivité pour le futur marié.</p>

<p>Avec <strong>25 destinations couvertes</strong> partout en Europe, c'est l'activité la plus flexible du catalogue Crazy-EVG : possible en pleine journée pour un apéro animé, en soirée avant la sortie en boîte, ou même en complément d'un <a href=""https://www.crazy-evg.com/activity-category/diner-strip-evg"">dîner privatisé</a>. Discret, fun, intime — le format parfait pour célébrer son <a href=""https://www.crazy-evg.com/enterrement-de-vie-de-garcon"">EVG</a> entre potes.</p>

<!-- BLOC B -->
<h2>Pourquoi choisir le strip-tease à domicile pour son EVG ?</h2>
<ul>
  <li><strong>Confort total :</strong> pas besoin de bouger, l'artiste vient à vous. Idéal pour un groupe déjà à l'apéro.</li>
  <li><strong>Show privé garanti :</strong> contrairement à un strip club, vous êtes seuls. La stripteaseuse danse uniquement pour le futur marié.</li>
  <li><strong>3 formats au choix :</strong> show <em>comique</em>, <em>sexy</em> ou <em>intégral</em>, à régler avec la guide en amont.</li>
  <li><strong>Tarif maîtrisé :</strong> forfait pour le groupe, pas de coût par personne.</li>
  <li><strong>25 destinations :</strong> de Paris à Lisbonne en passant par Prague et Berlin, plus la possibilité dans nos villas EVG.</li>
</ul>

<!-- BLOC C -->
<h2>Comment se déroule un strip-tease à domicile EVG ?</h2>
<p>Le rendez-vous est fixé avec votre <strong>guide locale</strong> : créneau horaire, adresse, contact dans le groupe. Un membre du groupe (le témoin de préférence) <strong>accueille la stripteaseuse</strong> à l'entrée de l'hébergement et la conduit au lieu du show — généralement le salon ou la pièce principale.</p>

<p>Le futur marié est installé sur une chaise <strong>au centre de la pièce</strong>, ses potes en cercle autour. La stripteaseuse fait son entrée en musique (matériel hi-fi apporté), démarre son show, interagit avec le marié, et déroule sa chorégraphie pendant <strong>15 minutes</strong>. Vient ensuite l'<strong>aftershow de 5 minutes</strong> : photos avec le marié et le groupe, dédicaces, fou rire.</p>

<p><strong>3 ambiances au choix</strong> selon le profil du groupe :</p>
<ul>
  <li><strong>Show comique :</strong> on mise sur la <em>""grosse Berta""</em> ou un personnage caricatural — fou rire garanti, parfait pour les groupes qui veulent surtout charrier le marié.</li>
  <li><strong>Show sexy :</strong> show classique avec déshabillage progressif, danse sensuelle, lap dance pour le marié. Le format le plus demandé.</li>
  <li><strong>Show intégral :</strong> version sans retenue, à réserver aux groupes informés et au marié à l'aise.</li>
</ul>

<!-- BLOC D -->
<h2>Ce qui est inclus dans le strip-tease à domicile EVG</h2>
<ul>
  <li>Déplacement de la stripteaseuse à votre hébergement</li>
  <li>Show privé de 15 minutes</li>
  <li>5 minutes d'aftershow pour photos avec le futur marié</li>
  <li>Choix du scénario : comique, sexy ou intégral</li>
  <li>Matériel hi-fi (enceinte, playlist) apporté par l'artiste</li>
  <li>Coordination avec la guide locale francophone/anglophone</li>
  <li>Possibilité de combiner avec une autre animation (réveil coquin, dîner strip)</li>
  <li>Confidentialité totale</li>
</ul>

<!-- BLOC E -->
<h2>Combien coûte un strip-tease à domicile EVG ?</h2>
<table>
  <thead><tr><th>Critère</th><th>Fourchette</th><th>Précisions</th></tr></thead>
  <tbody>
    <tr><td>Tarif global pour le groupe</td><td>150 € à 350 €</td><td>Forfait. À 10 pers. = ~15-35 € / tête</td></tr>
    <tr><td>Durée</td><td>15 min show + 5 min photos</td><td>20 min de présence totale</td></tr>
    <tr><td>Lieu requis</td><td>Appartement / villa / hôtel*</td><td>*Pas dans les auberges de jeunesse</td></tr>
    <tr><td>Format</td><td>Comique / sexy / intégral</td><td>À choisir en amont</td></tr>
    <tr><td>Délai de réservation</td><td>5 jours min.</td><td>3 jours en haute saison</td></tr>
  </tbody>
</table>

<p><strong>À noter :</strong> les destinations d'<strong>Europe de l'Est et du Portugal</strong> offrent les meilleurs tarifs (à partir de 150 €). À Paris, Bordeaux ou Annecy, les forfaits démarrent autour de 250 €.</p>

<!-- BLOC F -->
<h2>Où organiser un strip-tease à domicile pour un EVG ?</h2>
<p>L'activité <strong>strip-tease à domicile</strong> est disponible dans <strong>25 destinations</strong> Crazy-EVG — la couverture la plus large du catalogue. Au-delà des grandes capitales européennes, l'activité est aussi possible dans les <strong>villas EVG</strong> en France (Les Etisseaux, Luigny, Radar) pour les groupes qui privatisent un week-end campagne.</p>

<!-- BLOC G -->
<h3>Comparatif rapide des destinations stars</h3>
<ul>
  <li><strong><a href=""https://www.crazy-evg.com/enterrement-de-vie-de-garcon-cracovie/striptease-domicile-activites"">Strip-tease domicile EVG à Cracovie</a></strong> — Variante <em>""grosse Berta""</em> en exclu : la blague avant la vraie stripteaseuse, fou rire garanti.</li>
  <li><strong><a href=""https://www.crazy-evg.com/enterrement-de-vie-de-garcon-barcelone/striptease-domicile-activites"">Strip-tease domicile EVG à Barcelone</a></strong> — Format apéro espagnol, démarrage tardif (22h-23h), parfait pour enchaîner sur la nuit barcelonaise.</li>
  <li><strong><a href=""https://www.crazy-evg.com/enterrement-de-vie-de-garcon-prague/striptease-domicile-activites"">Strip-tease domicile EVG à Prague</a></strong> — Le grand classique, tarif compétitif, large choix d'artistes.</li>
  <li><strong><a href=""https://www.crazy-evg.com/enterrement-de-vie-de-garcon-paris/striptease-domicile-activites"">Strip-tease domicile EVG à Paris</a></strong> — Idéal pour un EVG sans déplacement, qualité d'artistes au top.</li>
  <li><strong><a href=""https://www.crazy-evg.com/enterrement-de-vie-de-garcon-albufeira/striptease-domicile-activites"">Strip-tease domicile EVG à Albufeira</a></strong> — Tarif imbattable, bord de mer, possible au réveil ou à l'apéro.</li>
</ul>

<!-- BLOC H -->
<h2>Ces activités EVG vont aussi vous plaire</h2>
<ul>
  <li><a href=""https://www.crazy-evg.com/activity-category/sexy-reveil-evg"">Réveil coquin EVG</a> — la version ""saut du lit"" du strip à domicile</li>
  <li><a href=""https://www.crazy-evg.com/activity-category/diner-strip-evg"">Dîner strip EVG</a> — show pendant le repas privatisé</li>
  <li><a href=""https://www.crazy-evg.com/activity-category/stripclub-evg"">Club strip-tease EVG</a> — la version ""sortie"", entrée VIP en strip club</li>
  <li><a href=""https://www.crazy-evg.com/activity-category/party-bus-strip-evg"">Party bus strip EVG</a> — show dans un bus privatisé</li>
  <li><a href=""https://www.crazy-evg.com/activity-category/poker-sexy-evg"">Strip poker EVG</a> — animation alternative pour les soirées plus interactives</li>
</ul>

<!-- BLOC I -->
<h2>FAQ — Strip-tease à domicile EVG</h2>

<h3>Combien coûte un strip-tease à domicile pour un EVG ?</h3>
<p>Un strip-tease à domicile EVG coûte <strong>entre 150 € et 350 € en forfait pour le groupe</strong>, selon la destination et le format choisi (comique, sexy ou intégral). L'Europe de l'Est et le Portugal offrent les tarifs les plus accessibles, l'Europe de l'Ouest les plus élevés.</p>

<h3>Combien de temps dure un strip-tease à domicile ?</h3>
<p>Le show lui-même dure <strong>environ 15 minutes</strong>, suivi de 5 minutes d'aftershow pour les photos avec le futur marié. La présence totale de l'artiste est d'environ 20-25 minutes.</p>

<h3>Peut-on organiser un strip-tease à domicile dans un hôtel ?</h3>
<p>Oui dans la majorité des hôtels, à condition de prévenir la réception. <strong>L'activité n'est pas possible en auberge de jeunesse</strong>. Crazy-EVG privilégie les appartements ou villas privatives où l'intimité du groupe est garantie.</p>

<h3>Quel format choisir : comique, sexy ou intégral ?</h3>
<p>Cela dépend du profil du groupe et du marié. <strong>Comique</strong> = fou rire (idéal si le marié est timide), <strong>sexy</strong> = format classique demandé par 80 % des groupes, <strong>intégral</strong> = version sans retenue à réserver aux groupes informés. À régler avec la guide à la réservation.</p>

<h3>À quel moment de la journée organiser un strip-tease à domicile ?</h3>
<p>L'activité est <strong>flexible</strong> : possible à l'apéro (19h-21h), pendant le dîner, ou en cocktail tardif (22h-minuit). Certaines destinations le proposent même au réveil — voir notre activité <a href=""https://www.crazy-evg.com/activity-category/sexy-reveil-evg"">Réveil coquin EVG</a>.</p>

<h3>Dans quelles villes peut-on organiser un strip à domicile EVG ?</h3>
<p>Disponible dans <strong>25 destinations</strong> : Albufeira, Annecy, Barcelone, Berlin, Bordeaux, Bruxelles, Bucarest, Budapest, Cracovie, Deauville, Ibiza, Lisbonne, Lyon, Madrid, Majorque, Marbella, Milan, Montpellier, Paris, Porto, Prague, Varsovie, et nos villas EVG en France.</p>

<h3>Comment réserver un strip-tease à domicile EVG ?</h3>
<p>Demandez un <a href=""https://www.crazy-evg.com/devis"">devis en 1 minute</a> en précisant la destination, la date, l'adresse et le format souhaité. Réservation conseillée <strong>5 jours minimum à l'avance</strong>.</p>","1155","{
  ""@context"": ""https://schema.org"",
  ""@graph"": [
    {
      ""@type"": ""Service"",
      ""@id"": ""https://www.crazy-evg.com/activity-category/striptease-domicile-evg#service"",
      ""name"": ""Strip-tease à domicile EVG"",
      ""alternateName"": ""strip tease a domicile​"",
      ""description"": ""Strip-tease à domicile pour son EVG : showgirl pro à votre appart ou hôtel, dans 25 destinations. Discret, simple, efficace. Devis en 1 minute."",
      ""serviceType"": ""Activité EVG"",
      ""category"": ""Enterrement de vie de garçon"",
      ""url"": ""https://www.crazy-evg.com/activity-category/striptease-domicile-evg"",
      ""provider"": {
        ""@type"": ""Organization"",
        ""@id"": ""https://www.crazy-evg.com/#organization"",
        ""name"": ""Crazy-EVG"",
        ""url"": ""https://www.crazy-evg.com"",
        ""telephone"": ""+33176215730"",
        ""email"": ""contact@crazy-evg.com"",
        ""address"": {
          ""@type"": ""PostalAddress"",
          ""streetAddress"": ""8 rue du Faubourg Poissonnière"",
          ""postalCode"": ""75010"",
          ""addressLocality"": ""Paris"",
          ""addressCountry"": ""FR""
        }
      },
      ""areaServed"": [
        {
          ""@type"": ""City"",
          ""name"": ""Albufeira""
        },
        {
          ""@type"": ""City"",
          ""name"": ""Annecy""
        },
        {
          ""@type"": ""City"",
          ""name"": ""Barcelone""
        },
        {
          ""@type"": ""City"",
          ""name"": ""Berlin""
        },
        {
          ""@type"": ""City"",
          ""name"": ""Bordeaux""
        },
        {
          ""@type"": ""City"",
          ""name"": ""Bruxelles""
        },
        {
          ""@type"": ""City"",
          ""name"": ""Bucarest""
        },
        {
          ""@type"": ""City"",
          ""name"": ""Budapest""
        },
        {
          ""@type"": ""City"",
          ""name"": ""Cracovie""
        },
        {
          ""@type"": ""City"",
          ""name"": ""Deauville""
        },
        {
          ""@type"": ""City"",
          ""name"": ""Ibiza""
        },
        {
          ""@type"": ""City"",
          ""name"": ""Lisbonne""
        },
        {
          ""@type"": ""City"",
          ""name"": ""Lyon""
        },
        {
          ""@type"": ""City"",
          ""name"": ""Madrid""
        },
        {
          ""@type"": ""City"",
          ""name"": ""Majorque""
        },
        {
          ""@type"": ""City"",
          ""name"": ""Marbella""
        },
        {
          ""@type"": ""City"",
          ""name"": ""Milan""
        },
        {
          ""@type"": ""City"",
          ""name"": ""Montpellier""
        },
        {
          ""@type"": ""City"",
          ""name"": ""Paris""
        },
        {
          ""@type"": ""City"",
          ""name"": ""Porto""
        },
        {
          ""@type"": ""City"",
          ""name"": ""Prague""
        },
        {
          ""@type"": ""City"",
          ""name"": ""Varsovie""
        },
        {
          ""@type"": ""City"",
          ""name"": ""Villa EVG Les Etisseaux""
        },
        {
          ""@type"": ""City"",
          ""name"": ""Villa EVG Luigny""
        },
        {
          ""@type"": ""City"",
          ""name"": ""Villa EVG Radar""
        }
      ],
      ""audience"": {
        ""@type"": ""Audience"",
        ""audienceType"": ""Groupe d'amis - Enterrement de vie de garçon"",
        ""suggestedMinAge"": 18
      },
      ""offers"": {
        ""@type"": ""AggregateOffer"",
        ""priceCurrency"": ""EUR"",
        ""lowPrice"": ""150"",
        ""highPrice"": ""350"",
        ""offerCount"": ""25"",
        ""availability"": ""https://schema.org/InStock""
      }
    },
    {
      ""@type"": ""FAQPage"",
      ""@id"": ""https://www.crazy-evg.com/activity-category/striptease-domicile-evg#faq"",
      ""mainEntity"": [
        {
          ""@type"": ""Question"",
          ""name"": ""Combien coûte un striptease domicile pour un EVG ?"",
          ""acceptedAnswer"": {
            ""@type"": ""Answer"",
            ""text"": ""Le tarif d'un striptease domicile EVG est compris entre 150 € et 350 € en forfait pour le groupe. Le prix varie selon la destination, la taille du groupe et les options choisies. Demandez un devis en 1 minute pour un tarif personnalisé.""
          }
        },
        {
          ""@type"": ""Question"",
          ""name"": ""Combien de temps dure un striptease domicile EVG ?"",
          ""acceptedAnswer"": {
            ""@type"": ""Answer"",
            ""text"": ""La durée varie selon la formule, généralement entre 1h et 4h transferts inclus. Consultez la fiche détaillée de chaque destination pour le programme précis.""
          }
        },
        {
          ""@type"": ""Question"",
          ""name"": ""Faut-il un niveau particulier pour faire un striptease domicile EVG ?"",
          ""acceptedAnswer"": {
            ""@type"": ""Answer"",
            ""text"": ""Aucun niveau requis. Toutes nos sessions sont encadrées par un instructeur professionnel qui assure le briefing et l'accompagnement. L'activité est accessible aux débutants.""
          }
        },
        {
          ""@type"": ""Question"",
          ""name"": ""À partir de combien de personnes peut-on réserver un striptease domicile EVG ?"",
          ""acceptedAnswer"": {
            ""@type"": ""Answer"",
            ""text"": ""La majorité de nos partenaires acceptent les groupes à partir de 4 à 6 personnes. Les conditions exactes varient selon la destination. Au-delà de 12-15 participants, plusieurs créneaux sont organisés.""
          }
        },
        {
          ""@type"": ""Question"",
          ""name"": ""Que faut-il prévoir pour un striptease domicile EVG ?"",
          ""acceptedAnswer"": {
            ""@type"": ""Answer"",
            ""text"": ""Une pièce d'identité valide est généralement demandée. Le matériel et l'encadrement sont fournis par notre partenaire local. Prévoyez une tenue adaptée et des chaussures fermées. Détails complets fournis à la réservation.""
          }
        },
        {
          ""@type"": ""Question"",
          ""name"": ""Dans quelles villes peut-on faire un striptease domicile EVG ?"",
          ""acceptedAnswer"": {
            ""@type"": ""Answer"",
            ""text"": ""L'activité striptease domicile est disponible dans 25 destinations Crazy-EVG : Albufeira, Annecy, Barcelone, Berlin, Bordeaux, Bruxelles, Bucarest, Budapest, Cracovie, Deauville, Ibiza, Lisbonne, Lyon, Madrid, Majorque, Marbella, Milan, Montpellier, Paris, Porto, Prague, Varsovie, Villa EVG Les Etisseaux, Villa EVG Luigny, Villa EVG Radar.""
          }
        },
        {
          ""@type"": ""Question"",
          ""name"": ""Comment réserver un striptease domicile EVG ?"",
          ""acceptedAnswer"": {
            ""@type"": ""Answer"",
            ""text"": ""Demandez un devis en 1 minute sur Crazy-EVG. Notre équipe revient vers vous sous 24h avec un programme sur mesure et un tarif détaillé pour votre groupe.""
          }
        }
      ]
    },
    {
      ""@type"": ""BreadcrumbList"",
      ""@id"": ""https://www.crazy-evg.com/activity-category/striptease-domicile-evg#breadcrumb"",
      ""itemListElement"": [
        {
          ""@type"": ""ListItem"",
          ""position"": 1,
          ""name"": ""Accueil"",
          ""item"": ""https://www.crazy-evg.com/""
        },
        {
          ""@type"": ""ListItem"",
          ""position"": 2,
          ""name"": ""Activités EVG"",
          ""item"": ""https://www.crazy-evg.com/activites-evg""
        },
        {
          ""@type"": ""ListItem"",
          ""position"": 3,
          ""name"": ""Strip-tease à domicile EVG : show privé"",
          ""item"": ""https://www.crazy-evg.com/activity-category/striptease-domicile-evg""
        }
      ]
    }
  ]
}","7494"
"https://www.crazy-evg.com/activity-category/car-smash-evg","car-smash-evg","Car Smash","P1 - Quick win","Optimisée","car smash","#N/A","#N/A","Car Smash EVG : défoulez-vous sur une voiture | Crazy-EVG","57","Car Smash pour son EVG : pulvérisez une vraie voiture à coups de batte et de masse. Le défouloir parfait pour un enterrement de vie de garçon.","142","Car Smash EVG","50","400","0,125","7,3725","<h1>Car Smash EVG : pulvérisez une voiture entre potes</h1>

<!-- BLOC A -->
<p>Le <strong>Car Smash EVG</strong> est l'activité défouloir absolue : vous arrivez dans une casse, on vous équipe de <strong>masses, marteaux, barres de fer, battes de baseball</strong> (et parfois clubs de golf, juste pour le style), on vous met devant une <strong>vraie voiture intacte</strong>, et… vous la réduisez en miettes. Aussi simple que jouissif.</p>

<p>Activité signature des EVG en Europe de l'Est et à Amsterdam, le Car Smash combine <strong>défoulement physique</strong>, <strong>fou rire collectif</strong> et <strong>scène ultra-photogénique</strong>. Une heure plus tard, vous repartez en sueur, avec une voiture méconnaissable et des vidéos qui feront le tour de votre groupe pendant 10 ans. Le tout encadré par un instructeur qui veille à la sécurité.</p>

<!-- BLOC B -->
<h2>Pourquoi choisir le Car Smash pour son EVG ?</h2>
<ul>
  <li><strong>Le défouloir ultime :</strong> pas une activité d'adresse ni de stratégie. Juste taper, casser, démolir. Parfait après une grosse semaine de boulot.</li>
  <li><strong>Photogénique au possible :</strong> chaque coup de masse fait un cliché. Les vidéos en slow-motion sont cultissimes.</li>
  <li><strong>Encadrement sérieux :</strong> instructeur sur place, gants et lunettes de protection fournis, briefing sécurité.</li>
  <li><strong>Activité group-friendly :</strong> 1 voiture pour 9-10 personnes typiquement. Tout le monde tape.</li>
  <li><strong>Bonus possible :</strong> certaines destinations proposent le <em>Sexy Car Wash</em> (jeune femme en bikini avant la démolition) ou le <em>Tank Smash</em> (la voiture est ensuite écrasée par un char).</li>
</ul>

<!-- BLOC C -->
<h2>Comment se déroule un Car Smash EVG ?</h2>
<p>Le programme est musclé mais simple. Le groupe est récupéré au centre-ville par un <strong>minibus privatisé</strong> et conduit jusqu'à la casse partenaire (généralement à 30-45 minutes du centre). Sur place, accueil par votre <strong>guide locale</strong> et l'<strong>instructeur</strong>, briefing de sécurité, distribution des <strong>gants et lunettes de protection</strong>.</p>

<p>Vient le moment d'enfiler la <em>panoplie du démolisseur</em> : choix des outils — <strong>masses, marteaux, barres de fer, battes de baseball, pieds-de-biche, clubs de golf</strong>. Puis on vous présente votre <strong>victime</strong> : une voiture en bon état apparent (pour rendre la destruction plus satisfaisante), réformée et destinée à la casse.</p>

<p>L'instructeur lance le top départ. Pendant <strong>30 à 45 minutes</strong>, vous avez carte blanche : pare-brise, vitres, capot, portières, tableau de bord. Le futur marié a évidemment le droit au premier coup. Une voiture par <strong>tranche de 9-10 personnes</strong> — au-delà, on vous en fournit plusieurs. À la fin : photos finales, retour en minibus.</p>

<!-- BLOC D -->
<h2>Ce qui est inclus dans le Car Smash EVG</h2>
<ul>
  <li>Transfert A/R en minibus privatisé depuis le centre-ville</li>
  <li>Une ou plusieurs voitures intactes fournies (1 par tranche de 9-10 personnes)</li>
  <li>Outils de démolition : masses, marteaux, barres de fer, battes, clubs de golf</li>
  <li>Gants et lunettes de protection fournis</li>
  <li>Instructeur local pour le briefing et la sécurité</li>
  <li>Guide locale francophone/anglophone</li>
  <li>30 à 45 minutes de session de démolition</li>
  <li>Bonus selon destination : Sexy Car Wash, possibilité de combiner avec Tank Smash</li>
</ul>

<!-- BLOC E -->
<h2>Combien coûte un Car Smash EVG ?</h2>
<table>
  <thead><tr><th>Critère</th><th>Fourchette</th><th>Précisions</th></tr></thead>
  <tbody>
    <tr><td>Tarif par personne</td><td>59 € à 119 €</td><td>Selon la destination et le bonus choisi</td></tr>
    <tr><td>Durée totale</td><td>2h30 à 3h</td><td>Transferts inclus</td></tr>
    <tr><td>Démolition pure</td><td>30 à 45 min</td><td>Plus si plusieurs voitures</td></tr>
    <tr><td>Taille du groupe</td><td>4 à 30 pers.</td><td>1 voiture / 9-10 pers.</td></tr>
    <tr><td>Option Sexy Car Wash</td><td>+ 80 € à 150 €</td><td>Disponible à Amsterdam</td></tr>
    <tr><td>Option Tank Smash</td><td>+ 200 € à 400 €</td><td>Disponible à Bratislava, Budapest</td></tr>
  </tbody>
</table>

<!-- BLOC F -->
<h2>Où faire un Car Smash pour un EVG ?</h2>
<p>Le Car Smash EVG est disponible dans <strong>5 destinations</strong> Crazy-EVG, choisies pour la qualité de leurs casses partenaires : <strong>Amsterdam, Bratislava, Budapest, Cracovie et Prague</strong>.</p>

<!-- BLOC G -->
<h3>Comparatif rapide des destinations</h3>
<ul>
  <li><strong><a href=""https://www.crazy-evg.com/enterrement-de-vie-de-garcon-amsterdam/car-smash-activites"">Car Smash EVG à Amsterdam</a></strong> — Exclu <em>Sexy Car Wash</em> : une jeune femme en bikini lave la voiture avant la démolition. Le combo le plus barré du catalogue.</li>
  <li><strong><a href=""https://www.crazy-evg.com/enterrement-de-vie-de-garcon-bratislava/car-smash-activites"">Car Smash EVG à Bratislava</a></strong> — Possibilité de combiner avec le <em>Tank Smash</em> : la voiture est ensuite écrasée par un char d'assaut.</li>
  <li><strong><a href=""https://www.crazy-evg.com/enterrement-de-vie-de-garcon-budapest/car-smash-activites"">Car Smash EVG à Budapest</a></strong> — Tarif imbattable, voitures de qualité, casse à 30 min du centre.</li>
  <li><strong><a href=""https://www.crazy-evg.com/enterrement-de-vie-de-garcon-prague/car-smash-activites"">Car Smash EVG à Prague</a></strong> — Le grand classique, parfait à enchaîner avec le stand de tir le matin.</li>
  <li><strong><a href=""https://www.crazy-evg.com/enterrement-de-vie-de-garcon-cracovie/car-smash-activites"">Car Smash EVG à Cracovie</a></strong> — Tarif le plus bas, idéal pour les budgets serrés.</li>
</ul>

<!-- BLOC H -->
<h2>Ces activités EVG vont aussi vous plaire</h2>
<ul>
  <li><a href=""https://www.crazy-evg.com/activity-category/conduite-char-d-assaut-evg"">Conduite char d'assaut EVG</a> — pour finir la voiture en l'écrasant avec un tank</li>
  <li><a href=""https://www.crazy-evg.com/activity-category/initiation-tir-shooting-evg"">Stand de tir EVG</a> — autre activité défouloir : armes à feu et balles réelles</li>
  <li><a href=""https://www.crazy-evg.com/activity-category/parcours-du-combattant-evg"">Parcours du combattant EVG</a> — version cardio et physique</li>
  <li><a href=""https://www.crazy-evg.com/activity-category/airsoft-battle-evg"">Airsoft battle EVG</a> — combat tactique entre potes</li>
  <li><a href=""https://www.crazy-evg.com/activity-category/paintball-evg"">Paintball EVG</a> — alternative classique en équipe</li>
</ul>

<!-- BLOC I -->
<h2>FAQ — Car Smash EVG</h2>

<h3>Combien coûte un Car Smash pour un EVG ?</h3>
<p>Un Car Smash EVG coûte <strong>entre 59 € et 119 € par personne</strong>, transferts et matériel inclus. Le tarif varie selon la destination (Cracovie/Budapest étant les plus accessibles) et les options (Sexy Car Wash, Tank Smash).</p>

<h3>Combien de temps dure un Car Smash ?</h3>
<p>L'activité dure <strong>2h30 à 3h au total</strong> avec les transferts depuis le centre-ville. La <strong>session de démolition pure dure 30 à 45 minutes</strong>, plus longtemps si plusieurs voitures sont fournies.</p>

<h3>Le Car Smash EVG est-il dangereux ?</h3>
<p>Non, à condition de respecter les consignes. L'instructeur briefe le groupe sur les zones à éviter (réservoir, batterie, vitres avec éclats), fournit gants et lunettes de protection, et reste sur place pendant toute l'activité.</p>

<h3>Combien de personnes peuvent participer ?</h3>
<p>Le Car Smash EVG accueille les groupes de <strong>4 à 30 personnes</strong>. Une voiture est fournie par tranche de 9-10 participants. Pour les groupes de 20+, plusieurs voitures sont mises à disposition simultanément.</p>

<h3>Que prévoir pour un Car Smash EVG ?</h3>
<p>Prévoyez des <strong>vêtements que vous pouvez salir</strong>, des <strong>chaussures fermées</strong> obligatoires (pas de tongs ni baskets fragiles) et un peu d'eau. Tout le reste est fourni : outils, gants, lunettes, casque selon destination.</p>

<h3>Dans quelles villes peut-on faire un Car Smash EVG ?</h3>
<p>Le Car Smash est disponible dans <strong>5 destinations</strong> Crazy-EVG : Amsterdam (avec Sexy Car Wash), Bratislava (avec Tank Smash), Budapest, Cracovie et Prague.</p>

<h3>Comment réserver un Car Smash EVG ?</h3>
<p>Demandez un <a href=""https://www.crazy-evg.com/devis"">devis en 1 minute</a>. Réservation conseillée <strong>7 jours minimum à l'avance</strong> (la casse doit préparer la ou les voitures).</p>","1061","{
  ""@context"": ""https://schema.org"",
  ""@graph"": [
    {
      ""@type"": ""Service"",
      ""@id"": ""https://www.crazy-evg.com/activity-category/car-smash-evg#service"",
      ""name"": ""Car Smash EVG"",
      ""alternateName"": ""car smash"",
      ""description"": ""Car Smash pour son EVG : pulvérisez une vraie voiture à coups de batte et de masse. Le défouloir parfait pour un enterrement de vie de garçon."",
      ""serviceType"": ""Activité EVG"",
      ""category"": ""Enterrement de vie de garçon"",
      ""url"": ""https://www.crazy-evg.com/activity-category/car-smash-evg"",
      ""provider"": {
        ""@type"": ""Organization"",
        ""@id"": ""https://www.crazy-evg.com/#organization"",
        ""name"": ""Crazy-EVG"",
        ""url"": ""https://www.crazy-evg.com"",
        ""telephone"": ""+33176215730"",
        ""email"": ""contact@crazy-evg.com"",
        ""address"": {
          ""@type"": ""PostalAddress"",
          ""streetAddress"": ""8 rue du Faubourg Poissonnière"",
          ""postalCode"": ""75010"",
          ""addressLocality"": ""Paris"",
          ""addressCountry"": ""FR""
        }
      },
      ""areaServed"": [
        {
          ""@type"": ""City"",
          ""name"": ""Amsterdam""
        },
        {
          ""@type"": ""City"",
          ""name"": ""Bratislava""
        },
        {
          ""@type"": ""City"",
          ""name"": ""Budapest""
        },
        {
          ""@type"": ""City"",
          ""name"": ""Cracovie""
        },
        {
          ""@type"": ""City"",
          ""name"": ""Prague""
        }
      ],
      ""audience"": {
        ""@type"": ""Audience"",
        ""audienceType"": ""Groupe d'amis - Enterrement de vie de garçon"",
        ""suggestedMinAge"": 18
      },
      ""offers"": {
        ""@type"": ""AggregateOffer"",
        ""priceCurrency"": ""EUR"",
        ""lowPrice"": ""59"",
        ""highPrice"": ""119"",
        ""offerCount"": ""5"",
        ""availability"": ""https://schema.org/InStock""
      }
    },
    {
      ""@type"": ""FAQPage"",
      ""@id"": ""https://www.crazy-evg.com/activity-category/car-smash-evg#faq"",
      ""mainEntity"": [
        {
          ""@type"": ""Question"",
          ""name"": ""Combien coûte un car smash pour un EVG ?"",
          ""acceptedAnswer"": {
            ""@type"": ""Answer"",
            ""text"": ""Le tarif d'un car smash EVG est compris entre 59 € et 119 € par personne. Le prix varie selon la destination, la taille du groupe et les options choisies. Demandez un devis en 1 minute pour un tarif personnalisé.""
          }
        },
        {
          ""@type"": ""Question"",
          ""name"": ""Combien de temps dure un car smash EVG ?"",
          ""acceptedAnswer"": {
            ""@type"": ""Answer"",
            ""text"": ""La durée varie selon la formule, généralement entre 1h et 4h transferts inclus. Consultez la fiche détaillée de chaque destination pour le programme précis.""
          }
        },
        {
          ""@type"": ""Question"",
          ""name"": ""Faut-il un niveau particulier pour faire un car smash EVG ?"",
          ""acceptedAnswer"": {
            ""@type"": ""Answer"",
            ""text"": ""Aucun niveau requis. Toutes nos sessions sont encadrées par un instructeur professionnel qui assure le briefing et l'accompagnement. L'activité est accessible aux débutants.""
          }
        },
        {
          ""@type"": ""Question"",
          ""name"": ""À partir de combien de personnes peut-on réserver un car smash EVG ?"",
          ""acceptedAnswer"": {
            ""@type"": ""Answer"",
            ""text"": ""La majorité de nos partenaires acceptent les groupes à partir de 4 à 6 personnes. Les conditions exactes varient selon la destination. Au-delà de 12-15 participants, plusieurs créneaux sont organisés.""
          }
        },
        {
          ""@type"": ""Question"",
          ""name"": ""Que faut-il prévoir pour un car smash EVG ?"",
          ""acceptedAnswer"": {
            ""@type"": ""Answer"",
            ""text"": ""Une pièce d'identité valide est généralement demandée. Le matériel et l'encadrement sont fournis par notre partenaire local. Prévoyez une tenue adaptée et des chaussures fermées. Détails complets fournis à la réservation.""
          }
        },
        {
          ""@type"": ""Question"",
          ""name"": ""Dans quelles villes peut-on faire un car smash EVG ?"",
          ""acceptedAnswer"": {
            ""@type"": ""Answer"",
            ""text"": ""L'activité car smash est disponible dans 5 destinations Crazy-EVG : Amsterdam, Bratislava, Budapest, Cracovie, Prague.""
          }
        },
        {
          ""@type"": ""Question"",
          ""name"": ""Comment réserver un car smash EVG ?"",
          ""acceptedAnswer"": {
            ""@type"": ""Answer"",
            ""text"": ""Demandez un devis en 1 minute sur Crazy-EVG. Notre équipe revient vers vous sous 24h avec un programme sur mesure et un tarif détaillé pour votre groupe.""
          }
        }
      ]
    },
    {
      ""@type"": ""BreadcrumbList"",
      ""@id"": ""https://www.crazy-evg.com/activity-category/car-smash-evg#breadcrumb"",
      ""itemListElement"": [
        {
          ""@type"": ""ListItem"",
          ""position"": 1,
          ""name"": ""Accueil"",
          ""item"": ""https://www.crazy-evg.com/""
        },
        {
          ""@type"": ""ListItem"",
          ""position"": 2,
          ""name"": ""Activités EVG"",
          ""item"": ""https://www.crazy-evg.com/activites-evg""
        },
        {
          ""@type"": ""ListItem"",
          ""position"": 3,
          ""name"": ""Car Smash EVG : défoulez-vous sur une voiture"",
          ""item"": ""https://www.crazy-evg.com/activity-category/car-smash-evg""
        }
      ]
    }
  ]
}","5548"
"https://www.crazy-evg.com/activity-category/conduite-char-d-assaut-evg","conduite-char-d-assaut-evg","Conduite Char D Assaut","P1 - Quick win","Optimisée","evg tank","#N/A","#N/A","Conduite char d'assaut EVG : pilotez un tank | Crazy-EVG","56","EVG tank : conduisez un vrai char d'assaut pour son enterrement de vie de garçon. 6 destinations dont Prague et Budapest. Devis en 1 minute.","140","Conduite char d'assaut EVG","54","540","0,1","7,43148148","<h1>Conduite char d'assaut EVG : pilotez un vrai tank</h1>

<!-- BLOC A -->
<p>L'<strong>EVG tank</strong>, c'est l'expérience qui transforme n'importe quel enterrement de vie de garçon en souvenir d'exception. Direction un <strong>ancien terrain militaire</strong> d'Europe de l'Est ou de Berlin, où le futur marié et son groupe vont prendre les commandes d'un <strong>vrai char d'assaut</strong> et le piloter sur un parcours tout-terrain. Sensations, vibrations, fierté de gosse — c'est l'activité ultime pour les fans de gros engins.</p>

<p>Encadrée par un <strong>instructeur militaire</strong>, sécurisée et accessible sans permis, la <strong>conduite de char d'assaut EVG</strong> est disponible dans 6 destinations européennes. Certaines proposent même le <strong>Tank Smash</strong> en bonus : écraser littéralement une voiture sous les chenilles. Le rêve de gosse en grandeur nature pour son <a href=""https://www.crazy-evg.com/enterrement-de-vie-de-garcon"">EVG</a>.</p>

<!-- BLOC B -->
<h2>Pourquoi choisir le pilotage de char d'assaut pour son EVG ?</h2>
<ul>
  <li><strong>Une activité rare et marquante :</strong> peu de groupes peuvent se vanter d'avoir piloté un tank. Effet ""Wow"" garanti.</li>
  <li><strong>Aucun permis requis :</strong> instructeur militaire à bord, briefing complet sur place.</li>
  <li><strong>Une demi-journée d'immersion :</strong> visite du musée militaire, briefing, conduite, photos. Comptez 4 heures.</li>
  <li><strong>Bonus Tank Smash :</strong> dans certaines destinations, vous écrasez une voiture avec le char. Activité culte.</li>
  <li><strong>Idéal en combo ""commando"" :</strong> à enchaîner avec stand de tir, parcours du combattant ou airsoft pour un EVG 100 % militaire.</li>
</ul>

<!-- BLOC C -->
<h2>Comment se déroule une conduite de char d'assaut EVG ?</h2>
<p>Le programme commence par un <strong>transfert en minibus privatisé</strong> depuis le centre-ville (le terrain militaire est généralement à 1h de route). À l'arrivée, vous êtes accueillis par votre <strong>guide locale</strong> et l'<strong>instructeur</strong> — souvent un <em>ancien membre des forces armées</em> du pays.</p>

<p>Petit moment culture : <strong>visite du musée militaire</strong> du site, où vous découvrirez d'anciens chars, blindés, jeeps et armes de l'époque soviétique ou de la Seconde Guerre mondiale. Vient ensuite le <strong>briefing sécurité</strong> : commandes du char, gestion des chenilles, signaux de l'instructeur.</p>

<p>Place au pilotage : chaque participant dispose <strong>en moyenne 15 minutes aux commandes</strong>, sur un parcours tout-terrain (ornières, monticules, virages serrés). L'instructeur est à bord en permanence. Le char utilisé est généralement un <strong>blindé léger ou un T-55</strong> selon les destinations. À la fin : tournée de bières offerte, photos avec le tank, retour vers le centre-ville.</p>

<!-- BLOC D -->
<h2>Ce qui est inclus dans la conduite de char d'assaut EVG</h2>
<ul>
  <li>Transfert A/R en minibus privatisé (1h de route environ)</li>
  <li>Visite du musée militaire sur le site</li>
  <li>Briefing sécurité par un instructeur militaire</li>
  <li>Pilotage du char d'assaut sur parcours tout-terrain</li>
  <li>15 minutes de pilotage en moyenne par participant</li>
  <li>Présence d'un instructeur à bord en permanence</li>
  <li>Guide locale francophone/anglophone</li>
  <li>Tournée de bières offerte en fin d'activité (selon destination)</li>
  <li>Durée totale : environ 4 heures</li>
  <li>Option Tank Smash : écraser une voiture avec le char</li>
</ul>

<!-- BLOC E -->
<h2>Combien coûte une conduite de char d'assaut EVG ?</h2>
<table>
  <thead><tr><th>Critère</th><th>Fourchette</th><th>Précisions</th></tr></thead>
  <tbody>
    <tr><td>Tarif par personne</td><td>149 € à 290 €</td><td>Avec transferts et tournée de bières</td></tr>
    <tr><td>Durée totale</td><td>4 heures</td><td>Transferts compris</td></tr>
    <tr><td>Pilotage individuel</td><td>15 min en moyenne</td><td>Variable selon la taille du groupe</td></tr>
    <tr><td>Taille du groupe</td><td>4 à 15 pers.</td><td>Au-delà, créneaux multiples</td></tr>
    <tr><td>Jours disponibles</td><td>Week-end principalement</td><td>Semaine possible avec supplément</td></tr>
    <tr><td>Option Tank Smash</td><td>+ 200 € à 400 €</td><td>À Bratislava et Budapest</td></tr>
  </tbody>
</table>

<p><strong>À noter :</strong> certains terrains sont fermés en plein hiver (gel) ou pendant les pluies prolongées. Vérifiez la disponibilité avec votre guide.</p>

<!-- BLOC F -->
<h2>Où piloter un char d'assaut pour un EVG ?</h2>
<p>L'<strong>EVG tank</strong> est disponible dans <strong>6 destinations</strong> Crazy-EVG, toutes situées sur d'anciens terrains militaires d'Europe centrale et de l'Est : <strong>Berlin, Bratislava, Budapest, Prague, Varsovie et Vilnius</strong>.</p>

<!-- BLOC G -->
<h3>Comparatif rapide des destinations</h3>
<ul>
  <li><strong><a href=""https://www.crazy-evg.com/enterrement-de-vie-de-garcon-bratislava/conduite-char-d-assaut-activites"">EVG tank à Bratislava</a></strong> — Exclu <em>Tank Smash Premium</em> : pilotez un blindé qui écrase ensuite une voiture sous vos yeux. La version la plus barrée.</li>
  <li><strong><a href=""https://www.crazy-evg.com/enterrement-de-vie-de-garcon-budapest/conduite-char-d-assaut-activites"">EVG tank à Budapest</a></strong> — Char T-55, instructeur ex-armée hongroise, tournée de bières offerte. Combo idéal avec une croisière sur le Danube le soir.</li>
  <li><strong><a href=""https://www.crazy-evg.com/enterrement-de-vie-de-garcon-prague/conduite-char-d-assaut-activites"">EVG tank à Prague</a></strong> — Terrain militaire historique, large choix de blindés, briefing très pédagogique.</li>
  <li><strong><a href=""https://www.crazy-evg.com/enterrement-de-vie-de-garcon-berlin/conduite-char-d-assaut-activites"">EVG tank à Berlin</a></strong> — Seule destination Europe de l'Ouest, accessible en train depuis la France.</li>
  <li><strong><a href=""https://www.crazy-evg.com/enterrement-de-vie-de-garcon-varsovie/conduite-char-d-assaut-activites"">EVG tank à Varsovie</a></strong> — Tarif compétitif, terrain spacieux, parfait pour les groupes de 10+.</li>
</ul>

<!-- BLOC H -->
<h2>Ces activités EVG vont aussi vous plaire</h2>
<ul>
  <li><a href=""https://www.crazy-evg.com/activity-category/initiation-tir-shooting-evg"">Stand de tir EVG</a> — l'enchaînement parfait : tir le matin, tank l'après-midi</li>
  <li><a href=""https://www.crazy-evg.com/activity-category/parcours-du-combattant-evg"">Parcours du combattant EVG</a> — version cardio du programme commando</li>
  <li><a href=""https://www.crazy-evg.com/activity-category/airsoft-battle-evg"">Airsoft battle EVG</a> — combat tactique avec répliques d'armes</li>
  <li><a href=""https://www.crazy-evg.com/activity-category/car-smash-evg"">Car Smash EVG</a> — combo Car Smash + Tank Smash dans certaines destinations</li>
  <li><a href=""https://www.crazy-evg.com/activity-category/kidnapping-evg"">Kidnapping EVG</a> — pour clore le programme militaire avec une fausse arrestation</li>
</ul>

<!-- BLOC I -->
<h2>FAQ — EVG tank</h2>

<h3>Combien coûte une conduite de char d'assaut EVG ?</h3>
<p>Le tarif d'une conduite de char d'assaut EVG est compris entre <strong>149 € et 290 € par personne</strong>, transferts et tournée de bières inclus. Le tarif baisse pour les groupes de 10+ et augmente avec l'option Tank Smash (+ 200 à 400 €).</p>

<h3>Combien de temps dure l'activité tank EVG ?</h3>
<p>L'activité dure <strong>environ 4 heures au total</strong>, transferts depuis le centre-ville inclus. Le pilotage individuel est d'environ <strong>15 minutes par participant</strong>, en plus de la visite du musée et du briefing.</p>

<h3>Faut-il un permis pour conduire un char d'assaut ?</h3>
<p>Non, aucun permis n'est requis. Un <strong>instructeur militaire est à bord en permanence</strong> et reprend la main si besoin. L'activité est accessible à toute personne majeure en bonne santé.</p>

<h3>Le tank est-il un vrai char militaire ?</h3>
<p>Oui. Selon les destinations, vous piloterez un <strong>blindé léger</strong> ou un véritable <strong>char T-55 d'origine soviétique</strong> reconverti pour les activités civiles. Les chars sont entretenus selon des normes strictes et leur cycle moteur est suivi par d'anciens militaires.</p>

<h3>Peut-on vraiment écraser une voiture avec le tank ?</h3>
<p>Oui, c'est l'option <strong>Tank Smash</strong>, disponible à Bratislava et Budapest. Le futur marié peut s'installer aux côtés de l'instructeur pendant que le char passe sur une voiture intacte. Comptez +200 à +400 € pour cette option.</p>

<h3>Dans quelles villes peut-on piloter un char d'assaut EVG ?</h3>
<p>L'EVG tank est disponible dans <strong>6 destinations</strong> Crazy-EVG : <strong>Berlin, Bratislava, Budapest, Prague, Varsovie et Vilnius</strong>. Ces villes sont choisies pour la disponibilité de leurs anciens terrains militaires et la qualité de leurs instructeurs.</p>

<h3>Comment réserver une conduite de char d'assaut EVG ?</h3>
<p>Demandez un <a href=""https://www.crazy-evg.com/devis"">devis en 1 minute</a>. Réservation conseillée <strong>14 jours minimum à l'avance</strong> car les terrains militaires fonctionnent sur créneaux limités, souvent uniquement en week-end.</p>","1095","{
  ""@context"": ""https://schema.org"",
  ""@graph"": [
    {
      ""@type"": ""Service"",
      ""@id"": ""https://www.crazy-evg.com/activity-category/conduite-char-d-assaut-evg#service"",
      ""name"": ""Conduite char d'assaut EVG"",
      ""alternateName"": ""evg tank"",
      ""description"": ""EVG tank : conduisez un vrai char d'assaut pour son enterrement de vie de garçon. 6 destinations dont Prague et Budapest. Devis en 1 minute."",
      ""serviceType"": ""Activité EVG"",
      ""category"": ""Enterrement de vie de garçon"",
      ""url"": ""https://www.crazy-evg.com/activity-category/conduite-char-d-assaut-evg"",
      ""provider"": {
        ""@type"": ""Organization"",
        ""@id"": ""https://www.crazy-evg.com/#organization"",
        ""name"": ""Crazy-EVG"",
        ""url"": ""https://www.crazy-evg.com"",
        ""telephone"": ""+33176215730"",
        ""email"": ""contact@crazy-evg.com"",
        ""address"": {
          ""@type"": ""PostalAddress"",
          ""streetAddress"": ""8 rue du Faubourg Poissonnière"",
          ""postalCode"": ""75010"",
          ""addressLocality"": ""Paris"",
          ""addressCountry"": ""FR""
        }
      },
      ""areaServed"": [
        {
          ""@type"": ""City"",
          ""name"": ""Berlin""
        },
        {
          ""@type"": ""City"",
          ""name"": ""Bratislava""
        },
        {
          ""@type"": ""City"",
          ""name"": ""Budapest""
        },
        {
          ""@type"": ""City"",
          ""name"": ""Prague""
        },
        {
          ""@type"": ""City"",
          ""name"": ""Varsovie""
        },
        {
          ""@type"": ""City"",
          ""name"": ""Vilnius""
        }
      ],
      ""audience"": {
        ""@type"": ""Audience"",
        ""audienceType"": ""Groupe d'amis - Enterrement de vie de garçon"",
        ""suggestedMinAge"": 18
      },
      ""offers"": {
        ""@type"": ""AggregateOffer"",
        ""priceCurrency"": ""EUR"",
        ""lowPrice"": ""149"",
        ""highPrice"": ""290"",
        ""offerCount"": ""6"",
        ""availability"": ""https://schema.org/InStock""
      }
    },
    {
      ""@type"": ""FAQPage"",
      ""@id"": ""https://www.crazy-evg.com/activity-category/conduite-char-d-assaut-evg#faq"",
      ""mainEntity"": [
        {
          ""@type"": ""Question"",
          ""name"": ""Combien coûte un conduite char d assaut pour un EVG ?"",
          ""acceptedAnswer"": {
            ""@type"": ""Answer"",
            ""text"": ""Le tarif d'un conduite char d assaut EVG est compris entre 149 € et 290 € par personne. Le prix varie selon la destination, la taille du groupe et les options choisies. Demandez un devis en 1 minute pour un tarif personnalisé.""
          }
        },
        {
          ""@type"": ""Question"",
          ""name"": ""Combien de temps dure un conduite char d assaut EVG ?"",
          ""acceptedAnswer"": {
            ""@type"": ""Answer"",
            ""text"": ""La durée varie selon la formule, généralement entre 1h et 4h transferts inclus. Consultez la fiche détaillée de chaque destination pour le programme précis.""
          }
        },
        {
          ""@type"": ""Question"",
          ""name"": ""Faut-il un niveau particulier pour faire un conduite char d assaut EVG ?"",
          ""acceptedAnswer"": {
            ""@type"": ""Answer"",
            ""text"": ""Aucun niveau requis. Toutes nos sessions sont encadrées par un instructeur professionnel qui assure le briefing et l'accompagnement. L'activité est accessible aux débutants.""
          }
        },
        {
          ""@type"": ""Question"",
          ""name"": ""À partir de combien de personnes peut-on réserver un conduite char d assaut EVG ?"",
          ""acceptedAnswer"": {
            ""@type"": ""Answer"",
            ""text"": ""La majorité de nos partenaires acceptent les groupes à partir de 4 à 6 personnes. Les conditions exactes varient selon la destination. Au-delà de 12-15 participants, plusieurs créneaux sont organisés.""
          }
        },
        {
          ""@type"": ""Question"",
          ""name"": ""Que faut-il prévoir pour un conduite char d assaut EVG ?"",
          ""acceptedAnswer"": {
            ""@type"": ""Answer"",
            ""text"": ""Une pièce d'identité valide est généralement demandée. Le matériel et l'encadrement sont fournis par notre partenaire local. Prévoyez une tenue adaptée et des chaussures fermées. Détails complets fournis à la réservation.""
          }
        },
        {
          ""@type"": ""Question"",
          ""name"": ""Dans quelles villes peut-on faire un conduite char d assaut EVG ?"",
          ""acceptedAnswer"": {
            ""@type"": ""Answer"",
            ""text"": ""L'activité conduite char d assaut est disponible dans 6 destinations Crazy-EVG : Berlin, Bratislava, Budapest, Prague, Varsovie, Vilnius.""
          }
        },
        {
          ""@type"": ""Question"",
          ""name"": ""Comment réserver un conduite char d assaut EVG ?"",
          ""acceptedAnswer"": {
            ""@type"": ""Answer"",
            ""text"": ""Demandez un devis en 1 minute sur Crazy-EVG. Notre équipe revient vers vous sous 24h avec un programme sur mesure et un tarif détaillé pour votre groupe.""
          }
        }
      ]
    },
    {
      ""@type"": ""BreadcrumbList"",
      ""@id"": ""https://www.crazy-evg.com/activity-category/conduite-char-d-assaut-evg#breadcrumb"",
      ""itemListElement"": [
        {
          ""@type"": ""ListItem"",
          ""position"": 1,
          ""name"": ""Accueil"",
          ""item"": ""https://www.crazy-evg.com/""
        },
        {
          ""@type"": ""ListItem"",
          ""position"": 2,
          ""name"": ""Activités EVG"",
          ""item"": ""https://www.crazy-evg.com/activites-evg""
        },
        {
          ""@type"": ""ListItem"",
          ""position"": 3,
          ""name"": ""Conduite char d'assaut EVG : pilotez un tank"",
          ""item"": ""https://www.crazy-evg.com/activity-category/conduite-char-d-assaut-evg""
        }
      ]
    }
  ]
}","5816"
"https://www.crazy-evg.com/activity-category/sexy-reveil-evg","sexy-reveil-evg","Sexy Reveil","P1 - Quick win","","reveil coquin","Sexy Réveil | Activité EVG | Crazy-EVG","Pour son enterrement de vie de garçon, surprenez le futur marié grâce au sexy réveil . Offrez à votre ami le meilleur des réveils lors de son EVG !","Réveil coquin EVG : sexy alarm pour le marié | Crazy-EVG","56","Réveil coquin pour son EVG : une stripteaseuse réveille le futur marié au saut du lit. Surprise et fou rire garantis. 8 destinations, devis 1 min.","146","Réveil coquin EVG","31","319","0,09717868","7,57680251","<h1>Réveil coquin EVG : la sexy alarm du futur marié</h1>

<!-- BLOC A -->
<p>Le <strong>réveil coquin EVG</strong> (aussi appelé <em>sexy reveil</em> ou <em>sexy alarm</em>) est l'animation idéale pour démarrer en fanfare la deuxième journée d'un enterrement de vie de garçon. Le principe est aussi simple que redoutable : pendant que le futur marié cuve sa soirée de la veille, une <strong>stripteaseuse</strong> fait irruption dans sa chambre, déguisée en <strong>femme de chambre</strong> ou en <strong>livreuse de pizza</strong>. La suite ? Un show privé de 10 à 15 minutes, en exclusivité pour lui (et au plus grand bonheur de ses potes qui filment).</p>

<p>Activité phare des EVG dans les <strong>capitales d'Europe de l'Est</strong> (Prague, Budapest, Cracovie, Bucarest, Bratislava, Varsovie, Vilnius) et à Barcelone, le sexy réveil est le complément parfait à une <a href=""https://www.crazy-evg.com/activity-category/tournee-bars-evg"">tournée des bars</a> ou à une nuit en <a href=""https://www.crazy-evg.com/activity-category/boite-bouteilles-evg"">boîte VIP</a>. Réveil garanti avec le sourire.</p>

<!-- BLOC B -->
<h2>Pourquoi choisir le réveil coquin pour son EVG ?</h2>
<ul>
  <li><strong>L'effet de surprise total :</strong> contrairement aux activités de jour, le marié dort encore. Sa réaction est 100 % authentique.</li>
  <li><strong>Le moment parfait pour la photo souvenir :</strong> le contraste mode ""réveil pâteux"" / stripteaseuse en uniforme = scène culte garantie.</li>
  <li><strong>Idéal en complément d'une grosse soirée :</strong> aucune activité physique requise, juste à être dans la chambre.</li>
  <li><strong>Tarif accessible :</strong> à partir de 150 € pour le groupe entier, soit ~15 € par tête à 10 personnes.</li>
</ul>

<!-- BLOC C -->
<h2>Comment se déroule un réveil coquin EVG ?</h2>
<p>Le rendez-vous est fixé en amont avec votre <strong>guide locale</strong>, généralement le matin après une grosse soirée la veille. <strong>Un seul membre du groupe est dans la combine</strong> : il accueille la stripteaseuse devant l'hébergement et la fait monter discrètement jusqu'à la porte de la chambre du marié.</p>

<p>Plusieurs scénarios au choix selon les destinations :</p>
<ul>
  <li><strong>Femme de chambre :</strong> la stripteaseuse frappe à la porte et explique qu'elle vient nettoyer. Une fois entrée, le show démarre.</li>
  <li><strong>Livreuse de pizza :</strong> commande surprise à 10h du matin (5 pizzas 32 cm pour 10 personnes typiquement). La guide paye, la livreuse repart… puis revient 10 min après en demandant ""Comment étaient les pizzas ?"" Et là, elle commence à se déshabiller.</li>
  <li><strong>Sexy alarm directe :</strong> la stripteaseuse fait irruption dans la chambre encore obscure, musique allumée, show de 10 minutes face au marié encore au lit.</li>
</ul>

<p>Le show dure entre <strong>10 et 15 minutes</strong>, suivi de 5 minutes pour les <strong>photos avec le marié</strong>. Toute l'artiste apporte son matériel hi-fi (enceinte, playlist).</p>

<!-- BLOC D -->
<h2>Ce qui est inclus dans le réveil coquin EVG</h2>
<ul>
  <li>Déplacement de la stripteaseuse à votre hébergement</li>
  <li>Show privé de 10 à 15 min dans la chambre du futur marié</li>
  <li>Choix du scénario : femme de chambre, livreuse de pizza ou sexy alarm</li>
  <li>5 minutes de photos / aftershow avec l'artiste</li>
  <li>Matériel hi-fi (enceinte + playlist) apporté par la stripteaseuse</li>
  <li>Coordination avec votre guide locale francophone/anglophone</li>
  <li>Option pizzas pour le groupe (5 pizzas 32 cm pour 10 pers.) — selon scénario</li>
  <li>Confidentialité absolue vis-à-vis du marié</li>
</ul>

<!-- BLOC E -->
<h2>Combien coûte un réveil coquin EVG ?</h2>
<table>
  <thead><tr><th>Critère</th><th>Fourchette</th><th>Précisions</th></tr></thead>
  <tbody>
    <tr><td>Tarif global pour le groupe</td><td>150 € à 280 €</td><td>Forfait, pas de coût par tête</td></tr>
    <tr><td>Durée du show</td><td>10 à 15 min</td><td>+ 5 min photos après</td></tr>
    <tr><td>Type d'hébergement requis</td><td>Appartement / villa</td><td>⚠ Pas dans les auberges, parfois pas en hôtel</td></tr>
    <tr><td>Heure recommandée</td><td>9h - 11h</td><td>Le marié doit être réveillable</td></tr>
    <tr><td>Délai de réservation</td><td>5 jours min.</td><td>Coordination avec l'artiste locale</td></tr>
  </tbody>
</table>

<p><strong>Important :</strong> dans la plupart des destinations, le réveil coquin n'est <strong>possible qu'en appartement</strong> (Airbnb, location privée). Les auberges de jeunesse et certains hôtels n'autorisent pas ce type d'animation. Vérifiez avec votre guide en amont.</p>

<!-- BLOC F -->
<h2>Où organiser un réveil coquin pour un EVG ?</h2>
<p>Le sexy réveil EVG est disponible dans <strong>8 destinations</strong> Crazy-EVG, principalement en Europe de l'Est où ce type d'animation est très bien rodé : <strong>Barcelone, Bratislava, Bucarest, Budapest, Cracovie, Prague, Varsovie et Vilnius</strong>.</p>

<!-- BLOC G -->
<h3>Comparatif rapide des destinations</h3>
<ul>
  <li><strong><a href=""https://www.crazy-evg.com/enterrement-de-vie-de-garcon-bucarest/sexy-reveil-activites"">Réveil coquin EVG à Bucarest</a></strong> — Le scénario ""femme de chambre"" le plus rodé, tarif imbattable, artistes pro.</li>
  <li><strong><a href=""https://www.crazy-evg.com/enterrement-de-vie-de-garcon-bratislava/sexy-reveil-activites"">Réveil coquin EVG à Bratislava</a></strong> — Variante ""DSK / FMI"" cultissime, artiste habillée en femme de chambre.</li>
  <li><strong><a href=""https://www.crazy-evg.com/enterrement-de-vie-de-garcon-prague/sexy-reveil-activites"">Réveil coquin EVG à Prague</a></strong> — Idéal en combo avec la nuit en boîte de la veille (transition gueule de bois → réveil torride).</li>
  <li><strong><a href=""https://www.crazy-evg.com/enterrement-de-vie-de-garcon-barcelone/sexy-reveil-activites"">Réveil coquin EVG à Barcelone</a></strong> — Seule destination Europe de l'Ouest, parfait pour les groupes qui ne veulent pas voler trop loin.</li>
</ul>

<!-- BLOC H -->
<h2>Ces activités EVG vont aussi vous plaire</h2>
<ul>
  <li><a href=""https://www.crazy-evg.com/activity-category/striptease-domicile-evg"">Strip-tease à domicile EVG</a> — la version ""à n'importe quelle heure"" du réveil coquin</li>
  <li><a href=""https://www.crazy-evg.com/activity-category/diner-strip-evg"">Dîner strip EVG</a> — le pendant ""soir"" : show pendant le repas</li>
  <li><a href=""https://www.crazy-evg.com/activity-category/stripclub-evg"">Club strip-tease EVG</a> — pour finir la nuit en boîte spécialisée</li>
  <li><a href=""https://www.crazy-evg.com/activity-category/tournee-bars-evg"">Tournée des bars EVG</a> — la veille du réveil coquin, c'est l'enchaînement gagnant</li>
  <li><a href=""https://www.crazy-evg.com/activity-category/party-bus-strip-evg"">Party bus strip EVG</a> — autre format ""transport + strip""</li>
</ul>

<!-- BLOC I -->
<h2>FAQ — Réveil coquin EVG</h2>

<h3>Combien coûte un réveil coquin pour un EVG ?</h3>
<p>Un réveil coquin EVG coûte <strong>entre 150 € et 280 € en forfait pour le groupe entier</strong>, selon la destination et le scénario choisi (livreuse de pizza ou femme de chambre). À 10 personnes, comptez 15 à 28 € par tête.</p>

<h3>Combien de temps dure un sexy réveil ?</h3>
<p>Le show dure <strong>10 à 15 minutes</strong>, suivi de 5 minutes pour les photos. Compter une présence totale de 25 à 30 minutes de l'artiste sur place.</p>

<h3>Le réveil coquin est-il possible à l'hôtel ?</h3>
<p>Cela dépend de l'établissement et de la destination. Dans la plupart des cas, le réveil coquin est <strong>réservé aux appartements et villas privées</strong> (Airbnb, location). Les <strong>auberges de jeunesse n'autorisent jamais</strong> ce type d'animation. Vérifiez avec votre guide en amont.</p>

<h3>À quelle heure programmer le réveil coquin ?</h3>
<p>Idéalement entre <strong>9h et 11h du matin</strong>, soit après une bonne nuit de sommeil ou plutôt après une grosse soirée. Trop tôt, le marié risque de ne pas être réveillable ; trop tard, l'effet ""réveil"" disparaît.</p>

<h3>Combien de personnes peuvent assister au show ?</h3>
<p>Tout le groupe peut être présent (idéalement caché dans le salon ou une pièce voisine pour préserver la surprise). La stripteaseuse adapte son show à la taille du groupe, en restant centrée sur le marié.</p>

<h3>Dans quelles villes peut-on organiser un réveil coquin EVG ?</h3>
<p>Le sexy réveil est disponible dans <strong>8 destinations</strong> Crazy-EVG : Barcelone, Bratislava, Bucarest, Budapest, Cracovie, Prague, Varsovie et Vilnius. L'Europe de l'Est offre le meilleur rapport qualité-prix.</p>

<h3>Comment réserver un réveil coquin EVG ?</h3>
<p>Demandez un <a href=""https://www.crazy-evg.com/devis"">devis en 1 minute</a> en précisant la destination, la date et l'adresse de l'hébergement. Réservation conseillée <strong>5 jours minimum à l'avance</strong>.</p>","1137","{
  ""@context"": ""https://schema.org"",
  ""@graph"": [
    {
      ""@type"": ""Service"",
      ""@id"": ""https://www.crazy-evg.com/activity-category/sexy-reveil-evg#service"",
      ""name"": ""Réveil coquin EVG"",
      ""alternateName"": ""reveil coquin"",
      ""description"": ""Réveil coquin pour son EVG : une stripteaseuse réveille le futur marié au saut du lit. Surprise et fou rire garantis. 8 destinations, devis 1 min."",
      ""serviceType"": ""Activité EVG"",
      ""category"": ""Enterrement de vie de garçon"",
      ""url"": ""https://www.crazy-evg.com/activity-category/sexy-reveil-evg"",
      ""provider"": {
        ""@type"": ""Organization"",
        ""@id"": ""https://www.crazy-evg.com/#organization"",
        ""name"": ""Crazy-EVG"",
        ""url"": ""https://www.crazy-evg.com"",
        ""telephone"": ""+33176215730"",
        ""email"": ""contact@crazy-evg.com"",
        ""address"": {
          ""@type"": ""PostalAddress"",
          ""streetAddress"": ""8 rue du Faubourg Poissonnière"",
          ""postalCode"": ""75010"",
          ""addressLocality"": ""Paris"",
          ""addressCountry"": ""FR""
        }
      },
      ""areaServed"": [
        {
          ""@type"": ""City"",
          ""name"": ""Barcelone""
        },
        {
          ""@type"": ""City"",
          ""name"": ""Bratislava""
        },
        {
          ""@type"": ""City"",
          ""name"": ""Bucarest""
        },
        {
          ""@type"": ""City"",
          ""name"": ""Budapest""
        },
        {
          ""@type"": ""City"",
          ""name"": ""Cracovie""
        },
        {
          ""@type"": ""City"",
          ""name"": ""Prague""
        },
        {
          ""@type"": ""City"",
          ""name"": ""Varsovie""
        },
        {
          ""@type"": ""City"",
          ""name"": ""Vilnius""
        }
      ],
      ""audience"": {
        ""@type"": ""Audience"",
        ""audienceType"": ""Groupe d'amis - Enterrement de vie de garçon"",
        ""suggestedMinAge"": 18
      },
      ""offers"": {
        ""@type"": ""AggregateOffer"",
        ""priceCurrency"": ""EUR"",
        ""lowPrice"": ""150"",
        ""highPrice"": ""280"",
        ""offerCount"": ""8"",
        ""availability"": ""https://schema.org/InStock""
      }
    },
    {
      ""@type"": ""FAQPage"",
      ""@id"": ""https://www.crazy-evg.com/activity-category/sexy-reveil-evg#faq"",
      ""mainEntity"": [
        {
          ""@type"": ""Question"",
          ""name"": ""Combien coûte un sexy reveil pour un EVG ?"",
          ""acceptedAnswer"": {
            ""@type"": ""Answer"",
            ""text"": ""Le tarif d'un sexy reveil EVG est compris entre 150 € et 280 € en forfait pour le groupe. Le prix varie selon la destination, la taille du groupe et les options choisies. Demandez un devis en 1 minute pour un tarif personnalisé.""
          }
        },
        {
          ""@type"": ""Question"",
          ""name"": ""Combien de temps dure un sexy reveil EVG ?"",
          ""acceptedAnswer"": {
            ""@type"": ""Answer"",
            ""text"": ""La durée varie selon la formule, généralement entre 1h et 4h transferts inclus. Consultez la fiche détaillée de chaque destination pour le programme précis.""
          }
        },
        {
          ""@type"": ""Question"",
          ""name"": ""Faut-il un niveau particulier pour faire un sexy reveil EVG ?"",
          ""acceptedAnswer"": {
            ""@type"": ""Answer"",
            ""text"": ""Aucun niveau requis. Toutes nos sessions sont encadrées par un instructeur professionnel qui assure le briefing et l'accompagnement. L'activité est accessible aux débutants.""
          }
        },
        {
          ""@type"": ""Question"",
          ""name"": ""À partir de combien de personnes peut-on réserver un sexy reveil EVG ?"",
          ""acceptedAnswer"": {
            ""@type"": ""Answer"",
            ""text"": ""La majorité de nos partenaires acceptent les groupes à partir de 4 à 6 personnes. Les conditions exactes varient selon la destination. Au-delà de 12-15 participants, plusieurs créneaux sont organisés.""
          }
        },
        {
          ""@type"": ""Question"",
          ""name"": ""Que faut-il prévoir pour un sexy reveil EVG ?"",
          ""acceptedAnswer"": {
            ""@type"": ""Answer"",
            ""text"": ""Une pièce d'identité valide est généralement demandée. Le matériel et l'encadrement sont fournis par notre partenaire local. Prévoyez une tenue adaptée et des chaussures fermées. Détails complets fournis à la réservation.""
          }
        },
        {
          ""@type"": ""Question"",
          ""name"": ""Dans quelles villes peut-on faire un sexy reveil EVG ?"",
          ""acceptedAnswer"": {
            ""@type"": ""Answer"",
            ""text"": ""L'activité sexy reveil est disponible dans 8 destinations Crazy-EVG : Barcelone, Bratislava, Bucarest, Budapest, Cracovie, Prague, Varsovie, Vilnius.""
          }
        },
        {
          ""@type"": ""Question"",
          ""name"": ""Comment réserver un sexy reveil EVG ?"",
          ""acceptedAnswer"": {
            ""@type"": ""Answer"",
            ""text"": ""Demandez un devis en 1 minute sur Crazy-EVG. Notre équipe revient vers vous sous 24h avec un programme sur mesure et un tarif détaillé pour votre groupe.""
          }
        }
      ]
    },
    {
      ""@type"": ""BreadcrumbList"",
      ""@id"": ""https://www.crazy-evg.com/activity-category/sexy-reveil-evg#breadcrumb"",
      ""itemListElement"": [
        {
          ""@type"": ""ListItem"",
          ""position"": 1,
          ""name"": ""Accueil"",
          ""item"": ""https://www.crazy-evg.com/""
        },
        {
          ""@type"": ""ListItem"",
          ""position"": 2,
          ""name"": ""Activités EVG"",
          ""item"": ""https://www.crazy-evg.com/activites-evg""
        },
        {
          ""@type"": ""ListItem"",
          ""position"": 3,
          ""name"": ""Réveil coquin EVG : sexy alarm pour le marié"",
          ""item"": ""https://www.crazy-evg.com/activity-category/sexy-reveil-evg""
        }
      ]
    }
  ]
}","5862"
"https://www.crazy-evg.com/activity-category/crazy-night-evg","crazy-night-evg","Crazy Night","P2 - Sleeping giant","","crazy night evg","Crazy Night | Activité EVG | Crazy-EVG","La crazy night, c'est l'activité obligatoire des soirée d'enterrements de vie de garçon. Tournée des bars / stripclubs / club... la soirée d'EVG parfaite.","Crazy Night EVG : soirée folle clés en main | Crazy-EVG","55","Crazy Night EVG : la soirée la plus folle de son enterrement de vie de garçon. Strip, boîte, bouteilles : tout est inclus. 9 destinations, devis 1 min.","151","Crazy Night EVG","9","974","0,00924025","4,82956879","<!-- Page: https://www.crazy-evg.com/activity-category/crazy-night-evg -->
<!-- Title: Crazy Night EVG : soirée folle clés en main | Crazy-EVG -->
<!-- Meta: Crazy Night EVG : la soirée la plus folle de son enterrement de vie de garçon. Strip, boîte, bouteilles : tout est inclus. 9 destinations, devis 1 min. -->

<h1>Crazy Night EVG</h1>

<!-- BLOC A — Introduction -->
<p>La <strong>Crazy Night EVG</strong>, c'est la soirée folle clés en main : on prend les meilleurs ingrédients de l'enterrement de vie de garçon (<a href=""https://www.crazy-evg.com/activity-category/striptease-domicile-evg"">strip-tease</a>, boîte VIP, bouteilles, transport privatif, parfois show coquin), on les emballe dans un programme calibré pour la soirée, et on vous laisse vous occuper d'une seule chose : kiffer.</p>
<p>Disponible dans 9 destinations Crazy-EVG, la Crazy Night est le format préféré des groupes qui veulent <strong>une nuit légendaire sans se prendre la tête</strong> avec la logistique. Tout est inclus, votre guide locale gère le timing, et vous concentrez votre énergie là où elle compte : le futur marié.</p>

<!-- BLOC B — Pourquoi choisir -->
<h2>Pourquoi choisir le crazy night pour son EVG ?</h2>
<ul>
  <li><strong>Soirée 100 % clés en main :</strong> aucune logistique à gérer, votre guide locale s'occupe de tout.</li>
  <li><strong>Le combo parfait :</strong> dîner ou apéro, strip-tease, boîte VIP, bouteilles offertes.</li>
  <li><strong>Tarif optimisé :</strong> le forfait groupe est ~30 % moins cher que les activités achetées séparément.</li>
  <li><strong>Disponible dans les capitales de la fête :</strong> Prague, Budapest, Cracovie, Barcelone, Amsterdam, etc.</li>
</ul>

<!-- BLOC C — L'expérience en détail -->
<h2>L'expérience crazy night en détail</h2>
<p>Soirée type Crazy Night :</p>
<p><strong>À Berlin :</strong> Voilà l'activité à ne surtout pas rater pour l'EVG à Berlin de votre ami ! Passez la meilleure des soirées en compagnie d'une de nos super guides jusqu'au bout de la night ! Alors, en quoi consiste la Crazy Night à Berlin ? C'est parti pour une tournée des bars, votre guide choisira les bars en fonc</p>
<p><strong>À Bratislava :</strong> Voilà l'activité à ne surtout pas rater pour l'enterrement de vie de garçon de votre ami ! Passez la meilleure des soirées accompagnées d'une de nos super guides jusqu'au bout de la night ! Alors, en quoi consiste la Crazy Night à Bratislava ? On commence par une grosse tournée des bars.</p>

<!-- BLOC D — Ce qui est inclus -->
<h2>Ce qui est inclus dans un crazy night EVG</h2>
<ul>
  <li>Une entrée en boîte de nuit</li>
  <li>Tournée des bars</li>
  <li>Guide locale</li>
  <li>Un tour des meilleurs bars de la ville selon vos préférences, et votre rythme</li>
  <li>Une entrée en stripclub si vous le souhaitez</li>
  <li>Un tour des meilleurs bars de la ville selon vos préférences</li>
  <li>Visite de 3-4 bars</li>
  <li>Présence de la guide pendant 3h</li>
  <li>La guide s'adapte à vos envies, votre style, vos idées</li>
  <li>1 shot vous sera offert si vous consommez dans le bar</li>
</ul>

<!-- BLOC E — Tarif -->
<h2>Combien coûte un crazy night EVG ?</h2>
<table>
  <thead><tr><th>Critère</th><th>Fourchette</th><th>Précisions</th></tr></thead>
  <tbody>
    <tr><td>Tarif</td><td><strong>89 € à 199 € par personne</strong></td><td>Selon la destination et la formule</td></tr>
    <tr><td>Durée</td><td>1h à 4h</td><td>Transferts inclus selon les destinations</td></tr>
    <tr><td>Taille du groupe</td><td>Selon la formule, généralement 4 à 15+ pers.</td><td>Au-delà : créneaux multiples</td></tr>
    <tr><td>Nombre de destinations</td><td>9</td><td>Voir la grille ci-dessous</td></tr>
    <tr><td>Délai de réservation</td><td>5 à 14 jours</td><td>Selon la destination et la saison</td></tr>
  </tbody>
</table>

<!-- BLOC F — Destinations -->
<h2>Où faire un crazy night pour un EVG ?</h2>
<p>L'activité <strong>Crazy Night EVG</strong> est disponible dans <strong>9 destinations</strong> Crazy-EVG : Amsterdam, Berlin, Bratislava, Budapest, Cracovie, Ibiza, Prague, Varsovie, Vilnius.</p>

<!-- BLOC G — Comparatif destinations -->
<h3>Comparatif rapide des destinations</h3>
<ul>
  <li><strong><a href=""https://www.crazy-evg.com/enterrement-de-vie-de-garcon-berlin/crazy-night-activites"">Crazy Night EVG à Berlin</a></strong> — Voilà l'activité à ne surtout pas rater pour l'EVG à Berlin de votre ami ! Passez la meilleure des soirées en compagnie d'une de nos super guides jusqu'au bout de la night ! Alors, en quoi consiste la Crazy Night à Berlin ? C'est parti pour une tournée des bars, votre guide chois</li>
  <li><strong><a href=""https://www.crazy-evg.com/enterrement-de-vie-de-garcon-bratislava/crazy-night-activites"">Crazy Night EVG à Bratislava</a></strong> — Voilà l'activité à ne surtout pas rater pour l'enterrement de vie de garçon de votre ami ! Passez la meilleure des soirées accompagnées d'une de nos super guides jusqu'au bout de la night ! Alors, en quoi consiste la Crazy Night à Bratislava ? On commence par une grosse tournée d</li>
  <li><strong><a href=""https://www.crazy-evg.com/enterrement-de-vie-de-garcon-bratislava/crazy-night-activites"">Crazy Night EVG à Bratislava</a></strong> — Voici une activité énorme pour faire la fête à Bratislava pendant l'EVG de votre ami ! La guide vous récupère selon votre planning et vous accompagne pendant cinq heures . En quoi ça consiste ? Votre soirée débute par une tournée des meilleurs bars de Bratislava. Notre guide choi</li>
</ul>

<!-- BLOC H — Activités liées -->
<h2>Ces activités EVG vont aussi vous plaire</h2>
<ul>
  <li><a href=""https://www.crazy-evg.com/activity-category/boite-bouteilles-evg"">Boîte et bouteilles EVG</a></li>
  <li><a href=""https://www.crazy-evg.com/activity-category/stripclub-evg"">Club strip-tease EVG</a></li>
  <li><a href=""https://www.crazy-evg.com/activity-category/tournee-bars-evg"">Tournée des bars EVG</a></li>
  <li><a href=""https://www.crazy-evg.com/activity-category/party-bus-strip-evg"">Bus strip EVG</a></li>
  <li><a href=""https://www.crazy-evg.com/activity-category/diner-strip-evg"">Dîner strip EVG</a></li>
</ul>

<!-- BLOC I — FAQ -->
<h2>FAQ — Crazy Night EVG</h2>

<h3>Combien coûte un crazy night pour un EVG ?</h3>
<p>Le tarif d'un crazy night EVG est compris <strong>entre 89 € et 199 € par personne</strong>. Le prix varie selon la destination, la taille du groupe et les options choisies. Demandez un <a href=""https://www.crazy-evg.com/devis"">devis en 1 minute</a> pour un tarif personnalisé.</p>

<h3>Combien de temps dure un crazy night EVG ?</h3>
<p>La durée varie selon la formule, généralement <strong>entre 1h et 4h transferts inclus</strong>. Consultez la fiche détaillée de chaque destination pour le programme précis.</p>

<h3>Faut-il un niveau particulier pour faire un crazy night EVG ?</h3>
<p>Aucun niveau requis. Toutes nos sessions sont <strong>encadrées par un instructeur professionnel</strong> qui assure le briefing et l'accompagnement. L'activité est accessible aux débutants.</p>

<h3>À partir de combien de personnes peut-on réserver un crazy night EVG ?</h3>
<p>La majorité de nos partenaires acceptent les groupes <strong>à partir de 4 à 6 personnes</strong>. Au-delà de 12-15 participants, plusieurs créneaux sont organisés. Les conditions exactes varient selon la destination.</p>

<h3>Que faut-il prévoir pour un crazy night EVG ?</h3>
<p>Une <strong>pièce d'identité valide</strong> est généralement demandée. Le matériel et l'encadrement sont fournis par notre partenaire local. Prévoyez une tenue adaptée et des chaussures fermées. Détails complets fournis à la réservation.</p>

<h3>Dans quelles villes peut-on faire un crazy night EVG ?</h3>
<p>L'activité est disponible dans <strong>9 destinations</strong> Crazy-EVG : Amsterdam, Berlin, Bratislava, Budapest, Cracovie, Ibiza, Prague, Varsovie, Vilnius.</p>

<h3>Comment réserver un crazy night EVG ?</h3>
<p>Demandez un <a href=""https://www.crazy-evg.com/devis"">devis en 1 minute</a> sur Crazy-EVG. Notre équipe revient vers vous sous 24h avec un programme sur mesure et un tarif détaillé pour votre groupe.</p>
","1066","{
  ""@context"": ""https://schema.org"",
  ""@graph"": [
    {
      ""@type"": ""Service"",
      ""@id"": ""https://www.crazy-evg.com/activity-category/crazy-night-evg#service"",
      ""name"": ""Crazy Night EVG"",
      ""alternateName"": ""crazy night evg"",
      ""description"": ""Crazy Night EVG : la soirée la plus folle de son enterrement de vie de garçon. Strip, boîte, bouteilles : tout est inclus. 9 destinations, devis 1 min."",
      ""serviceType"": ""Activité EVG"",
      ""category"": ""Enterrement de vie de garçon"",
      ""url"": ""https://www.crazy-evg.com/activity-category/crazy-night-evg"",
      ""provider"": {
        ""@type"": ""Organization"",
        ""@id"": ""https://www.crazy-evg.com/#organization"",
        ""name"": ""Crazy-EVG"",
        ""url"": ""https://www.crazy-evg.com"",
        ""telephone"": ""+33176215730"",
        ""email"": ""contact@crazy-evg.com"",
        ""address"": {
          ""@type"": ""PostalAddress"",
          ""streetAddress"": ""8 rue du Faubourg Poissonnière"",
          ""postalCode"": ""75010"",
          ""addressLocality"": ""Paris"",
          ""addressCountry"": ""FR""
        }
      },
      ""areaServed"": [
        {
          ""@type"": ""City"",
          ""name"": ""Amsterdam""
        },
        {
          ""@type"": ""City"",
          ""name"": ""Berlin""
        },
        {
          ""@type"": ""City"",
          ""name"": ""Bratislava""
        },
        {
          ""@type"": ""City"",
          ""name"": ""Budapest""
        },
        {
          ""@type"": ""City"",
          ""name"": ""Cracovie""
        },
        {
          ""@type"": ""City"",
          ""name"": ""Ibiza""
        },
        {
          ""@type"": ""City"",
          ""name"": ""Prague""
        },
        {
          ""@type"": ""City"",
          ""name"": ""Varsovie""
        },
        {
          ""@type"": ""City"",
          ""name"": ""Vilnius""
        }
      ],
      ""audience"": {
        ""@type"": ""Audience"",
        ""audienceType"": ""Groupe d'amis - Enterrement de vie de garçon"",
        ""suggestedMinAge"": 18
      },
      ""offers"": {
        ""@type"": ""AggregateOffer"",
        ""priceCurrency"": ""EUR"",
        ""lowPrice"": ""89"",
        ""highPrice"": ""199"",
        ""offerCount"": ""9"",
        ""availability"": ""https://schema.org/InStock""
      }
    },
    {
      ""@type"": ""FAQPage"",
      ""@id"": ""https://www.crazy-evg.com/activity-category/crazy-night-evg#faq"",
      ""mainEntity"": [
        {
          ""@type"": ""Question"",
          ""name"": ""Combien coûte un crazy night pour un EVG ?"",
          ""acceptedAnswer"": {
            ""@type"": ""Answer"",
            ""text"": ""Le tarif d'un crazy night EVG est compris entre 89 € et 199 € par personne. Le prix varie selon la destination, la taille du groupe et les options choisies. Demandez un devis en 1 minute pour un tarif personnalisé.""
          }
        },
        {
          ""@type"": ""Question"",
          ""name"": ""Combien de temps dure un crazy night EVG ?"",
          ""acceptedAnswer"": {
            ""@type"": ""Answer"",
            ""text"": ""La durée varie selon la formule, généralement entre 1h et 4h transferts inclus. Consultez la fiche détaillée de chaque destination pour le programme précis.""
          }
        },
        {
          ""@type"": ""Question"",
          ""name"": ""Faut-il un niveau particulier pour faire un crazy night EVG ?"",
          ""acceptedAnswer"": {
            ""@type"": ""Answer"",
            ""text"": ""Aucun niveau requis. Toutes nos sessions sont encadrées par un instructeur professionnel qui assure le briefing et l'accompagnement. L'activité est accessible aux débutants.""
          }
        },
        {
          ""@type"": ""Question"",
          ""name"": ""À partir de combien de personnes peut-on réserver un crazy night EVG ?"",
          ""acceptedAnswer"": {
            ""@type"": ""Answer"",
            ""text"": ""La majorité de nos partenaires acceptent les groupes à partir de 4 à 6 personnes. Les conditions exactes varient selon la destination. Au-delà de 12-15 participants, plusieurs créneaux sont organisés.""
          }
        },
        {
          ""@type"": ""Question"",
          ""name"": ""Que faut-il prévoir pour un crazy night EVG ?"",
          ""acceptedAnswer"": {
            ""@type"": ""Answer"",
            ""text"": ""Une pièce d'identité valide est généralement demandée. Le matériel et l'encadrement sont fournis par notre partenaire local. Prévoyez une tenue adaptée et des chaussures fermées. Détails complets fournis à la réservation.""
          }
        },
        {
          ""@type"": ""Question"",
          ""name"": ""Dans quelles villes peut-on faire un crazy night EVG ?"",
          ""acceptedAnswer"": {
            ""@type"": ""Answer"",
            ""text"": ""L'activité crazy night est disponible dans 9 destinations Crazy-EVG : Amsterdam, Berlin, Bratislava, Budapest, Cracovie, Ibiza, Prague, Varsovie, Vilnius.""
          }
        },
        {
          ""@type"": ""Question"",
          ""name"": ""Comment réserver un crazy night EVG ?"",
          ""acceptedAnswer"": {
            ""@type"": ""Answer"",
            ""text"": ""Demandez un devis en 1 minute sur Crazy-EVG. Notre équipe revient vers vous sous 24h avec un programme sur mesure et un tarif détaillé pour votre groupe.""
          }
        }
      ]
    },
    {
      ""@type"": ""BreadcrumbList"",
      ""@id"": ""https://www.crazy-evg.com/activity-category/crazy-night-evg#breadcrumb"",
      ""itemListElement"": [
        {
          ""@type"": ""ListItem"",
          ""position"": 1,
          ""name"": ""Accueil"",
          ""item"": ""https://www.crazy-evg.com/""
        },
        {
          ""@type"": ""ListItem"",
          ""position"": 2,
          ""name"": ""Activités EVG"",
          ""item"": ""https://www.crazy-evg.com/activites-evg""
        },
        {
          ""@type"": ""ListItem"",
          ""position"": 3,
          ""name"": ""Crazy Night EVG : soirée folle clés en main"",
          ""item"": ""https://www.crazy-evg.com/activity-category/crazy-night-evg""
        }
      ]
    }
  ]
}","5927"
"https://www.crazy-evg.com/activity-category/airsoft-battle-evg","airsoft-battle-evg","Airsoft Battle","P2 - Sleeping giant","A optimisée","airsoft battle","Airsoft | Activité EVG | Crazy-EVG","Pour votre enterrement de vie de garçon, venez tester l'airsoft battle, une activité en immersion totale sur un champ de bataille façon Call of Duty !","Airsoft battle EVG : combat tactique entre potes | Crazy-EVG","60","Airsoft battle pour son EVG : combat tactique avec répliques d'armes en équipement complet. 10 destinations, devis 1 min. Adrénaline garantie.","142","Airsoft battle EVG","9","253","0,03557312","5,47826087","<!-- Page: https://www.crazy-evg.com/activity-category/airsoft-battle-evg -->
<!-- Title: Airsoft battle EVG : combat tactique entre potes | Crazy-EVG -->
<!-- Meta: Airsoft battle pour son EVG : combat tactique avec répliques d'armes en équipement complet. 10 destinations, devis 1 min. Adrénaline garantie. -->

<h1>Airsoft battle EVG</h1>

<!-- BLOC A — Introduction -->
<p>L'<strong>airsoft battle EVG</strong> est la version la plus tactique des activités combat : répliques d'armes ultra-réalistes, terrain dédié (forêt, arènes urbaines, hangars), <strong>billes biodégradables</strong>, équipement complet — gilet, masque, protections — et scénarios variés (capture du drapeau, élimination, défense de zone).</p>
<p>Plus engagé que le paintball, l'airsoft offre une expérience proche de la simulation militaire. Le futur marié ? Cible désignée du groupe, naturellement. Activité disponible dans 10 destinations européennes, idéale pour un <a href=""https://www.crazy-evg.com/enterrement-de-vie-de-garcon"">EVG</a> à thème commando.</p>

<!-- BLOC B — Pourquoi choisir -->
<h2>Pourquoi choisir le airsoft battle pour son EVG ?</h2>
<ul>
  <li><strong>Plus tactique que le paintball :</strong> répliques réalistes, vraies stratégies d'équipe.</li>
  <li><strong>Sans douleur excessive :</strong> billes biodégradables, équipement de protection complet.</li>
  <li><strong>Scénarios multiples :</strong> capture du drapeau, élimination, défense, escorte du marié.</li>
  <li><strong>Parfait combo commando :</strong> à enchaîner avec stand de tir, parcours du combattant ou tank.</li>
</ul>

<!-- BLOC C — L'expérience en détail -->
<h2>L'expérience airsoft battle en détail</h2>
<p>Déroulé type d'une session airsoft :</p>
<p><strong>À Bratislava :</strong> Rien de mieux qu'un Airsoft pour un EVG à Bratislava qui restera dans les mémoires ! Vraiment atypique, l'Airsoft est une mise en situation de simulation de guerre qui vous fera sentir comme de véritables soldats des forces spéciales. L'avantage de l'Airsoft, c'est qu'il ne laisse pas de bleus.</p>
<p><strong>À Bucarest :</strong> Immersion totale dans une réplique de champ de bataille avec matériel militaire ""replica"" et instructeurs qualifiés. L'effet réaliste du Airsoft Battle est saisissant : les professionnels de l'Armée utilise cet exercice pour leur entrainement préparatif avant de se rendre en zone de guerre....</p>

<!-- BLOC D — Ce qui est inclus -->
<h2>Ce qui est inclus dans un airsoft battle EVG</h2>
<ul>
  <li>Différents scénarios d'assaut proposés durant le jeu</li>
  <li>1 bière par personne</li>
  <li>Transfert A/R en minibus privatisé</li>
  <li>Guide locale anglophone</li>
  <li>Assistance de votre guide locale</li>
  <li>2 heures de jeu</li>
  <li>Minimum 8 personnes</li>
  <li>Équipement complet</li>
  <li>Équipement</li>
  <li>2 heures d'activité</li>
</ul>

<!-- BLOC E — Tarif -->
<h2>Combien coûte un airsoft battle EVG ?</h2>
<table>
  <thead><tr><th>Critère</th><th>Fourchette</th><th>Précisions</th></tr></thead>
  <tbody>
    <tr><td>Tarif</td><td><strong>35 € à 79 € par personne</strong></td><td>Selon la destination et la formule</td></tr>
    <tr><td>Durée</td><td>1h à 4h</td><td>Transferts inclus selon les destinations</td></tr>
    <tr><td>Taille du groupe</td><td>Selon la formule, généralement 4 à 15+ pers.</td><td>Au-delà : créneaux multiples</td></tr>
    <tr><td>Nombre de destinations</td><td>10</td><td>Voir la grille ci-dessous</td></tr>
    <tr><td>Délai de réservation</td><td>5 à 14 jours</td><td>Selon la destination et la saison</td></tr>
  </tbody>
</table>

<!-- BLOC F — Destinations -->
<h2>Où faire un airsoft battle pour un EVG ?</h2>
<p>L'activité <strong>Airsoft battle EVG</strong> est disponible dans <strong>10 destinations</strong> Crazy-EVG : Bratislava, Bucarest, Budapest, Cracovie, Lyon, Madrid, Porto, Prague, Varsovie, Vilnius.</p>

<!-- BLOC G — Comparatif destinations -->
<h3>Comparatif rapide des destinations</h3>
<ul>
  <li><strong><a href=""https://www.crazy-evg.com/enterrement-de-vie-de-garcon-bratislava/airsoft-battle-activites"">Airsoft Battle EVG à Bratislava</a></strong> — Rien de mieux qu'un Airsoft pour un EVG à Bratislava qui restera dans les mémoires ! Vraiment atypique, l'Airsoft est une mise en situation de simulation de guerre qui vous fera sentir comme de véritables soldats des forces spéciales. L'avantage de l'Airsoft, c'est qu'il ne laiss</li>
  <li><strong><a href=""https://www.crazy-evg.com/enterrement-de-vie-de-garcon-bucarest/airsoft-battle-activites"">Airsoft Battle EVG à Bucarest</a></strong> — Immersion totale dans une réplique de champ de bataille avec matériel militaire ""replica"" et instructeurs qualifiés. L'effet réaliste du Airsoft Battle est saisissant : les professionnels de l'Armée utilise cet exercice pour leur entrainement préparatif avant de se rendre en zone</li>
  <li><strong><a href=""https://www.crazy-evg.com/enterrement-de-vie-de-garcon-budapest/airsoft-battle-activites"">Airsoft Battle EVG à Budapest</a></strong> — Pour lancer parfaitement votre enterrement de vie de garçon à Budapest, rien de tel qu'une petite partie d'Airsoft ! Totalement atypique, cette activité vous fera sentir comme de vrais héros. L'avantage de l'airsoft, c'est qu'il ne laisse pas de bleus. Notre instructeur, un ancie</li>
</ul>

<!-- BLOC H — Activités liées -->
<h2>Ces activités EVG vont aussi vous plaire</h2>
<ul>
  <li><a href=""https://www.crazy-evg.com/activity-category/initiation-tir-shooting-evg"">Stand de tir EVG</a></li>
  <li><a href=""https://www.crazy-evg.com/activity-category/paintball-evg"">Paintball EVG</a></li>
  <li><a href=""https://www.crazy-evg.com/activity-category/parcours-du-combattant-evg"">Parcours du combattant EVG</a></li>
  <li><a href=""https://www.crazy-evg.com/activity-category/laser-game-evg"">Laser game EVG</a></li>
  <li><a href=""https://www.crazy-evg.com/activity-category/conduite-char-d-assaut-evg"">Conduite char d'assaut EVG</a></li>
</ul>

<!-- BLOC I — FAQ -->
<h2>FAQ — Airsoft battle EVG</h2>

<h3>Combien coûte un airsoft battle pour un EVG ?</h3>
<p>Le tarif d'un airsoft battle EVG est compris <strong>entre 35 € et 79 € par personne</strong>. Le prix varie selon la destination, la taille du groupe et les options choisies. Demandez un <a href=""https://www.crazy-evg.com/devis"">devis en 1 minute</a> pour un tarif personnalisé.</p>

<h3>Combien de temps dure un airsoft battle EVG ?</h3>
<p>La durée varie selon la formule, généralement <strong>entre 1h et 4h transferts inclus</strong>. Consultez la fiche détaillée de chaque destination pour le programme précis.</p>

<h3>Faut-il un niveau particulier pour faire un airsoft battle EVG ?</h3>
<p>Aucun niveau requis. Toutes nos sessions sont <strong>encadrées par un instructeur professionnel</strong> qui assure le briefing et l'accompagnement. L'activité est accessible aux débutants.</p>

<h3>À partir de combien de personnes peut-on réserver un airsoft battle EVG ?</h3>
<p>La majorité de nos partenaires acceptent les groupes <strong>à partir de 4 à 6 personnes</strong>. Au-delà de 12-15 participants, plusieurs créneaux sont organisés. Les conditions exactes varient selon la destination.</p>

<h3>Que faut-il prévoir pour un airsoft battle EVG ?</h3>
<p>Une <strong>pièce d'identité valide</strong> est généralement demandée. Le matériel et l'encadrement sont fournis par notre partenaire local. Prévoyez une tenue adaptée et des chaussures fermées. Détails complets fournis à la réservation.</p>

<h3>Dans quelles villes peut-on faire un airsoft battle EVG ?</h3>
<p>L'activité est disponible dans <strong>10 destinations</strong> Crazy-EVG : Bratislava, Bucarest, Budapest, Cracovie, Lyon, Madrid, Porto, Prague, Varsovie, Vilnius.</p>

<h3>Comment réserver un airsoft battle EVG ?</h3>
<p>Demandez un <a href=""https://www.crazy-evg.com/devis"">devis en 1 minute</a> sur Crazy-EVG. Notre équipe revient vers vous sous 24h avec un programme sur mesure et un tarif détaillé pour votre groupe.</p>
","947","{
  ""@context"": ""https://schema.org"",
  ""@graph"": [
    {
      ""@type"": ""Service"",
      ""@id"": ""https://www.crazy-evg.com/activity-category/airsoft-battle-evg#service"",
      ""name"": ""Airsoft battle EVG"",
      ""alternateName"": ""airsoft battle"",
      ""description"": ""Airsoft battle pour son EVG : combat tactique avec répliques d'armes en équipement complet. 10 destinations, devis 1 min. Adrénaline garantie."",
      ""serviceType"": ""Activité EVG"",
      ""category"": ""Enterrement de vie de garçon"",
      ""url"": ""https://www.crazy-evg.com/activity-category/airsoft-battle-evg"",
      ""provider"": {
        ""@type"": ""Organization"",
        ""@id"": ""https://www.crazy-evg.com/#organization"",
        ""name"": ""Crazy-EVG"",
        ""url"": ""https://www.crazy-evg.com"",
        ""telephone"": ""+33176215730"",
        ""email"": ""contact@crazy-evg.com"",
        ""address"": {
          ""@type"": ""PostalAddress"",
          ""streetAddress"": ""8 rue du Faubourg Poissonnière"",
          ""postalCode"": ""75010"",
          ""addressLocality"": ""Paris"",
          ""addressCountry"": ""FR""
        }
      },
      ""areaServed"": [
        {
          ""@type"": ""City"",
          ""name"": ""Bratislava""
        },
        {
          ""@type"": ""City"",
          ""name"": ""Bucarest""
        },
        {
          ""@type"": ""City"",
          ""name"": ""Budapest""
        },
        {
          ""@type"": ""City"",
          ""name"": ""Cracovie""
        },
        {
          ""@type"": ""City"",
          ""name"": ""Lyon""
        },
        {
          ""@type"": ""City"",
          ""name"": ""Madrid""
        },
        {
          ""@type"": ""City"",
          ""name"": ""Porto""
        },
        {
          ""@type"": ""City"",
          ""name"": ""Prague""
        },
        {
          ""@type"": ""City"",
          ""name"": ""Varsovie""
        },
        {
          ""@type"": ""City"",
          ""name"": ""Vilnius""
        }
      ],
      ""audience"": {
        ""@type"": ""Audience"",
        ""audienceType"": ""Groupe d'amis - Enterrement de vie de garçon"",
        ""suggestedMinAge"": 18
      },
      ""offers"": {
        ""@type"": ""AggregateOffer"",
        ""priceCurrency"": ""EUR"",
        ""lowPrice"": ""35"",
        ""highPrice"": ""79"",
        ""offerCount"": ""10"",
        ""availability"": ""https://schema.org/InStock""
      }
    },
    {
      ""@type"": ""FAQPage"",
      ""@id"": ""https://www.crazy-evg.com/activity-category/airsoft-battle-evg#faq"",
      ""mainEntity"": [
        {
          ""@type"": ""Question"",
          ""name"": ""Combien coûte un airsoft battle pour un EVG ?"",
          ""acceptedAnswer"": {
            ""@type"": ""Answer"",
            ""text"": ""Le tarif d'un airsoft battle EVG est compris entre 35 € et 79 € par personne. Le prix varie selon la destination, la taille du groupe et les options choisies. Demandez un devis en 1 minute pour un tarif personnalisé.""
          }
        },
        {
          ""@type"": ""Question"",
          ""name"": ""Combien de temps dure un airsoft battle EVG ?"",
          ""acceptedAnswer"": {
            ""@type"": ""Answer"",
            ""text"": ""La durée varie selon la formule, généralement entre 1h et 4h transferts inclus. Consultez la fiche détaillée de chaque destination pour le programme précis.""
          }
        },
        {
          ""@type"": ""Question"",
          ""name"": ""Faut-il un niveau particulier pour faire un airsoft battle EVG ?"",
          ""acceptedAnswer"": {
            ""@type"": ""Answer"",
            ""text"": ""Aucun niveau requis. Toutes nos sessions sont encadrées par un instructeur professionnel qui assure le briefing et l'accompagnement. L'activité est accessible aux débutants.""
          }
        },
        {
          ""@type"": ""Question"",
          ""name"": ""À partir de combien de personnes peut-on réserver un airsoft battle EVG ?"",
          ""acceptedAnswer"": {
            ""@type"": ""Answer"",
            ""text"": ""La majorité de nos partenaires acceptent les groupes à partir de 4 à 6 personnes. Les conditions exactes varient selon la destination. Au-delà de 12-15 participants, plusieurs créneaux sont organisés.""
          }
        },
        {
          ""@type"": ""Question"",
          ""name"": ""Que faut-il prévoir pour un airsoft battle EVG ?"",
          ""acceptedAnswer"": {
            ""@type"": ""Answer"",
            ""text"": ""Une pièce d'identité valide est généralement demandée. Le matériel et l'encadrement sont fournis par notre partenaire local. Prévoyez une tenue adaptée et des chaussures fermées. Détails complets fournis à la réservation.""
          }
        },
        {
          ""@type"": ""Question"",
          ""name"": ""Dans quelles villes peut-on faire un airsoft battle EVG ?"",
          ""acceptedAnswer"": {
            ""@type"": ""Answer"",
            ""text"": ""L'activité airsoft battle est disponible dans 10 destinations Crazy-EVG : Bratislava, Bucarest, Budapest, Cracovie, Lyon, Madrid, Porto, Prague, Varsovie, Vilnius.""
          }
        },
        {
          ""@type"": ""Question"",
          ""name"": ""Comment réserver un airsoft battle EVG ?"",
          ""acceptedAnswer"": {
            ""@type"": ""Answer"",
            ""text"": ""Demandez un devis en 1 minute sur Crazy-EVG. Notre équipe revient vers vous sous 24h avec un programme sur mesure et un tarif détaillé pour votre groupe.""
          }
        }
      ]
    },
    {
      ""@type"": ""BreadcrumbList"",
      ""@id"": ""https://www.crazy-evg.com/activity-category/airsoft-battle-evg#breadcrumb"",
      ""itemListElement"": [
        {
          ""@type"": ""ListItem"",
          ""position"": 1,
          ""name"": ""Accueil"",
          ""item"": ""https://www.crazy-evg.com/""
        },
        {
          ""@type"": ""ListItem"",
          ""position"": 2,
          ""name"": ""Activités EVG"",
          ""item"": ""https://www.crazy-evg.com/activites-evg""
        },
        {
          ""@type"": ""ListItem"",
          ""position"": 3,
          ""name"": ""Airsoft battle EVG : combat tactique entre potes"",
          ""item"": ""https://www.crazy-evg.com/activity-category/airsoft-battle-evg""
        }
      ]
    }
  ]
}","6042"
"https://www.crazy-evg.com/activity-category/journee-ski-evg","journee-ski-evg","Journee Ski","P2 - Sleeping giant","","evg au ski","Journée Ski | Activité EVG | Crazy-EVG","Journée Ski pour votre EVG : Le futur marié est fan des sports de glisse? Offrez-lui une journée au ski pour son enterrement de vie de garçon","EVG au ski : journée pistes & remontées | Crazy-EVG","51","EVG au ski : journée sur les pistes, location matériel et forfaits inclus. Idéal en hiver entre potes. Devis 1 minute, séjour clés en main.","139","EVG au ski","6","574","0,01045296","5,90069686","<!-- Page: https://www.crazy-evg.com/activity-category/journee-ski-evg -->
<!-- Title: EVG au ski : journée pistes & remontées | Crazy-EVG -->
<!-- Meta: EVG au ski : journée sur les pistes, location matériel et forfaits inclus. Idéal en hiver entre potes. Devis 1 minute, séjour clés en main. -->

<h1>EVG au ski</h1>

<!-- BLOC A — Introduction -->
<p>L'<strong>EVG au ski</strong>, c'est l'option hivernale (et pour certains, la meilleure de toutes) : journée sur les pistes, après-ski musclé, location matériel et forfaits inclus. Le format idéal pour un enterrement de vie de garçon entre amateurs de glisse — ou pour ceux qui veulent enfin apprendre à skier en se ridiculisant ensemble.</p>
<p>Disponible dans nos destinations montagne (Annecy, Andorre), l'<a href=""https://www.crazy-evg.com/enterrement-de-vie-de-garcon"">EVG ski</a> combine la <strong>journée sport</strong> et la <strong>soirée festive</strong> en chalet ou bar d'altitude. Toutes les options possibles : ski alpin, snowboard, cours pour débutants, raquettes, motoneige selon les domaines.</p>

<!-- BLOC B — Pourquoi choisir -->
<h2>Pourquoi choisir le journee ski pour son EVG ?</h2>
<ul>
  <li><strong>Une expérience montagne complète :</strong> ski/snow le jour, après-ski et chalet le soir.</li>
  <li><strong>Tout inclus :</strong> forfait remontées, location matériel, hébergement chalet ou résidence.</li>
  <li><strong>Adapté à tous niveaux :</strong> du débutant au skieur confirmé, plusieurs domaines reliés.</li>
  <li><strong>L'occasion d'enchaîner :</strong> ski le matin, sauna l'après-midi, raclette le soir, soirée bar.</li>
</ul>

<!-- BLOC C — L'expérience en détail -->
<h2>L'expérience journee ski en détail</h2>
<p>Programme type d'un week-end ski EVG :</p>
<p><strong>À Ski en Andorre :</strong> Crazy Ski! Vous avez envie de célébrer votre enterrement de vie de garçon dans la neige ? Le mariage est en avril et vous ne pouvez pas attendre les week-ends fériés pour partir ? Vous avez déjà simplement visité toute l'Europe et vous avez envie de faire autre chose qu'un city trip ? Crazy-Voyages </p>
<p><strong>À Lyon :</strong> Plus besoin d’attendre l’hiver pour aller skier : skier au chaud et près de chez vous lors de votre Enterrement de Vie de Garçon à Lyon ! Prenez un maximum de plaisir sur notre tapis synthétique « sans fin » avec possibilité de moduler l’inclinaison et la vitesse ! Sous les conseils avisés de monite</p>

<!-- BLOC D — Ce qui est inclus -->
<h2>Ce qui est inclus dans un journee ski EVG</h2>
<ul>
  <li>Location de ski, chaussures et bâtons</li>
  <li>Location pour 2 jours</li>
  <li>Piste de ski privatisée pour 1h (jusqu'à12 personnes, 2h de privatisation au delà)</li>
  <li>Le prêt du matériel (chaussures, ski, bâtons, casques)</li>
  <li>L'encadrement par un moniteur</li>
  <li>Cours de ski</li>
  <li>Durée: 3h</li>
  <li>Instructeur</li>
  <li>Max 12 personnes</li>
  <li>Skis déclassés maxi 4 ans, entièrement révisés et en bon état de fonctionnement</li>
</ul>

<!-- BLOC E — Tarif -->
<h2>Combien coûte un journee ski EVG ?</h2>
<table>
  <thead><tr><th>Critère</th><th>Fourchette</th><th>Précisions</th></tr></thead>
  <tbody>
    <tr><td>Tarif</td><td><strong>79 € à 149 € par personne</strong></td><td>Selon la destination et la formule</td></tr>
    <tr><td>Durée</td><td>1h à 4h</td><td>Transferts inclus selon les destinations</td></tr>
    <tr><td>Taille du groupe</td><td>Selon la formule, généralement 4 à 15+ pers.</td><td>Au-delà : créneaux multiples</td></tr>
    <tr><td>Nombre de destinations</td><td>2</td><td>Voir la grille ci-dessous</td></tr>
    <tr><td>Délai de réservation</td><td>5 à 14 jours</td><td>Selon la destination et la saison</td></tr>
  </tbody>
</table>

<!-- BLOC F — Destinations -->
<h2>Où faire un journee ski pour un EVG ?</h2>
<p>L'activité <strong>EVG au ski</strong> est disponible dans <strong>2 destinations</strong> Crazy-EVG : Lyon, Ski en Andorre.</p>

<!-- BLOC G — Comparatif destinations -->
<h3>Comparatif rapide des destinations</h3>
<ul>
  <li><strong><a href=""https://www.crazy-evg.com/enterrement-de-vie-de-garcon-ski-en-andorre/journee-ski-activites"">Journee Ski EVG à Ski en Andorre</a></strong> — Crazy Ski! Vous avez envie de célébrer votre enterrement de vie de garçon dans la neige ? Le mariage est en avril et vous ne pouvez pas attendre les week-ends fériés pour partir ? Vous avez déjà simplement visité toute l'Europe et vous avez envie de faire autre chose qu'un city t</li>
  <li><strong><a href=""https://www.crazy-evg.com/enterrement-de-vie-de-garcon-lyon/journee-ski-activites"">Journee Ski EVG à Lyon</a></strong> — Plus besoin d’attendre l’hiver pour aller skier : skier au chaud et près de chez vous lors de votre Enterrement de Vie de Garçon à Lyon ! Prenez un maximum de plaisir sur notre tapis synthétique « sans fin » avec possibilité de moduler l’inclinaison et la vitesse ! Sous les conse</li>
  <li><strong><a href=""https://www.crazy-evg.com/enterrement-de-vie-de-garcon-ski-en-andorre/journee-ski-activites"">Journee Ski EVG à Ski en Andorre</a></strong> — Pack Location Ski Pack Découverte: Nos skis spécialement sélectionnés pour les débutants sont légers et très souples, offrant une maniabilité facile et un apprentissage en douceur. Conçus pour vous aider à vous sentir en confiance sur les pistes, ces skis sont parfaits pour les n</li>
</ul>

<!-- BLOC H — Activités liées -->
<h2>Ces activités EVG vont aussi vous plaire</h2>
<ul>
  <li><a href=""https://www.crazy-evg.com/activity-category/canyoning-evg"">Canyoning EVG</a></li>
  <li><a href=""https://www.crazy-evg.com/activity-category/rafting-eaux-vives-evg"">Rafting EVG</a></li>
  <li><a href=""https://www.crazy-evg.com/activity-category/parapente-evg"">Parapente EVG</a></li>
  <li><a href=""https://www.crazy-evg.com/activity-category/saut-en-parachute-evg"">Saut en parachute EVG</a></li>
  <li><a href=""https://www.crazy-evg.com/activity-category/quad-buggy-evg"">Quad & buggy EVG</a></li>
</ul>

<!-- BLOC I — FAQ -->
<h2>FAQ — EVG au ski</h2>

<h3>Combien coûte un journee ski pour un EVG ?</h3>
<p>Le tarif d'un journee ski EVG est compris <strong>entre 79 € et 149 € par personne</strong>. Le prix varie selon la destination, la taille du groupe et les options choisies. Demandez un <a href=""https://www.crazy-evg.com/devis"">devis en 1 minute</a> pour un tarif personnalisé.</p>

<h3>Combien de temps dure un journee ski EVG ?</h3>
<p>La durée varie selon la formule, généralement <strong>entre 1h et 4h transferts inclus</strong>. Consultez la fiche détaillée de chaque destination pour le programme précis.</p>

<h3>Faut-il un niveau particulier pour faire un journee ski EVG ?</h3>
<p>Aucun niveau requis. Toutes nos sessions sont <strong>encadrées par un instructeur professionnel</strong> qui assure le briefing et l'accompagnement. L'activité est accessible aux débutants.</p>

<h3>À partir de combien de personnes peut-on réserver un journee ski EVG ?</h3>
<p>La majorité de nos partenaires acceptent les groupes <strong>à partir de 4 à 6 personnes</strong>. Au-delà de 12-15 participants, plusieurs créneaux sont organisés. Les conditions exactes varient selon la destination.</p>

<h3>Que faut-il prévoir pour un journee ski EVG ?</h3>
<p>Une <strong>pièce d'identité valide</strong> est généralement demandée. Le matériel et l'encadrement sont fournis par notre partenaire local. Prévoyez une tenue adaptée et des chaussures fermées. Détails complets fournis à la réservation.</p>

<h3>Dans quelles villes peut-on faire un journee ski EVG ?</h3>
<p>L'activité est disponible dans <strong>2 destinations</strong> Crazy-EVG : Lyon, Ski en Andorre.</p>

<h3>Comment réserver un journee ski EVG ?</h3>
<p>Demandez un <a href=""https://www.crazy-evg.com/devis"">devis en 1 minute</a> sur Crazy-EVG. Notre équipe revient vers vous sous 24h avec un programme sur mesure et un tarif détaillé pour votre groupe.</p>
","1016","{
  ""@context"": ""https://schema.org"",
  ""@graph"": [
    {
      ""@type"": ""Service"",
      ""@id"": ""https://www.crazy-evg.com/activity-category/journee-ski-evg#service"",
      ""name"": ""EVG au ski"",
      ""alternateName"": ""evg au ski"",
      ""description"": ""EVG au ski : journée sur les pistes, location matériel et forfaits inclus. Idéal en hiver entre potes. Devis 1 minute, séjour clés en main."",
      ""serviceType"": ""Activité EVG"",
      ""category"": ""Enterrement de vie de garçon"",
      ""url"": ""https://www.crazy-evg.com/activity-category/journee-ski-evg"",
      ""provider"": {
        ""@type"": ""Organization"",
        ""@id"": ""https://www.crazy-evg.com/#organization"",
        ""name"": ""Crazy-EVG"",
        ""url"": ""https://www.crazy-evg.com"",
        ""telephone"": ""+33176215730"",
        ""email"": ""contact@crazy-evg.com"",
        ""address"": {
          ""@type"": ""PostalAddress"",
          ""streetAddress"": ""8 rue du Faubourg Poissonnière"",
          ""postalCode"": ""75010"",
          ""addressLocality"": ""Paris"",
          ""addressCountry"": ""FR""
        }
      },
      ""areaServed"": [
        {
          ""@type"": ""City"",
          ""name"": ""Lyon""
        },
        {
          ""@type"": ""City"",
          ""name"": ""Ski en Andorre""
        }
      ],
      ""audience"": {
        ""@type"": ""Audience"",
        ""audienceType"": ""Groupe d'amis - Enterrement de vie de garçon"",
        ""suggestedMinAge"": 18
      },
      ""offers"": {
        ""@type"": ""AggregateOffer"",
        ""priceCurrency"": ""EUR"",
        ""lowPrice"": ""79"",
        ""highPrice"": ""149"",
        ""offerCount"": ""2"",
        ""availability"": ""https://schema.org/InStock""
      }
    },
    {
      ""@type"": ""FAQPage"",
      ""@id"": ""https://www.crazy-evg.com/activity-category/journee-ski-evg#faq"",
      ""mainEntity"": [
        {
          ""@type"": ""Question"",
          ""name"": ""Combien coûte un journee ski pour un EVG ?"",
          ""acceptedAnswer"": {
            ""@type"": ""Answer"",
            ""text"": ""Le tarif d'un journee ski EVG est compris entre 79 € et 149 € par personne. Le prix varie selon la destination, la taille du groupe et les options choisies. Demandez un devis en 1 minute pour un tarif personnalisé.""
          }
        },
        {
          ""@type"": ""Question"",
          ""name"": ""Combien de temps dure un journee ski EVG ?"",
          ""acceptedAnswer"": {
            ""@type"": ""Answer"",
            ""text"": ""La durée varie selon la formule, généralement entre 1h et 4h transferts inclus. Consultez la fiche détaillée de chaque destination pour le programme précis.""
          }
        },
        {
          ""@type"": ""Question"",
          ""name"": ""Faut-il un niveau particulier pour faire un journee ski EVG ?"",
          ""acceptedAnswer"": {
            ""@type"": ""Answer"",
            ""text"": ""Aucun niveau requis. Toutes nos sessions sont encadrées par un instructeur professionnel qui assure le briefing et l'accompagnement. L'activité est accessible aux débutants.""
          }
        },
        {
          ""@type"": ""Question"",
          ""name"": ""À partir de combien de personnes peut-on réserver un journee ski EVG ?"",
          ""acceptedAnswer"": {
            ""@type"": ""Answer"",
            ""text"": ""La majorité de nos partenaires acceptent les groupes à partir de 4 à 6 personnes. Les conditions exactes varient selon la destination. Au-delà de 12-15 participants, plusieurs créneaux sont organisés.""
          }
        },
        {
          ""@type"": ""Question"",
          ""name"": ""Que faut-il prévoir pour un journee ski EVG ?"",
          ""acceptedAnswer"": {
            ""@type"": ""Answer"",
            ""text"": ""Une pièce d'identité valide est généralement demandée. Le matériel et l'encadrement sont fournis par notre partenaire local. Prévoyez une tenue adaptée et des chaussures fermées. Détails complets fournis à la réservation.""
          }
        },
        {
          ""@type"": ""Question"",
          ""name"": ""Dans quelles villes peut-on faire un journee ski EVG ?"",
          ""acceptedAnswer"": {
            ""@type"": ""Answer"",
            ""text"": ""L'activité journee ski est disponible dans 2 destinations Crazy-EVG : Lyon, Ski en Andorre.""
          }
        },
        {
          ""@type"": ""Question"",
          ""name"": ""Comment réserver un journee ski EVG ?"",
          ""acceptedAnswer"": {
            ""@type"": ""Answer"",
            ""text"": ""Demandez un devis en 1 minute sur Crazy-EVG. Notre équipe revient vers vous sous 24h avec un programme sur mesure et un tarif détaillé pour votre groupe.""
          }
        }
      ]
    },
    {
      ""@type"": ""BreadcrumbList"",
      ""@id"": ""https://www.crazy-evg.com/activity-category/journee-ski-evg#breadcrumb"",
      ""itemListElement"": [
        {
          ""@type"": ""ListItem"",
          ""position"": 1,
          ""name"": ""Accueil"",
          ""item"": ""https://www.crazy-evg.com/""
        },
        {
          ""@type"": ""ListItem"",
          ""position"": 2,
          ""name"": ""Activités EVG"",
          ""item"": ""https://www.crazy-evg.com/activites-evg""
        },
        {
          ""@type"": ""ListItem"",
          ""position"": 3,
          ""name"": ""EVG au ski : journée pistes & remontées"",
          ""item"": ""https://www.crazy-evg.com/activity-category/journee-ski-evg""
        }
      ]
    }
  ]
}","5308"
"https://www.crazy-evg.com/activity-category/degustation-bieres-evg","degustation-bieres-evg","Degustation Bieres","P2 - Sleeping giant","A optimisée","degustation bieres evg","Dégustation de bière | Activité EVG | Crazy-EVG","Pour votre enterrement de vie de garçon, faites l'expérience d'une visite de brasserie. Dégustez de véritables bières artisanales lors de votre EVG.","Dégustation de bières EVG : atelier brassicole | Crazy-EVG","58","Dégustation de bières pour son EVG : atelier guidé, brasseries locales, 11 destinations dont Prague, Berlin, Bruxelles. Devis en 1 minute.","138","Dégustation de bières EVG","1","26","0,03846154","8,76923077","<!-- Page: https://www.crazy-evg.com/activity-category/degustation-bieres-evg -->
<!-- Title: Dégustation de bières EVG : atelier brassicole | Crazy-EVG -->
<!-- Meta: Dégustation de bières pour son EVG : atelier guidé, brasseries locales, 11 destinations dont Prague, Berlin, Bruxelles. Devis en 1 minute. -->

<h1>Dégustation de bières EVG</h1>

<!-- BLOC A — Introduction -->
<p>La <strong>dégustation de bières EVG</strong> est l'animation parfaite pour démarrer un enterrement de vie de garçon en douceur — ou en force, selon le rythme imposé. Atelier guidé par un <em>maître brasseur</em>, visite de brasserie locale, dégustation de 5 à 10 bières artisanales avec planches de charcuterie/fromage : le combo culture-débauche-conviabilité.</p>
<p>Disponible dans 11 destinations EVG dont les capitales brassicoles européennes (Bruxelles, Berlin, Prague, Amsterdam), la dégustation de bières s'adresse aussi bien aux <strong>connaisseurs</strong> qu'aux groupes qui veulent juste <strong>boire en bonne compagnie</strong>. Comptez 1h30 à 2h d'activité.</p>

<!-- BLOC B — Pourquoi choisir -->
<h2>Pourquoi choisir le degustation bieres pour son EVG ?</h2>
<ul>
  <li><strong>Animation pédagogique :</strong> initiation à la dégustation, accords mets-bières, vocabulaire pro.</li>
  <li><strong>Lieux d'exception :</strong> brasseries artisanales, caves voûtées, micro-brasseries de centre-ville.</li>
  <li><strong>Parfaite ouverture d'EVG :</strong> on commence léger, on prépare le terrain pour la soirée.</li>
  <li><strong>Capitales brassicoles couvertes :</strong> Bruxelles, Berlin, Prague, Amsterdam, etc.</li>
</ul>

<!-- BLOC C — L'expérience en détail -->
<h2>L'expérience degustation bieres en détail</h2>
<p>Programme type d'une dégustation :</p>
<p><strong>À Bratislava :</strong> Si toi aussi tu es fan de bières, cette activité est faite pour toi ! Pendant votre week-end d'enterrement de vie de garçon à Bratislava, on vous propose de visiter une véritable Brasserie.</p>
<p><strong>À Bruxelles :</strong> ""Tu n'aimes pas la bière toi ? Faux, tu CROIS que tu n'aimes pas la bière !"" Un enterrement de vie de garçon sans bière ne sera jamais un vrai EVG, surtout pas en Belgique qui est le temple de la bière.</p>

<!-- BLOC D — Ce qui est inclus -->
<h2>Ce qui est inclus dans un degustation bieres EVG</h2>
<ul>
  <li>Guide locale</li>
  <li>8 personnes minimum</li>
  <li>Table réservée pour votre groupe</li>
  <li>5 personnes minimum</li>
  <li>Visite d'une brasserie locale de la vieille ville</li>
  <li>Explications sur l'histoire de la bière, explication du processus de fabrication</li>
  <li>Dégustation de 5 bières différentes</li>
  <li>Blonde, Brune, Rousse... il y en a pour tous les goûts</li>
  <li>Durée : 1h30</li>
  <li>Environ 45mn d'activité</li>
</ul>

<!-- BLOC E — Tarif -->
<h2>Combien coûte un degustation bieres EVG ?</h2>
<table>
  <thead><tr><th>Critère</th><th>Fourchette</th><th>Précisions</th></tr></thead>
  <tbody>
    <tr><td>Tarif</td><td><strong>29 € à 59 € par personne</strong></td><td>Selon la destination et la formule</td></tr>
    <tr><td>Durée</td><td>1h à 4h</td><td>Transferts inclus selon les destinations</td></tr>
    <tr><td>Taille du groupe</td><td>Selon la formule, généralement 4 à 15+ pers.</td><td>Au-delà : créneaux multiples</td></tr>
    <tr><td>Nombre de destinations</td><td>11</td><td>Voir la grille ci-dessous</td></tr>
    <tr><td>Délai de réservation</td><td>5 à 14 jours</td><td>Selon la destination et la saison</td></tr>
  </tbody>
</table>

<!-- BLOC F — Destinations -->
<h2>Où faire un degustation bieres pour un EVG ?</h2>
<p>L'activité <strong>Dégustation de bières EVG</strong> est disponible dans <strong>11 destinations</strong> Crazy-EVG : Amsterdam, Barcelone, Bratislava, Bruxelles, Bucarest, Budapest, Lisbonne, Madrid, Prague, Varsovie, Vilnius.</p>

<!-- BLOC G — Comparatif destinations -->
<h3>Comparatif rapide des destinations</h3>
<ul>
  <li><strong><a href=""https://www.crazy-evg.com/enterrement-de-vie-de-garcon-bratislava/degustation-bieres-activites"">Degustation Bieres EVG à Bratislava</a></strong> — Si toi aussi tu es fan de bières, cette activité est faite pour toi ! Pendant votre week-end d'enterrement de vie de garçon à Bratislava, on vous propose de visiter une véritable Brasserie. Ici, il n'est pas question de boire simplement une bière qu'on pourrait prendre dans n'imp</li>
  <li><strong><a href=""https://www.crazy-evg.com/enterrement-de-vie-de-garcon-bruxelles/degustation-bieres-activites"">Degustation Bieres EVG à Bruxelles</a></strong> — ""Tu n'aimes pas la bière toi ? Faux, tu CROIS que tu n'aimes pas la bière !"" Un enterrement de vie de garçon sans bière ne sera jamais un vrai EVG, surtout pas en Belgique qui est le temple de la bière. Directement dans votre hébergement, vous recevrez une initiation à la ""blonde</li>
  <li><strong><a href=""https://www.crazy-evg.com/enterrement-de-vie-de-garcon-bucarest/degustation-bieres-activites"">Degustation Bieres EVG à Bucarest</a></strong> — Offrez-vous une dégustation de bières roumaines lors de votre enterrement de vie de garçon à Bucarest ! Tout groupe de potes qui se respecte s'adonne à des soirées bières de temps en temps. Nous vous proposons de perpétrer cette tradition jusque pendant votre week-end d'enterreme</li>
</ul>

<!-- BLOC H — Activités liées -->
<h2>Ces activités EVG vont aussi vous plaire</h2>
<ul>
  <li><a href=""https://www.crazy-evg.com/activity-category/beer-bike-evg"">Beer bike EVG</a></li>
  <li><a href=""https://www.crazy-evg.com/activity-category/tournee-bars-evg"">Tournée des bars EVG</a></li>
  <li><a href=""https://www.crazy-evg.com/activity-category/boite-bouteilles-evg"">Boîte et bouteilles EVG</a></li>
  <li><a href=""https://www.crazy-evg.com/activity-category/crazy-night-evg"">Crazy Night EVG</a></li>
  <li><a href=""https://www.crazy-evg.com/activity-category/diner-strip-evg"">Dîner strip EVG</a></li>
</ul>

<!-- BLOC I — FAQ -->
<h2>FAQ — Dégustation de bières EVG</h2>

<h3>Combien coûte un degustation bieres pour un EVG ?</h3>
<p>Le tarif d'un degustation bieres EVG est compris <strong>entre 29 € et 59 € par personne</strong>. Le prix varie selon la destination, la taille du groupe et les options choisies. Demandez un <a href=""https://www.crazy-evg.com/devis"">devis en 1 minute</a> pour un tarif personnalisé.</p>

<h3>Combien de temps dure un degustation bieres EVG ?</h3>
<p>La durée varie selon la formule, généralement <strong>entre 1h et 4h transferts inclus</strong>. Consultez la fiche détaillée de chaque destination pour le programme précis.</p>

<h3>Faut-il un niveau particulier pour faire un degustation bieres EVG ?</h3>
<p>Aucun niveau requis. Toutes nos sessions sont <strong>encadrées par un instructeur professionnel</strong> qui assure le briefing et l'accompagnement. L'activité est accessible aux débutants.</p>

<h3>À partir de combien de personnes peut-on réserver un degustation bieres EVG ?</h3>
<p>La majorité de nos partenaires acceptent les groupes <strong>à partir de 4 à 6 personnes</strong>. Au-delà de 12-15 participants, plusieurs créneaux sont organisés. Les conditions exactes varient selon la destination.</p>

<h3>Que faut-il prévoir pour un degustation bieres EVG ?</h3>
<p>Une <strong>pièce d'identité valide</strong> est généralement demandée. Le matériel et l'encadrement sont fournis par notre partenaire local. Prévoyez une tenue adaptée et des chaussures fermées. Détails complets fournis à la réservation.</p>

<h3>Dans quelles villes peut-on faire un degustation bieres EVG ?</h3>
<p>L'activité est disponible dans <strong>11 destinations</strong> Crazy-EVG : Amsterdam, Barcelone, Bratislava, Bruxelles, Bucarest, Budapest, Lisbonne, Madrid, Prague, Varsovie, Vilnius.</p>

<h3>Comment réserver un degustation bieres EVG ?</h3>
<p>Demandez un <a href=""https://www.crazy-evg.com/devis"">devis en 1 minute</a> sur Crazy-EVG. Notre équipe revient vers vous sous 24h avec un programme sur mesure et un tarif détaillé pour votre groupe.</p>
","972","{
  ""@context"": ""https://schema.org"",
  ""@graph"": [
    {
      ""@type"": ""Service"",
      ""@id"": ""https://www.crazy-evg.com/activity-category/degustation-bieres-evg#service"",
      ""name"": ""Dégustation de bières EVG"",
      ""alternateName"": ""degustation bieres evg"",
      ""description"": ""Dégustation de bières pour son EVG : atelier guidé, brasseries locales, 11 destinations dont Prague, Berlin, Bruxelles. Devis en 1 minute."",
      ""serviceType"": ""Activité EVG"",
      ""category"": ""Enterrement de vie de garçon"",
      ""url"": ""https://www.crazy-evg.com/activity-category/degustation-bieres-evg"",
      ""provider"": {
        ""@type"": ""Organization"",
        ""@id"": ""https://www.crazy-evg.com/#organization"",
        ""name"": ""Crazy-EVG"",
        ""url"": ""https://www.crazy-evg.com"",
        ""telephone"": ""+33176215730"",
        ""email"": ""contact@crazy-evg.com"",
        ""address"": {
          ""@type"": ""PostalAddress"",
          ""streetAddress"": ""8 rue du Faubourg Poissonnière"",
          ""postalCode"": ""75010"",
          ""addressLocality"": ""Paris"",
          ""addressCountry"": ""FR""
        }
      },
      ""areaServed"": [
        {
          ""@type"": ""City"",
          ""name"": ""Amsterdam""
        },
        {
          ""@type"": ""City"",
          ""name"": ""Barcelone""
        },
        {
          ""@type"": ""City"",
          ""name"": ""Bratislava""
        },
        {
          ""@type"": ""City"",
          ""name"": ""Bruxelles""
        },
        {
          ""@type"": ""City"",
          ""name"": ""Bucarest""
        },
        {
          ""@type"": ""City"",
          ""name"": ""Budapest""
        },
        {
          ""@type"": ""City"",
          ""name"": ""Lisbonne""
        },
        {
          ""@type"": ""City"",
          ""name"": ""Madrid""
        },
        {
          ""@type"": ""City"",
          ""name"": ""Prague""
        },
        {
          ""@type"": ""City"",
          ""name"": ""Varsovie""
        },
        {
          ""@type"": ""City"",
          ""name"": ""Vilnius""
        }
      ],
      ""audience"": {
        ""@type"": ""Audience"",
        ""audienceType"": ""Groupe d'amis - Enterrement de vie de garçon"",
        ""suggestedMinAge"": 18
      },
      ""offers"": {
        ""@type"": ""AggregateOffer"",
        ""priceCurrency"": ""EUR"",
        ""lowPrice"": ""29"",
        ""highPrice"": ""59"",
        ""offerCount"": ""11"",
        ""availability"": ""https://schema.org/InStock""
      }
    },
    {
      ""@type"": ""FAQPage"",
      ""@id"": ""https://www.crazy-evg.com/activity-category/degustation-bieres-evg#faq"",
      ""mainEntity"": [
        {
          ""@type"": ""Question"",
          ""name"": ""Combien coûte un degustation bieres pour un EVG ?"",
          ""acceptedAnswer"": {
            ""@type"": ""Answer"",
            ""text"": ""Le tarif d'un degustation bieres EVG est compris entre 29 € et 59 € par personne. Le prix varie selon la destination, la taille du groupe et les options choisies. Demandez un devis en 1 minute pour un tarif personnalisé.""
          }
        },
        {
          ""@type"": ""Question"",
          ""name"": ""Combien de temps dure un degustation bieres EVG ?"",
          ""acceptedAnswer"": {
            ""@type"": ""Answer"",
            ""text"": ""La durée varie selon la formule, généralement entre 1h et 4h transferts inclus. Consultez la fiche détaillée de chaque destination pour le programme précis.""
          }
        },
        {
          ""@type"": ""Question"",
          ""name"": ""Faut-il un niveau particulier pour faire un degustation bieres EVG ?"",
          ""acceptedAnswer"": {
            ""@type"": ""Answer"",
            ""text"": ""Aucun niveau requis. Toutes nos sessions sont encadrées par un instructeur professionnel qui assure le briefing et l'accompagnement. L'activité est accessible aux débutants.""
          }
        },
        {
          ""@type"": ""Question"",
          ""name"": ""À partir de combien de personnes peut-on réserver un degustation bieres EVG ?"",
          ""acceptedAnswer"": {
            ""@type"": ""Answer"",
            ""text"": ""La majorité de nos partenaires acceptent les groupes à partir de 4 à 6 personnes. Les conditions exactes varient selon la destination. Au-delà de 12-15 participants, plusieurs créneaux sont organisés.""
          }
        },
        {
          ""@type"": ""Question"",
          ""name"": ""Que faut-il prévoir pour un degustation bieres EVG ?"",
          ""acceptedAnswer"": {
            ""@type"": ""Answer"",
            ""text"": ""Une pièce d'identité valide est généralement demandée. Le matériel et l'encadrement sont fournis par notre partenaire local. Prévoyez une tenue adaptée et des chaussures fermées. Détails complets fournis à la réservation.""
          }
        },
        {
          ""@type"": ""Question"",
          ""name"": ""Dans quelles villes peut-on faire un degustation bieres EVG ?"",
          ""acceptedAnswer"": {
            ""@type"": ""Answer"",
            ""text"": ""L'activité degustation bieres est disponible dans 11 destinations Crazy-EVG : Amsterdam, Barcelone, Bratislava, Bruxelles, Bucarest, Budapest, Lisbonne, Madrid, Prague, Varsovie, Vilnius.""
          }
        },
        {
          ""@type"": ""Question"",
          ""name"": ""Comment réserver un degustation bieres EVG ?"",
          ""acceptedAnswer"": {
            ""@type"": ""Answer"",
            ""text"": ""Demandez un devis en 1 minute sur Crazy-EVG. Notre équipe revient vers vous sous 24h avec un programme sur mesure et un tarif détaillé pour votre groupe.""
          }
        }
      ]
    },
    {
      ""@type"": ""BreadcrumbList"",
      ""@id"": ""https://www.crazy-evg.com/activity-category/degustation-bieres-evg#breadcrumb"",
      ""itemListElement"": [
        {
          ""@type"": ""ListItem"",
          ""position"": 1,
          ""name"": ""Accueil"",
          ""item"": ""https://www.crazy-evg.com/""
        },
        {
          ""@type"": ""ListItem"",
          ""position"": 2,
          ""name"": ""Activités EVG"",
          ""item"": ""https://www.crazy-evg.com/activites-evg""
        },
        {
          ""@type"": ""ListItem"",
          ""position"": 3,
          ""name"": ""Dégustation de bières EVG : atelier brassicole"",
          ""item"": ""https://www.crazy-evg.com/activity-category/degustation-bieres-evg""
        }
      ]
    }
  ]
}","6218"
"https://www.crazy-evg.com/activity-category/croisiere-bateau-evg","croisiere-bateau-evg","Croisiere Bateau","P2 - Sleeping giant","","croisiere bateau evg","Croisière | Activité EVG | Crazy-EVG","Pour votre EVG, faites l'expérience d'une croisière en voilier ou catamaran. Prenez le large et détendez-vous avec l'activité croisière lors de votre EVG","Croisière bateau EVG : privatisation sur l'eau | Crazy-EVG","58","Croisière bateau pour son EVG : bateau privatisé entre potes, open bar et musique. 20 destinations en mer ou sur fleuve. Devis en 1 minute.","139","Croisière en bateau EVG","13","255","0,05098039","8,80784314","<!-- Page: https://www.crazy-evg.com/activity-category/croisiere-bateau-evg -->
<!-- Title: Croisière bateau EVG : privatisation sur l'eau | Crazy-EVG -->
<!-- Meta: Croisière bateau pour son EVG : bateau privatisé entre potes, open bar et musique. 20 destinations en mer ou sur fleuve. Devis en 1 minute. -->

<h1>Croisière en bateau EVG</h1>

<!-- BLOC A — Introduction -->
<p>La <strong>croisière en bateau pour EVG</strong> est l'activité reine de la fête sur l'eau : <strong>bateau privatisé</strong>, open bar, musique à fond, équipage pro qui gère la manœuvre, et 2 à 4 heures à voguer entre potes. Selon les destinations, c'est sur la mer (Barcelone, Marbella, Albufeira, Ibiza), un fleuve mythique (Danube à Budapest, Vltava à Prague) ou un lac.</p>
<p>Format adapté aux groupes de 8 à 50 personnes, la <strong>croisière bateau EVG</strong> est l'option idéale pour rassembler tout le monde au même endroit, avec une vue spectaculaire en bonus. Disponible dans 20 destinations Crazy-EVG, c'est aussi le format qui se combine le mieux avec un dîner ou un strip-tease à bord.</p>

<!-- BLOC B — Pourquoi choisir -->
<h2>Pourquoi choisir le croisiere bateau pour son EVG ?</h2>
<ul>
  <li><strong>Bateau entièrement privatisé :</strong> votre groupe seul à bord, pas de touristes.</li>
  <li><strong>Open bar inclus :</strong> bières, cocktails, softs selon les formules.</li>
  <li><strong>Vue spectaculaire :</strong> Marbella, Barcelone, le Danube, le Vltava ou le port d'Ibiza.</li>
  <li><strong>Compatible avec d'autres animations :</strong> dîner à bord, strip-tease, DJ, jet ski en arrêt baignade.</li>
</ul>

<!-- BLOC C — L'expérience en détail -->
<h2>L'expérience croisiere bateau en détail</h2>
<p>Croisière type :</p>
<p><strong>À Amsterdam :</strong> Le point de RDV est en centre-ville donc accessible à pieds ou en transport en commun. La guide vous accompagne jusqu'au lieu de départ. Le bateau est privatisé pour votre groupe, ainsi l'activité requiert un minimum de 8 participants pour profiter du meilleur prix.</p>
<p><strong>À Amsterdam :</strong> La Croisière Open Bar est tout bonnement l'activité EVG à faire à Amsterdam pour son enterrement de vie de garçon. Avec des bières, vin et softs à volonté, vous avez là toutes les clés pour découvrir la ville de façon à la fois festive et détendue.</p>

<!-- BLOC D — Ce qui est inclus -->
<h2>Ce qui est inclus dans un croisiere bateau EVG</h2>
<ul>
  <li>Bière, vin et softs à volonté</li>
  <li>Bateau privatisé pour le groupe</li>
  <li>Une croisière d'une heure sur le Danube</li>
  <li>Un skipper vous guide tout le long du trajet</li>
  <li>Présence de votre guide locale anglophone</li>
  <li>Croisière publique</li>
  <li>Durée: 2 heures</li>
  <li>Skipper</li>
  <li>Dernier départ à 17h00</li>
  <li>Présence de votre guide locale</li>
</ul>

<!-- BLOC E — Tarif -->
<h2>Combien coûte un croisiere bateau EVG ?</h2>
<table>
  <thead><tr><th>Critère</th><th>Fourchette</th><th>Précisions</th></tr></thead>
  <tbody>
    <tr><td>Tarif</td><td><strong>39 € à 119 € par personne</strong></td><td>Selon la destination et la formule</td></tr>
    <tr><td>Durée</td><td>1h à 4h</td><td>Transferts inclus selon les destinations</td></tr>
    <tr><td>Taille du groupe</td><td>Selon la formule, généralement 4 à 15+ pers.</td><td>Au-delà : créneaux multiples</td></tr>
    <tr><td>Nombre de destinations</td><td>20</td><td>Voir la grille ci-dessous</td></tr>
    <tr><td>Délai de réservation</td><td>5 à 14 jours</td><td>Selon la destination et la saison</td></tr>
  </tbody>
</table>

<!-- BLOC F — Destinations -->
<h2>Où faire un croisiere bateau pour un EVG ?</h2>
<p>L'activité <strong>Croisière en bateau EVG</strong> est disponible dans <strong>20 destinations</strong> Crazy-EVG : Albufeira, Amsterdam, Annecy, Barcelone, Berlin, Bordeaux, Bratislava, Budapest, Cracovie, Ibiza, Lyon, Majorque, Malte, Marbella, Milan, Montpellier, Paris, Porto, Prague, Varsovie.</p>

<!-- BLOC G — Comparatif destinations -->
<h3>Comparatif rapide des destinations</h3>
<ul>
  <li><strong><a href=""https://www.crazy-evg.com/enterrement-de-vie-de-garcon-amsterdam/croisiere-bateau-activites"">Croisiere Bateau EVG à Amsterdam</a></strong> — Le point de RDV est en centre-ville donc accessible à pieds ou en transport en commun. La guide vous accompagne jusqu'au lieu de départ. Le bateau est privatisé pour votre groupe, ainsi l'activité requiert un minimum de 8 participants pour profiter du meilleur prix. Avec des bièr</li>
  <li><strong><a href=""https://www.crazy-evg.com/enterrement-de-vie-de-garcon-amsterdam/croisiere-bateau-activites"">Croisiere Bateau EVG à Amsterdam</a></strong> — La Croisière Open Bar est tout bonnement l'activité EVG à faire à Amsterdam pour son enterrement de vie de garçon. Avec des bières, vin et softs à volonté, vous avez là toutes les clés pour découvrir la ville de façon à la fois festive et détendue. La Croisière Open Bar est le mo</li>
  <li><strong><a href=""https://www.crazy-evg.com/enterrement-de-vie-de-garcon-barcelone/croisiere-bateau-activites"">Croisiere Bateau EVG à Barcelone</a></strong> — Préparez-vous à vivre une aventure en mer comme vous n’en avez jamais connu avec notre Croisière & Strip! Lors de votre EVG à Barcelone profitez de cette croisière de 2 heures sur la mer Méditerranéen. À bord, une serveuse charmante sera là pour vous accompagner, faire grimper la</li>
</ul>

<!-- BLOC H — Activités liées -->
<h2>Ces activités EVG vont aussi vous plaire</h2>
<ul>
  <li><a href=""https://www.crazy-evg.com/activity-category/jet-ski-evg"">Jet ski EVG</a></li>
  <li><a href=""https://www.crazy-evg.com/activity-category/flyboard-evg"">Flyboard EVG</a></li>
  <li><a href=""https://www.crazy-evg.com/activity-category/hydrospeed-evg"">Hydrospeed EVG</a></li>
  <li><a href=""https://www.crazy-evg.com/activity-category/rafting-eaux-vives-evg"">Rafting EVG</a></li>
  <li><a href=""https://www.crazy-evg.com/activity-category/party-bus-strip-evg"">Bus strip EVG</a></li>
</ul>

<!-- BLOC I — FAQ -->
<h2>FAQ — Croisière en bateau EVG</h2>

<h3>Combien coûte un croisiere bateau pour un EVG ?</h3>
<p>Le tarif d'un croisiere bateau EVG est compris <strong>entre 39 € et 119 € par personne</strong>. Le prix varie selon la destination, la taille du groupe et les options choisies. Demandez un <a href=""https://www.crazy-evg.com/devis"">devis en 1 minute</a> pour un tarif personnalisé.</p>

<h3>Combien de temps dure un croisiere bateau EVG ?</h3>
<p>La durée varie selon la formule, généralement <strong>entre 1h et 4h transferts inclus</strong>. Consultez la fiche détaillée de chaque destination pour le programme précis.</p>

<h3>Faut-il un niveau particulier pour faire un croisiere bateau EVG ?</h3>
<p>Aucun niveau requis. Toutes nos sessions sont <strong>encadrées par un instructeur professionnel</strong> qui assure le briefing et l'accompagnement. L'activité est accessible aux débutants.</p>

<h3>À partir de combien de personnes peut-on réserver un croisiere bateau EVG ?</h3>
<p>La majorité de nos partenaires acceptent les groupes <strong>à partir de 4 à 6 personnes</strong>. Au-delà de 12-15 participants, plusieurs créneaux sont organisés. Les conditions exactes varient selon la destination.</p>

<h3>Que faut-il prévoir pour un croisiere bateau EVG ?</h3>
<p>Une <strong>pièce d'identité valide</strong> est généralement demandée. Le matériel et l'encadrement sont fournis par notre partenaire local. Prévoyez une tenue adaptée et des chaussures fermées. Détails complets fournis à la réservation.</p>

<h3>Dans quelles villes peut-on faire un croisiere bateau EVG ?</h3>
<p>L'activité est disponible dans <strong>20 destinations</strong> Crazy-EVG : Albufeira, Amsterdam, Annecy, Barcelone, Berlin, Bordeaux, Bratislava, Budapest, Cracovie, Ibiza, Lyon, Majorque, Malte, Marbella, Milan, Montpellier, Paris, Porto, Prague, Varsovie.</p>

<h3>Comment réserver un croisiere bateau EVG ?</h3>
<p>Demandez un <a href=""https://www.crazy-evg.com/devis"">devis en 1 minute</a> sur Crazy-EVG. Notre équipe revient vers vous sous 24h avec un programme sur mesure et un tarif détaillé pour votre groupe.</p>
","1028","{
  ""@context"": ""https://schema.org"",
  ""@graph"": [
    {
      ""@type"": ""Service"",
      ""@id"": ""https://www.crazy-evg.com/activity-category/croisiere-bateau-evg#service"",
      ""name"": ""Croisière en bateau EVG"",
      ""alternateName"": ""croisiere bateau evg"",
      ""description"": ""Croisière bateau pour son EVG : bateau privatisé entre potes, open bar et musique. 20 destinations en mer ou sur fleuve. Devis en 1 minute."",
      ""serviceType"": ""Activité EVG"",
      ""category"": ""Enterrement de vie de garçon"",
      ""url"": ""https://www.crazy-evg.com/activity-category/croisiere-bateau-evg"",
      ""provider"": {
        ""@type"": ""Organization"",
        ""@id"": ""https://www.crazy-evg.com/#organization"",
        ""name"": ""Crazy-EVG"",
        ""url"": ""https://www.crazy-evg.com"",
        ""telephone"": ""+33176215730"",
        ""email"": ""contact@crazy-evg.com"",
        ""address"": {
          ""@type"": ""PostalAddress"",
          ""streetAddress"": ""8 rue du Faubourg Poissonnière"",
          ""postalCode"": ""75010"",
          ""addressLocality"": ""Paris"",
          ""addressCountry"": ""FR""
        }
      },
      ""areaServed"": [
        {
          ""@type"": ""City"",
          ""name"": ""Albufeira""
        },
        {
          ""@type"": ""City"",
          ""name"": ""Amsterdam""
        },
        {
          ""@type"": ""City"",
          ""name"": ""Annecy""
        },
        {
          ""@type"": ""City"",
          ""name"": ""Barcelone""
        },
        {
          ""@type"": ""City"",
          ""name"": ""Berlin""
        },
        {
          ""@type"": ""City"",
          ""name"": ""Bordeaux""
        },
        {
          ""@type"": ""City"",
          ""name"": ""Bratislava""
        },
        {
          ""@type"": ""City"",
          ""name"": ""Budapest""
        },
        {
          ""@type"": ""City"",
          ""name"": ""Cracovie""
        },
        {
          ""@type"": ""City"",
          ""name"": ""Ibiza""
        },
        {
          ""@type"": ""City"",
          ""name"": ""Lyon""
        },
        {
          ""@type"": ""City"",
          ""name"": ""Majorque""
        },
        {
          ""@type"": ""City"",
          ""name"": ""Malte""
        },
        {
          ""@type"": ""City"",
          ""name"": ""Marbella""
        },
        {
          ""@type"": ""City"",
          ""name"": ""Milan""
        },
        {
          ""@type"": ""City"",
          ""name"": ""Montpellier""
        },
        {
          ""@type"": ""City"",
          ""name"": ""Paris""
        },
        {
          ""@type"": ""City"",
          ""name"": ""Porto""
        },
        {
          ""@type"": ""City"",
          ""name"": ""Prague""
        },
        {
          ""@type"": ""City"",
          ""name"": ""Varsovie""
        }
      ],
      ""audience"": {
        ""@type"": ""Audience"",
        ""audienceType"": ""Groupe d'amis - Enterrement de vie de garçon"",
        ""suggestedMinAge"": 18
      },
      ""offers"": {
        ""@type"": ""AggregateOffer"",
        ""priceCurrency"": ""EUR"",
        ""lowPrice"": ""39"",
        ""highPrice"": ""119"",
        ""offerCount"": ""20"",
        ""availability"": ""https://schema.org/InStock""
      }
    },
    {
      ""@type"": ""FAQPage"",
      ""@id"": ""https://www.crazy-evg.com/activity-category/croisiere-bateau-evg#faq"",
      ""mainEntity"": [
        {
          ""@type"": ""Question"",
          ""name"": ""Combien coûte un croisiere bateau pour un EVG ?"",
          ""acceptedAnswer"": {
            ""@type"": ""Answer"",
            ""text"": ""Le tarif d'un croisiere bateau EVG est compris entre 39 € et 119 € par personne. Le prix varie selon la destination, la taille du groupe et les options choisies. Demandez un devis en 1 minute pour un tarif personnalisé.""
          }
        },
        {
          ""@type"": ""Question"",
          ""name"": ""Combien de temps dure un croisiere bateau EVG ?"",
          ""acceptedAnswer"": {
            ""@type"": ""Answer"",
            ""text"": ""La durée varie selon la formule, généralement entre 1h et 4h transferts inclus. Consultez la fiche détaillée de chaque destination pour le programme précis.""
          }
        },
        {
          ""@type"": ""Question"",
          ""name"": ""Faut-il un niveau particulier pour faire un croisiere bateau EVG ?"",
          ""acceptedAnswer"": {
            ""@type"": ""Answer"",
            ""text"": ""Aucun niveau requis. Toutes nos sessions sont encadrées par un instructeur professionnel qui assure le briefing et l'accompagnement. L'activité est accessible aux débutants.""
          }
        },
        {
          ""@type"": ""Question"",
          ""name"": ""À partir de combien de personnes peut-on réserver un croisiere bateau EVG ?"",
          ""acceptedAnswer"": {
            ""@type"": ""Answer"",
            ""text"": ""La majorité de nos partenaires acceptent les groupes à partir de 4 à 6 personnes. Les conditions exactes varient selon la destination. Au-delà de 12-15 participants, plusieurs créneaux sont organisés.""
          }
        },
        {
          ""@type"": ""Question"",
          ""name"": ""Que faut-il prévoir pour un croisiere bateau EVG ?"",
          ""acceptedAnswer"": {
            ""@type"": ""Answer"",
            ""text"": ""Une pièce d'identité valide est généralement demandée. Le matériel et l'encadrement sont fournis par notre partenaire local. Prévoyez une tenue adaptée et des chaussures fermées. Détails complets fournis à la réservation.""
          }
        },
        {
          ""@type"": ""Question"",
          ""name"": ""Dans quelles villes peut-on faire un croisiere bateau EVG ?"",
          ""acceptedAnswer"": {
            ""@type"": ""Answer"",
            ""text"": ""L'activité croisiere bateau est disponible dans 20 destinations Crazy-EVG : Albufeira, Amsterdam, Annecy, Barcelone, Berlin, Bordeaux, Bratislava, Budapest, Cracovie, Ibiza, Lyon, Majorque, Malte, Marbella, Milan, Montpellier, Paris, Porto, Prague, Varsovie.""
          }
        },
        {
          ""@type"": ""Question"",
          ""name"": ""Comment réserver un croisiere bateau EVG ?"",
          ""acceptedAnswer"": {
            ""@type"": ""Answer"",
            ""text"": ""Demandez un devis en 1 minute sur Crazy-EVG. Notre équipe revient vers vous sous 24h avec un programme sur mesure et un tarif détaillé pour votre groupe.""
          }
        }
      ]
    },
    {
      ""@type"": ""BreadcrumbList"",
      ""@id"": ""https://www.crazy-evg.com/activity-category/croisiere-bateau-evg#breadcrumb"",
      ""itemListElement"": [
        {
          ""@type"": ""ListItem"",
          ""position"": 1,
          ""name"": ""Accueil"",
          ""item"": ""https://www.crazy-evg.com/""
        },
        {
          ""@type"": ""ListItem"",
          ""position"": 2,
          ""name"": ""Activités EVG"",
          ""item"": ""https://www.crazy-evg.com/activites-evg""
        },
        {
          ""@type"": ""ListItem"",
          ""position"": 3,
          ""name"": ""Croisière bateau EVG : privatisation sur l'eau"",
          ""item"": ""https://www.crazy-evg.com/activity-category/croisiere-bateau-evg""
        }
      ]
    }
  ]
}","6935"
"https://www.crazy-evg.com/activity-category/boite-bouteilles-evg","boite-bouteilles-evg","Boite Bouteilles","P2 - Sleeping giant","","Boîte et Bouteille evg","Boîte et Bouteille | Activité EVG | Crazy-EVG","Messieurs, simplifiez-vous la vie et votre soirée pour votre prochain enterrement de vie de garçon, avec l'activité boites et bouteilles.","Boîte et bouteilles EVG : entrée VIP en club | Crazy-EVG","56","Boîte et bouteille pour son EVG : entrée VIP, table privatisée, bouteilles offertes. 25 destinations testées. Devis 1 min, soirée garantie.","139","Boîte et bouteilles EVG","4","1311","0,00305111","3,23417239","<!-- Page: https://www.crazy-evg.com/activity-category/boite-bouteilles-evg -->
<!-- Title: Boîte et bouteilles EVG : entrée VIP en club | Crazy-EVG -->
<!-- Meta: Boîte et bouteille pour son EVG : entrée VIP, table privatisée, bouteilles offertes. 25 destinations testées. Devis 1 min, soirée garantie. -->

<h1>Boîte et bouteilles EVG</h1>

<!-- BLOC A — Introduction -->
<p>L'option <strong>Boîte et Bouteilles EVG</strong> est le passage obligé de toute soirée d'enterrement de vie de garçon qui veut entrer en boîte sans faire la queue, sans payer le coupe-file et avec un <strong>carré VIP table privatisée</strong>. Au programme : entrée prioritaire, table avec vue, bouteilles offertes, et l'attention particulière du staff sur votre groupe.</p>
<p>Crazy-EVG sélectionne dans <strong>25 destinations</strong> les meilleurs clubs partenaires : ceux qui ont une vraie ambiance, un public local et la qualité de carré VIP qu'on attend pour un EVG. Que ce soit à Prague, Cracovie, Barcelone, Madrid ou Paris, on vous évite les pièges à touristes.</p>

<!-- BLOC B — Pourquoi choisir -->
<h2>Pourquoi choisir le boite bouteilles pour son EVG ?</h2>
<ul>
  <li><strong>Entrée VIP coupe-file :</strong> pas de queue, pas de filtre à l'entrée.</li>
  <li><strong>Table privatisée :</strong> votre carré, vos bouteilles, votre serveuse dédiée.</li>
  <li><strong>Bouteilles incluses :</strong> 1 ou 2 selon la formule, avec mixers et glaçons.</li>
  <li><strong>Boîtes locales sélectionnées :</strong> on vous évite les attrape-touristes.</li>
</ul>

<!-- BLOC C — L'expérience en détail -->
<h2>L'expérience boite bouteilles en détail</h2>
<p>Soirée type :</p>
<p><strong>À Amsterdam :</strong> Accédez à la meilleure boîte d'Amsterdam grâce à notre Entrée en boîte VIP lors de votre enterrement de vie de garçon ! Nous vous accueillons dans le meilleur club d'Amsterdam, situé à proximité du canal de l'Amstel, pour une soirée de folie ! L'établissement est ouvert de 23h00 à 05h00 du matin.</p>
<p><strong>À Bordeaux :</strong> Offrez au futur marié une soirée mémorable avec une entrée en club dans l’un des meilleurs établissements de Bordeaux. Plongez dans l’ambiance nocturne bordelaise et profitez d’un cadre festif idéal pour célébrer un enterrement de vie de garçon comme il se doit.</p>

<!-- BLOC D — Ce qui est inclus -->
<h2>Ce qui est inclus dans un boite bouteilles EVG</h2>
<ul>
  <li>Softs</li>
  <li>Table pour le groupe</li>
  <li>Entrée en club</li>
  <li>Entrée en boîte</li>
  <li>Table réservée pour le groupe</li>
  <li>Softs inclus</li>
  <li>Guide locale pour vous accompagner</li>
  <li>Musique généraliste</li>
  <li>L'assistance de notre guide locale pour gérer la table</li>
  <li>Entrée en boîte pour tout le groupe dans l'un des meilleurs clubs</li>
</ul>

<!-- BLOC E — Tarif -->
<h2>Combien coûte un boite bouteilles EVG ?</h2>
<table>
  <thead><tr><th>Critère</th><th>Fourchette</th><th>Précisions</th></tr></thead>
  <tbody>
    <tr><td>Tarif</td><td><strong>29 € à 99 € par personne</strong></td><td>Selon la destination et la formule</td></tr>
    <tr><td>Durée</td><td>1h à 4h</td><td>Transferts inclus selon les destinations</td></tr>
    <tr><td>Taille du groupe</td><td>Selon la formule, généralement 4 à 15+ pers.</td><td>Au-delà : créneaux multiples</td></tr>
    <tr><td>Nombre de destinations</td><td>25</td><td>Voir la grille ci-dessous</td></tr>
    <tr><td>Délai de réservation</td><td>5 à 14 jours</td><td>Selon la destination et la saison</td></tr>
  </tbody>
</table>

<!-- BLOC F — Destinations -->
<h2>Où faire un boite bouteilles pour un EVG ?</h2>
<p>L'activité <strong>Boîte et bouteilles EVG</strong> est disponible dans <strong>25 destinations</strong> Crazy-EVG : Albufeira, Amsterdam, Barcelone, Berlin, Bordeaux, Bratislava, Bruxelles, Bucarest, Budapest, Cracovie, Deauville, Ibiza, Lisbonne, Lyon, Madrid, Majorque, Malte, Marbella, Milan, Montpellier, Paris, Porto, Prague, Rome, Vilnius.</p>

<!-- BLOC G — Comparatif destinations -->
<h3>Comparatif rapide des destinations</h3>
<ul>
  <li><strong><a href=""https://www.crazy-evg.com/enterrement-de-vie-de-garcon-amsterdam/boite-bouteilles-activites"">Boite Bouteilles EVG à Amsterdam</a></strong> — Accédez à la meilleure boîte d'Amsterdam grâce à notre Entrée en boîte VIP lors de votre enterrement de vie de garçon ! Nous vous accueillons dans le meilleur club d'Amsterdam, situé à proximité du canal de l'Amstel, pour une soirée de folie ! L'établissement est ouvert de 23h00 </li>
  <li><strong><a href=""https://www.crazy-evg.com/enterrement-de-vie-de-garcon-bordeaux/boite-bouteilles-activites"">Boite Bouteilles EVG à Bordeaux</a></strong> — Offrez au futur marié une soirée mémorable avec une entrée en club dans l’un des meilleurs établissements de Bordeaux. Plongez dans l’ambiance nocturne bordelaise et profitez d’un cadre festif idéal pour célébrer un enterrement de vie de garçon comme il se doit. Chaque participan</li>
  <li><strong><a href=""https://www.crazy-evg.com/enterrement-de-vie-de-garcon-bratislava/boite-bouteilles-activites"">Boite Bouteilles EVG à Bratislava</a></strong> — Réservez notre Boîte VIP & Bouteilles pour une soirée d'enterrement de vie de garçon à Bratislava sans aucune prise de tête ! Vous n'avez pas envie de passer votre soirée à galérer pour entrer en boîte ? Faites-nous confiance, on s'occupe de tout ! Notre guide locale vous rejoint</li>
</ul>

<!-- BLOC H — Activités liées -->
<h2>Ces activités EVG vont aussi vous plaire</h2>
<ul>
  <li><a href=""https://www.crazy-evg.com/activity-category/stripclub-evg"">Club strip-tease EVG</a></li>
  <li><a href=""https://www.crazy-evg.com/activity-category/crazy-night-evg"">Crazy Night EVG</a></li>
  <li><a href=""https://www.crazy-evg.com/activity-category/tournee-bars-evg"">Tournée des bars EVG</a></li>
  <li><a href=""https://www.crazy-evg.com/activity-category/party-bus-strip-evg"">Bus strip EVG</a></li>
  <li><a href=""https://www.crazy-evg.com/activity-category/diner-strip-evg"">Dîner strip EVG</a></li>
</ul>

<!-- BLOC I — FAQ -->
<h2>FAQ — Boîte et bouteilles EVG</h2>

<h3>Combien coûte un boite bouteilles pour un EVG ?</h3>
<p>Le tarif d'un boite bouteilles EVG est compris <strong>entre 29 € et 99 € par personne</strong>. Le prix varie selon la destination, la taille du groupe et les options choisies. Demandez un <a href=""https://www.crazy-evg.com/devis"">devis en 1 minute</a> pour un tarif personnalisé.</p>

<h3>Combien de temps dure un boite bouteilles EVG ?</h3>
<p>La durée varie selon la formule, généralement <strong>entre 1h et 4h transferts inclus</strong>. Consultez la fiche détaillée de chaque destination pour le programme précis.</p>

<h3>Faut-il un niveau particulier pour faire un boite bouteilles EVG ?</h3>
<p>Aucun niveau requis. Toutes nos sessions sont <strong>encadrées par un instructeur professionnel</strong> qui assure le briefing et l'accompagnement. L'activité est accessible aux débutants.</p>

<h3>À partir de combien de personnes peut-on réserver un boite bouteilles EVG ?</h3>
<p>La majorité de nos partenaires acceptent les groupes <strong>à partir de 4 à 6 personnes</strong>. Au-delà de 12-15 participants, plusieurs créneaux sont organisés. Les conditions exactes varient selon la destination.</p>

<h3>Que faut-il prévoir pour un boite bouteilles EVG ?</h3>
<p>Une <strong>pièce d'identité valide</strong> est généralement demandée. Le matériel et l'encadrement sont fournis par notre partenaire local. Prévoyez une tenue adaptée et des chaussures fermées. Détails complets fournis à la réservation.</p>

<h3>Dans quelles villes peut-on faire un boite bouteilles EVG ?</h3>
<p>L'activité est disponible dans <strong>25 destinations</strong> Crazy-EVG : Albufeira, Amsterdam, Barcelone, Berlin, Bordeaux, Bratislava, Bruxelles, Bucarest, Budapest, Cracovie, Deauville, Ibiza, Lisbonne, Lyon, Madrid, Majorque, Malte, Marbella, Milan, Montpellier, Paris, Porto, Prague, Rome, Vilnius.</p>

<h3>Comment réserver un boite bouteilles EVG ?</h3>
<p>Demandez un <a href=""https://www.crazy-evg.com/devis"">devis en 1 minute</a> sur Crazy-EVG. Notre équipe revient vers vous sous 24h avec un programme sur mesure et un tarif détaillé pour votre groupe.</p>
","1020","{
  ""@context"": ""https://schema.org"",
  ""@graph"": [
    {
      ""@type"": ""Service"",
      ""@id"": ""https://www.crazy-evg.com/activity-category/boite-bouteilles-evg#service"",
      ""name"": ""Boîte et bouteilles EVG"",
      ""alternateName"": ""Boîte et Bouteille evg"",
      ""description"": ""Boîte et bouteille pour son EVG : entrée VIP, table privatisée, bouteilles offertes. 25 destinations testées. Devis 1 min, soirée garantie."",
      ""serviceType"": ""Activité EVG"",
      ""category"": ""Enterrement de vie de garçon"",
      ""url"": ""https://www.crazy-evg.com/activity-category/boite-bouteilles-evg"",
      ""provider"": {
        ""@type"": ""Organization"",
        ""@id"": ""https://www.crazy-evg.com/#organization"",
        ""name"": ""Crazy-EVG"",
        ""url"": ""https://www.crazy-evg.com"",
        ""telephone"": ""+33176215730"",
        ""email"": ""contact@crazy-evg.com"",
        ""address"": {
          ""@type"": ""PostalAddress"",
          ""streetAddress"": ""8 rue du Faubourg Poissonnière"",
          ""postalCode"": ""75010"",
          ""addressLocality"": ""Paris"",
          ""addressCountry"": ""FR""
        }
      },
      ""areaServed"": [
        {
          ""@type"": ""City"",
          ""name"": ""Albufeira""
        },
        {
          ""@type"": ""City"",
          ""name"": ""Amsterdam""
        },
        {
          ""@type"": ""City"",
          ""name"": ""Barcelone""
        },
        {
          ""@type"": ""City"",
          ""name"": ""Berlin""
        },
        {
          ""@type"": ""City"",
          ""name"": ""Bordeaux""
        },
        {
          ""@type"": ""City"",
          ""name"": ""Bratislava""
        },
        {
          ""@type"": ""City"",
          ""name"": ""Bruxelles""
        },
        {
          ""@type"": ""City"",
          ""name"": ""Bucarest""
        },
        {
          ""@type"": ""City"",
          ""name"": ""Budapest""
        },
        {
          ""@type"": ""City"",
          ""name"": ""Cracovie""
        },
        {
          ""@type"": ""City"",
          ""name"": ""Deauville""
        },
        {
          ""@type"": ""City"",
          ""name"": ""Ibiza""
        },
        {
          ""@type"": ""City"",
          ""name"": ""Lisbonne""
        },
        {
          ""@type"": ""City"",
          ""name"": ""Lyon""
        },
        {
          ""@type"": ""City"",
          ""name"": ""Madrid""
        },
        {
          ""@type"": ""City"",
          ""name"": ""Majorque""
        },
        {
          ""@type"": ""City"",
          ""name"": ""Malte""
        },
        {
          ""@type"": ""City"",
          ""name"": ""Marbella""
        },
        {
          ""@type"": ""City"",
          ""name"": ""Milan""
        },
        {
          ""@type"": ""City"",
          ""name"": ""Montpellier""
        },
        {
          ""@type"": ""City"",
          ""name"": ""Paris""
        },
        {
          ""@type"": ""City"",
          ""name"": ""Porto""
        },
        {
          ""@type"": ""City"",
          ""name"": ""Prague""
        },
        {
          ""@type"": ""City"",
          ""name"": ""Rome""
        },
        {
          ""@type"": ""City"",
          ""name"": ""Vilnius""
        }
      ],
      ""audience"": {
        ""@type"": ""Audience"",
        ""audienceType"": ""Groupe d'amis - Enterrement de vie de garçon"",
        ""suggestedMinAge"": 18
      },
      ""offers"": {
        ""@type"": ""AggregateOffer"",
        ""priceCurrency"": ""EUR"",
        ""lowPrice"": ""29"",
        ""highPrice"": ""99"",
        ""offerCount"": ""25"",
        ""availability"": ""https://schema.org/InStock""
      }
    },
    {
      ""@type"": ""FAQPage"",
      ""@id"": ""https://www.crazy-evg.com/activity-category/boite-bouteilles-evg#faq"",
      ""mainEntity"": [
        {
          ""@type"": ""Question"",
          ""name"": ""Combien coûte un boite bouteilles pour un EVG ?"",
          ""acceptedAnswer"": {
            ""@type"": ""Answer"",
            ""text"": ""Le tarif d'un boite bouteilles EVG est compris entre 29 € et 99 € par personne. Le prix varie selon la destination, la taille du groupe et les options choisies. Demandez un devis en 1 minute pour un tarif personnalisé.""
          }
        },
        {
          ""@type"": ""Question"",
          ""name"": ""Combien de temps dure un boite bouteilles EVG ?"",
          ""acceptedAnswer"": {
            ""@type"": ""Answer"",
            ""text"": ""La durée varie selon la formule, généralement entre 1h et 4h transferts inclus. Consultez la fiche détaillée de chaque destination pour le programme précis.""
          }
        },
        {
          ""@type"": ""Question"",
          ""name"": ""Faut-il un niveau particulier pour faire un boite bouteilles EVG ?"",
          ""acceptedAnswer"": {
            ""@type"": ""Answer"",
            ""text"": ""Aucun niveau requis. Toutes nos sessions sont encadrées par un instructeur professionnel qui assure le briefing et l'accompagnement. L'activité est accessible aux débutants.""
          }
        },
        {
          ""@type"": ""Question"",
          ""name"": ""À partir de combien de personnes peut-on réserver un boite bouteilles EVG ?"",
          ""acceptedAnswer"": {
            ""@type"": ""Answer"",
            ""text"": ""La majorité de nos partenaires acceptent les groupes à partir de 4 à 6 personnes. Les conditions exactes varient selon la destination. Au-delà de 12-15 participants, plusieurs créneaux sont organisés.""
          }
        },
        {
          ""@type"": ""Question"",
          ""name"": ""Que faut-il prévoir pour un boite bouteilles EVG ?"",
          ""acceptedAnswer"": {
            ""@type"": ""Answer"",
            ""text"": ""Une pièce d'identité valide est généralement demandée. Le matériel et l'encadrement sont fournis par notre partenaire local. Prévoyez une tenue adaptée et des chaussures fermées. Détails complets fournis à la réservation.""
          }
        },
        {
          ""@type"": ""Question"",
          ""name"": ""Dans quelles villes peut-on faire un boite bouteilles EVG ?"",
          ""acceptedAnswer"": {
            ""@type"": ""Answer"",
            ""text"": ""L'activité boite bouteilles est disponible dans 25 destinations Crazy-EVG : Albufeira, Amsterdam, Barcelone, Berlin, Bordeaux, Bratislava, Bruxelles, Bucarest, Budapest, Cracovie, Deauville, Ibiza, Lisbonne, Lyon, Madrid, Majorque, Malte, Marbella, Milan, Montpellier, Paris, Porto, Prague, Rome, Vilnius.""
          }
        },
        {
          ""@type"": ""Question"",
          ""name"": ""Comment réserver un boite bouteilles EVG ?"",
          ""acceptedAnswer"": {
            ""@type"": ""Answer"",
            ""text"": ""Demandez un devis en 1 minute sur Crazy-EVG. Notre équipe revient vers vous sous 24h avec un programme sur mesure et un tarif détaillé pour votre groupe.""
          }
        }
      ]
    },
    {
      ""@type"": ""BreadcrumbList"",
      ""@id"": ""https://www.crazy-evg.com/activity-category/boite-bouteilles-evg#breadcrumb"",
      ""itemListElement"": [
        {
          ""@type"": ""ListItem"",
          ""position"": 1,
          ""name"": ""Accueil"",
          ""item"": ""https://www.crazy-evg.com/""
        },
        {
          ""@type"": ""ListItem"",
          ""position"": 2,
          ""name"": ""Activités EVG"",
          ""item"": ""https://www.crazy-evg.com/activites-evg""
        },
        {
          ""@type"": ""ListItem"",
          ""position"": 3,
          ""name"": ""Boîte et bouteilles EVG : entrée VIP en club"",
          ""item"": ""https://www.crazy-evg.com/activity-category/boite-bouteilles-evg""
        }
      ]
    }
  ]
}","7367"
"https://www.crazy-evg.com/activity-category/football-evg","football-evg","Football","P2 - Sleeping giant","A optimisée","activité football evg","Football 5/5 | Activité EVG | Crazy-EVG","Pour votre enterrement de vie de garçon, faites l'expérience du football 5/5. Un bon match entre amis, activité indispensable pour votre EVG.","Football EVG : match 5 contre 5 entre potes | Crazy-EVG","55","Activité football EVG : match 5 vs 5 sur terrain privatisé, équipement fourni. 12 destinations. Idéal pour un enterrement de vie de garçon sportif.","147","Football EVG","4","66","0,06060606","5,71212121","<!-- Page: https://www.crazy-evg.com/activity-category/football-evg -->
<!-- Title: Football EVG : match 5 contre 5 entre potes | Crazy-EVG -->
<!-- Meta: Activité football EVG : match 5 vs 5 sur terrain privatisé, équipement fourni. 12 destinations. Idéal pour un enterrement de vie de garçon sportif. -->

<h1>Football EVG</h1>

<!-- BLOC A — Introduction -->
<p>L'<strong>activité football EVG</strong> est l'animation parfaite pour les groupes sportifs (ou ceux qui prétendent l'être) : terrain privatisé, match 5 contre 5 ou 7 contre 7, équipement fourni, et bien sûr <strong>tournoi spécial pour le futur marié</strong>. Une activité de jour idéale pour démarrer un EVG en mode sportif.</p>
<p>Disponible dans 12 destinations Crazy-EVG, le foot EVG se décline aussi en <strong>variantes fun</strong> : foot américain, foot 5 indoor, ou notre incontournable <a href=""https://www.crazy-evg.com/activity-category/footbulle-evg"">Bubble foot EVG</a> dans des bulles gonflables géantes.</p>

<!-- BLOC B — Pourquoi choisir -->
<h2>Pourquoi choisir le football pour son EVG ?</h2>
<ul>
  <li><strong>Terrain privatisé :</strong> votre groupe seul, durée à votre rythme.</li>
  <li><strong>Format flexible :</strong> 5v5, 7v7, ou tournoi avec mini-poules.</li>
  <li><strong>Équipement fourni :</strong> ballon, chasubles, parfois maillot floqué pour le marié.</li>
  <li><strong>Idéal en activité d'ouverture :</strong> on transpire ensemble avant la soirée.</li>
</ul>

<!-- BLOC C — L'expérience en détail -->
<h2>L'expérience football en détail</h2>
<p>Format type d'un match EVG :</p>
<p><strong>À Amsterdam :</strong> Rien de mieux qu'un Foot 5-5 pour éliminer l'alcool de la veille lors de votre enterrement de vie de garçon à Amsterdam ! Le complexe sportif est situé à quelques minutes du centre d'Amsterdam. Vous serez accueillis par notre instructeur qui vous fournira ballon et chasubles si souhaité.</p>
<p><strong>À Barcelone :</strong> Pour le décrassage, rien de tel qu’un foot entre potes ! Prenez-vous pour Messi ou Iniesta sur les terrains de Barcelone ! L'enterrement de vie de garçon est le moment idéal où tout le monde est réuni et personne ne peut se défiler : pas de femme ou copine, pas de travail, pas de gosses :) Réservez </p>

<!-- BLOC D — Ce qui est inclus -->
<h2>Ce qui est inclus dans un football EVG</h2>
<ul>
  <li>Présence de votre guide locale anglophone</li>
  <li>Transfert A/R en minibus privatisé</li>
  <li>Ballon fourni</li>
  <li>Vestiaires et douches à disposition</li>
  <li>Vestiaires</li>
  <li>10 personnes minimum</li>
  <li>Minimum 8 personnes</li>
  <li>Douches</li>
  <li>1h de football à 5 contre 5</li>
  <li>Terrain en synthétique, couvert ou non selon le temps</li>
</ul>

<!-- BLOC E — Tarif -->
<h2>Combien coûte un football EVG ?</h2>
<table>
  <thead><tr><th>Critère</th><th>Fourchette</th><th>Précisions</th></tr></thead>
  <tbody>
    <tr><td>Tarif</td><td><strong>19 € à 49 € par personne</strong></td><td>Selon la destination et la formule</td></tr>
    <tr><td>Durée</td><td>1h à 4h</td><td>Transferts inclus selon les destinations</td></tr>
    <tr><td>Taille du groupe</td><td>Selon la formule, généralement 4 à 15+ pers.</td><td>Au-delà : créneaux multiples</td></tr>
    <tr><td>Nombre de destinations</td><td>12</td><td>Voir la grille ci-dessous</td></tr>
    <tr><td>Délai de réservation</td><td>5 à 14 jours</td><td>Selon la destination et la saison</td></tr>
  </tbody>
</table>

<!-- BLOC F — Destinations -->
<h2>Où faire un football pour un EVG ?</h2>
<p>L'activité <strong>Football EVG</strong> est disponible dans <strong>12 destinations</strong> Crazy-EVG : Amsterdam, Barcelone, Berlin, Bratislava, Bruxelles, Bucarest, Budapest, Cracovie, Lisbonne, Prague, Varsovie, Vilnius.</p>

<!-- BLOC G — Comparatif destinations -->
<h3>Comparatif rapide des destinations</h3>
<ul>
  <li><strong><a href=""https://www.crazy-evg.com/enterrement-de-vie-de-garcon-amsterdam/football-activites"">Football EVG à Amsterdam</a></strong> — Rien de mieux qu'un Foot 5-5 pour éliminer l'alcool de la veille lors de votre enterrement de vie de garçon à Amsterdam ! Le complexe sportif est situé à quelques minutes du centre d'Amsterdam. Vous serez accueillis par notre instructeur qui vous fournira ballon et chasubles si s</li>
  <li><strong><a href=""https://www.crazy-evg.com/enterrement-de-vie-de-garcon-barcelone/football-activites"">Football EVG à Barcelone</a></strong> — Pour le décrassage, rien de tel qu’un foot entre potes ! Prenez-vous pour Messi ou Iniesta sur les terrains de Barcelone ! L'enterrement de vie de garçon est le moment idéal où tout le monde est réuni et personne ne peut se défiler : pas de femme ou copine, pas de travail, pas de</li>
  <li><strong><a href=""https://www.crazy-evg.com/enterrement-de-vie-de-garcon-bratislava/football-activites"">Football EVG à Bratislava</a></strong> — Parce-que c'est important de faire un bon décrassage entre deux bières ! Ici vous ne devez que vous préoccuper que d'une chose : le ballon ! Réservez votre petit five entre potes lors de votre EVG à Bratislava et dépensez-vous bien comme il faut. Dans notre centre, vous disposez </li>
</ul>

<!-- BLOC H — Activités liées -->
<h2>Ces activités EVG vont aussi vous plaire</h2>
<ul>
  <li><a href=""https://www.crazy-evg.com/activity-category/footbulle-evg"">Bubble foot EVG</a></li>
  <li><a href=""https://www.crazy-evg.com/activity-category/karting-evg"">Karting EVG</a></li>
  <li><a href=""https://www.crazy-evg.com/activity-category/paintball-evg"">Paintball EVG</a></li>
  <li><a href=""https://www.crazy-evg.com/activity-category/laser-game-evg"">Laser game EVG</a></li>
  <li><a href=""https://www.crazy-evg.com/activity-category/airsoft-battle-evg"">Airsoft battle EVG</a></li>
</ul>

<!-- BLOC I — FAQ -->
<h2>FAQ — Football EVG</h2>

<h3>Combien coûte un football pour un EVG ?</h3>
<p>Le tarif d'un football EVG est compris <strong>entre 19 € et 49 € par personne</strong>. Le prix varie selon la destination, la taille du groupe et les options choisies. Demandez un <a href=""https://www.crazy-evg.com/devis"">devis en 1 minute</a> pour un tarif personnalisé.</p>

<h3>Combien de temps dure un football EVG ?</h3>
<p>La durée varie selon la formule, généralement <strong>entre 1h et 4h transferts inclus</strong>. Consultez la fiche détaillée de chaque destination pour le programme précis.</p>

<h3>Faut-il un niveau particulier pour faire un football EVG ?</h3>
<p>Aucun niveau requis. Toutes nos sessions sont <strong>encadrées par un instructeur professionnel</strong> qui assure le briefing et l'accompagnement. L'activité est accessible aux débutants.</p>

<h3>À partir de combien de personnes peut-on réserver un football EVG ?</h3>
<p>La majorité de nos partenaires acceptent les groupes <strong>à partir de 4 à 6 personnes</strong>. Au-delà de 12-15 participants, plusieurs créneaux sont organisés. Les conditions exactes varient selon la destination.</p>

<h3>Que faut-il prévoir pour un football EVG ?</h3>
<p>Une <strong>pièce d'identité valide</strong> est généralement demandée. Le matériel et l'encadrement sont fournis par notre partenaire local. Prévoyez une tenue adaptée et des chaussures fermées. Détails complets fournis à la réservation.</p>

<h3>Dans quelles villes peut-on faire un football EVG ?</h3>
<p>L'activité est disponible dans <strong>12 destinations</strong> Crazy-EVG : Amsterdam, Barcelone, Berlin, Bratislava, Bruxelles, Bucarest, Budapest, Cracovie, Lisbonne, Prague, Varsovie, Vilnius.</p>

<h3>Comment réserver un football EVG ?</h3>
<p>Demandez un <a href=""https://www.crazy-evg.com/devis"">devis en 1 minute</a> sur Crazy-EVG. Notre équipe revient vers vous sous 24h avec un programme sur mesure et un tarif détaillé pour votre groupe.</p>
","969","{
  ""@context"": ""https://schema.org"",
  ""@graph"": [
    {
      ""@type"": ""Service"",
      ""@id"": ""https://www.crazy-evg.com/activity-category/football-evg#service"",
      ""name"": ""Football EVG"",
      ""alternateName"": ""activité football evg"",
      ""description"": ""Activité football EVG : match 5 vs 5 sur terrain privatisé, équipement fourni. 12 destinations. Idéal pour un enterrement de vie de garçon sportif."",
      ""serviceType"": ""Activité EVG"",
      ""category"": ""Enterrement de vie de garçon"",
      ""url"": ""https://www.crazy-evg.com/activity-category/football-evg"",
      ""provider"": {
        ""@type"": ""Organization"",
        ""@id"": ""https://www.crazy-evg.com/#organization"",
        ""name"": ""Crazy-EVG"",
        ""url"": ""https://www.crazy-evg.com"",
        ""telephone"": ""+33176215730"",
        ""email"": ""contact@crazy-evg.com"",
        ""address"": {
          ""@type"": ""PostalAddress"",
          ""streetAddress"": ""8 rue du Faubourg Poissonnière"",
          ""postalCode"": ""75010"",
          ""addressLocality"": ""Paris"",
          ""addressCountry"": ""FR""
        }
      },
      ""areaServed"": [
        {
          ""@type"": ""City"",
          ""name"": ""Amsterdam""
        },
        {
          ""@type"": ""City"",
          ""name"": ""Barcelone""
        },
        {
          ""@type"": ""City"",
          ""name"": ""Berlin""
        },
        {
          ""@type"": ""City"",
          ""name"": ""Bratislava""
        },
        {
          ""@type"": ""City"",
          ""name"": ""Bruxelles""
        },
        {
          ""@type"": ""City"",
          ""name"": ""Bucarest""
        },
        {
          ""@type"": ""City"",
          ""name"": ""Budapest""
        },
        {
          ""@type"": ""City"",
          ""name"": ""Cracovie""
        },
        {
          ""@type"": ""City"",
          ""name"": ""Lisbonne""
        },
        {
          ""@type"": ""City"",
          ""name"": ""Prague""
        },
        {
          ""@type"": ""City"",
          ""name"": ""Varsovie""
        },
        {
          ""@type"": ""City"",
          ""name"": ""Vilnius""
        }
      ],
      ""audience"": {
        ""@type"": ""Audience"",
        ""audienceType"": ""Groupe d'amis - Enterrement de vie de garçon"",
        ""suggestedMinAge"": 18
      },
      ""offers"": {
        ""@type"": ""AggregateOffer"",
        ""priceCurrency"": ""EUR"",
        ""lowPrice"": ""19"",
        ""highPrice"": ""49"",
        ""offerCount"": ""12"",
        ""availability"": ""https://schema.org/InStock""
      }
    },
    {
      ""@type"": ""FAQPage"",
      ""@id"": ""https://www.crazy-evg.com/activity-category/football-evg#faq"",
      ""mainEntity"": [
        {
          ""@type"": ""Question"",
          ""name"": ""Combien coûte un football pour un EVG ?"",
          ""acceptedAnswer"": {
            ""@type"": ""Answer"",
            ""text"": ""Le tarif d'un football EVG est compris entre 19 € et 49 € par personne. Le prix varie selon la destination, la taille du groupe et les options choisies. Demandez un devis en 1 minute pour un tarif personnalisé.""
          }
        },
        {
          ""@type"": ""Question"",
          ""name"": ""Combien de temps dure un football EVG ?"",
          ""acceptedAnswer"": {
            ""@type"": ""Answer"",
            ""text"": ""La durée varie selon la formule, généralement entre 1h et 4h transferts inclus. Consultez la fiche détaillée de chaque destination pour le programme précis.""
          }
        },
        {
          ""@type"": ""Question"",
          ""name"": ""Faut-il un niveau particulier pour faire un football EVG ?"",
          ""acceptedAnswer"": {
            ""@type"": ""Answer"",
            ""text"": ""Aucun niveau requis. Toutes nos sessions sont encadrées par un instructeur professionnel qui assure le briefing et l'accompagnement. L'activité est accessible aux débutants.""
          }
        },
        {
          ""@type"": ""Question"",
          ""name"": ""À partir de combien de personnes peut-on réserver un football EVG ?"",
          ""acceptedAnswer"": {
            ""@type"": ""Answer"",
            ""text"": ""La majorité de nos partenaires acceptent les groupes à partir de 4 à 6 personnes. Les conditions exactes varient selon la destination. Au-delà de 12-15 participants, plusieurs créneaux sont organisés.""
          }
        },
        {
          ""@type"": ""Question"",
          ""name"": ""Que faut-il prévoir pour un football EVG ?"",
          ""acceptedAnswer"": {
            ""@type"": ""Answer"",
            ""text"": ""Une pièce d'identité valide est généralement demandée. Le matériel et l'encadrement sont fournis par notre partenaire local. Prévoyez une tenue adaptée et des chaussures fermées. Détails complets fournis à la réservation.""
          }
        },
        {
          ""@type"": ""Question"",
          ""name"": ""Dans quelles villes peut-on faire un football EVG ?"",
          ""acceptedAnswer"": {
            ""@type"": ""Answer"",
            ""text"": ""L'activité football est disponible dans 12 destinations Crazy-EVG : Amsterdam, Barcelone, Berlin, Bratislava, Bruxelles, Bucarest, Budapest, Cracovie, Lisbonne, Prague, Varsovie, Vilnius.""
          }
        },
        {
          ""@type"": ""Question"",
          ""name"": ""Comment réserver un football EVG ?"",
          ""acceptedAnswer"": {
            ""@type"": ""Answer"",
            ""text"": ""Demandez un devis en 1 minute sur Crazy-EVG. Notre équipe revient vers vous sous 24h avec un programme sur mesure et un tarif détaillé pour votre groupe.""
          }
        }
      ]
    },
    {
      ""@type"": ""BreadcrumbList"",
      ""@id"": ""https://www.crazy-evg.com/activity-category/football-evg#breadcrumb"",
      ""itemListElement"": [
        {
          ""@type"": ""ListItem"",
          ""position"": 1,
          ""name"": ""Accueil"",
          ""item"": ""https://www.crazy-evg.com/""
        },
        {
          ""@type"": ""ListItem"",
          ""position"": 2,
          ""name"": ""Activités EVG"",
          ""item"": ""https://www.crazy-evg.com/activites-evg""
        },
        {
          ""@type"": ""ListItem"",
          ""position"": 3,
          ""name"": ""Football EVG : match 5 contre 5 entre potes"",
          ""item"": ""https://www.crazy-evg.com/activity-category/football-evg""
        }
      ]
    }
  ]
}","6156"
"https://www.crazy-evg.com/activity-category/diner-strip-evg","diner-strip-evg","Diner Strip","P2 - Sleeping giant","","diner streaptise evg","Dîner strip| Activité EVG | Crazy-EVG","Pour votre enterrement de vie de garçon, faites l'expérience d'un dîner très chaud avec le dîner strip. Remplissez-vous les yeux et le ventre pour votre EVG.","Dîner strip EVG : repas avec stripteaseuse | Crazy-EVG","54","Dîner strip-tease EVG : repas dans un resto privatisé avec show de stripteaseuses. 13 destinations. La soirée parfaite pour son enterrement.","140","Dîner strip-tease EVG","7","118","0,05932203","9,95762712","<!-- Page: https://www.crazy-evg.com/activity-category/diner-strip-evg -->
<!-- Title: Dîner strip EVG : repas avec stripteaseuse | Crazy-EVG -->
<!-- Meta: Dîner strip-tease EVG : repas dans un resto privatisé avec show de stripteaseuses. 13 destinations. La soirée parfaite pour son enterrement. -->

<h1>Dîner strip-tease EVG</h1>

<!-- BLOC A — Introduction -->
<p>Le <strong>dîner strip EVG</strong> est le combo parfait entre repas privatisé et show coquin : <strong>restaurant réservé pour votre groupe</strong>, menu gastronomique ou tapas selon la destination, et <strong>show de stripteaseuse</strong> en plein milieu du repas — généralement entre le plat principal et le dessert. La surprise est totale pour le marié.</p>
<p>Disponible dans 13 destinations EVG, le dîner strip-tease est le passage parfait entre les activités de jour et la sortie en boîte. Comptez 2h30 à 3h sur place, ambiance garantie, photos inoubliables, le tout encadré par votre <a href=""https://www.crazy-evg.com/enterrement-de-vie-de-garcon"">guide EVG</a> locale.</p>

<!-- BLOC B — Pourquoi choisir -->
<h2>Pourquoi choisir le diner strip pour son EVG ?</h2>
<ul>
  <li><strong>Restaurant entièrement privatisé :</strong> votre groupe seul, pas de regards extérieurs.</li>
  <li><strong>Show stripteaseuse en plein repas :</strong> effet surprise garanti pour le marié.</li>
  <li><strong>Menu adapté :</strong> tapas, gastronomique, BBQ ou typique selon la destination.</li>
  <li><strong>Format 2h30-3h :</strong> idéal entre les activités jour et la sortie en boîte.</li>
</ul>

<!-- BLOC C — L'expérience en détail -->
<h2>L'expérience diner strip en détail</h2>
<p>Soirée type :</p>
<p><strong>À Barcelone :</strong> Voici un programme alléchant qui offre tout ce qu'il faut pour passer une soirée inoubliable lors d'un EVG à Barcelone. Cette activité se compose d'un dîner dans un top restaurant de Barcelone, d'un striptease pendant votre dîner et d'une entrée en club pour finir la soirée.</p>
<p><strong>À Bratislava :</strong> Voici un repas comme on les aime ! Vous avez une table réservée dans notre restaurant durant deux heures. Le repas est constitué d'un steak frites, d'un burger ou d'un repas végétarien.</p>

<!-- BLOC D — Ce qui est inclus -->
<h2>Ce qui est inclus dans un diner strip EVG</h2>
<ul>
  <li>2 bières par personne</li>
  <li>Table réservée pour le groupe</li>
  <li>Un striptease juste pour votre groupe</li>
  <li>Dîner 3 plats</li>
  <li>1/2 bouteille de vin ou 1 bière toutes par personne</li>
  <li>Striptease dans une salle privatisée</li>
  <li>Durée: 3 heures</li>
  <li>Disponible de 19h à 22h</li>
  <li>Dîner dans un pub hollandais en plein centre d'Amsterdam</li>
  <li>Un plat par personne + une pinte de bière</li>
</ul>

<!-- BLOC E — Tarif -->
<h2>Combien coûte un diner strip EVG ?</h2>
<table>
  <thead><tr><th>Critère</th><th>Fourchette</th><th>Précisions</th></tr></thead>
  <tbody>
    <tr><td>Tarif</td><td><strong>49 € à 99 € par personne</strong></td><td>Selon la destination et la formule</td></tr>
    <tr><td>Durée</td><td>1h à 4h</td><td>Transferts inclus selon les destinations</td></tr>
    <tr><td>Taille du groupe</td><td>Selon la formule, généralement 4 à 15+ pers.</td><td>Au-delà : créneaux multiples</td></tr>
    <tr><td>Nombre de destinations</td><td>13</td><td>Voir la grille ci-dessous</td></tr>
    <tr><td>Délai de réservation</td><td>5 à 14 jours</td><td>Selon la destination et la saison</td></tr>
  </tbody>
</table>

<!-- BLOC F — Destinations -->
<h2>Où faire un diner strip pour un EVG ?</h2>
<p>L'activité <strong>Dîner strip-tease EVG</strong> est disponible dans <strong>13 destinations</strong> Crazy-EVG : Albufeira, Amsterdam, Barcelone, Bratislava, Bucarest, Budapest, Ibiza, Lisbonne, Majorque, Paris, Porto, Prague, Vilnius.</p>

<!-- BLOC G — Comparatif destinations -->
<h3>Comparatif rapide des destinations</h3>
<ul>
  <li><strong><a href=""https://www.crazy-evg.com/enterrement-de-vie-de-garcon-barcelone/diner-strip-activites"">Diner Strip EVG à Barcelone</a></strong> — Voici un programme alléchant qui offre tout ce qu'il faut pour passer une soirée inoubliable lors d'un EVG à Barcelone. Cette activité se compose d'un dîner dans un top restaurant de Barcelone, d'un striptease pendant votre dîner et d'une entrée en club pour finir la soirée. Nous</li>
  <li><strong><a href=""https://www.crazy-evg.com/enterrement-de-vie-de-garcon-bratislava/diner-strip-activites"">Diner Strip EVG à Bratislava</a></strong> — Voici un repas comme on les aime ! Vous avez une table réservée dans notre restaurant durant deux heures. Le repas est constitué d'un steak frites, d'un burger ou d'un repas végétarien. On vous offre deux bières par personne ( vous aurez la possibilité de commander d'autres conso</li>
  <li><strong><a href=""https://www.crazy-evg.com/enterrement-de-vie-de-garcon-bucarest/diner-strip-activites"">Diner Strip EVG à Bucarest</a></strong> — Le Dîner Strip est un incontournable de l'enterrement de vie de garçon, où que vous alliez ! Dînez dans un bon restaurant du centre de Bucarest, avec un bon burger. La guide vous récupère à votre hébergement, vous accompagne sur place, et dîne avec vous pour s'assurer que tout se</li>
</ul>

<!-- BLOC H — Activités liées -->
<h2>Ces activités EVG vont aussi vous plaire</h2>
<ul>
  <li><a href=""https://www.crazy-evg.com/activity-category/striptease-domicile-evg"">Strip-tease à domicile EVG</a></li>
  <li><a href=""https://www.crazy-evg.com/activity-category/stripclub-evg"">Club strip-tease EVG</a></li>
  <li><a href=""https://www.crazy-evg.com/activity-category/sexy-reveil-evg"">Réveil coquin EVG</a></li>
  <li><a href=""https://www.crazy-evg.com/activity-category/party-bus-strip-evg"">Bus strip EVG</a></li>
  <li><a href=""https://www.crazy-evg.com/activity-category/crazy-night-evg"">Crazy Night EVG</a></li>
</ul>

<!-- BLOC I — FAQ -->
<h2>FAQ — Dîner strip-tease EVG</h2>

<h3>Combien coûte un diner strip pour un EVG ?</h3>
<p>Le tarif d'un diner strip EVG est compris <strong>entre 49 € et 99 € par personne</strong>. Le prix varie selon la destination, la taille du groupe et les options choisies. Demandez un <a href=""https://www.crazy-evg.com/devis"">devis en 1 minute</a> pour un tarif personnalisé.</p>

<h3>Combien de temps dure un diner strip EVG ?</h3>
<p>La durée varie selon la formule, généralement <strong>entre 1h et 4h transferts inclus</strong>. Consultez la fiche détaillée de chaque destination pour le programme précis.</p>

<h3>Faut-il un niveau particulier pour faire un diner strip EVG ?</h3>
<p>Aucun niveau requis. Toutes nos sessions sont <strong>encadrées par un instructeur professionnel</strong> qui assure le briefing et l'accompagnement. L'activité est accessible aux débutants.</p>

<h3>À partir de combien de personnes peut-on réserver un diner strip EVG ?</h3>
<p>La majorité de nos partenaires acceptent les groupes <strong>à partir de 4 à 6 personnes</strong>. Au-delà de 12-15 participants, plusieurs créneaux sont organisés. Les conditions exactes varient selon la destination.</p>

<h3>Que faut-il prévoir pour un diner strip EVG ?</h3>
<p>Une <strong>pièce d'identité valide</strong> est généralement demandée. Le matériel et l'encadrement sont fournis par notre partenaire local. Prévoyez une tenue adaptée et des chaussures fermées. Détails complets fournis à la réservation.</p>

<h3>Dans quelles villes peut-on faire un diner strip EVG ?</h3>
<p>L'activité est disponible dans <strong>13 destinations</strong> Crazy-EVG : Albufeira, Amsterdam, Barcelone, Bratislava, Bucarest, Budapest, Ibiza, Lisbonne, Majorque, Paris, Porto, Prague, Vilnius.</p>

<h3>Comment réserver un diner strip EVG ?</h3>
<p>Demandez un <a href=""https://www.crazy-evg.com/devis"">devis en 1 minute</a> sur Crazy-EVG. Notre équipe revient vers vous sous 24h avec un programme sur mesure et un tarif détaillé pour votre groupe.</p>
","985","{
  ""@context"": ""https://schema.org"",
  ""@graph"": [
    {
      ""@type"": ""Service"",
      ""@id"": ""https://www.crazy-evg.com/activity-category/diner-strip-evg#service"",
      ""name"": ""Dîner strip-tease EVG"",
      ""alternateName"": ""diner streaptise evg"",
      ""description"": ""Dîner strip-tease EVG : repas dans un resto privatisé avec show de stripteaseuses. 13 destinations. La soirée parfaite pour son enterrement."",
      ""serviceType"": ""Activité EVG"",
      ""category"": ""Enterrement de vie de garçon"",
      ""url"": ""https://www.crazy-evg.com/activity-category/diner-strip-evg"",
      ""provider"": {
        ""@type"": ""Organization"",
        ""@id"": ""https://www.crazy-evg.com/#organization"",
        ""name"": ""Crazy-EVG"",
        ""url"": ""https://www.crazy-evg.com"",
        ""telephone"": ""+33176215730"",
        ""email"": ""contact@crazy-evg.com"",
        ""address"": {
          ""@type"": ""PostalAddress"",
          ""streetAddress"": ""8 rue du Faubourg Poissonnière"",
          ""postalCode"": ""75010"",
          ""addressLocality"": ""Paris"",
          ""addressCountry"": ""FR""
        }
      },
      ""areaServed"": [
        {
          ""@type"": ""City"",
          ""name"": ""Albufeira""
        },
        {
          ""@type"": ""City"",
          ""name"": ""Amsterdam""
        },
        {
          ""@type"": ""City"",
          ""name"": ""Barcelone""
        },
        {
          ""@type"": ""City"",
          ""name"": ""Bratislava""
        },
        {
          ""@type"": ""City"",
          ""name"": ""Bucarest""
        },
        {
          ""@type"": ""City"",
          ""name"": ""Budapest""
        },
        {
          ""@type"": ""City"",
          ""name"": ""Ibiza""
        },
        {
          ""@type"": ""City"",
          ""name"": ""Lisbonne""
        },
        {
          ""@type"": ""City"",
          ""name"": ""Majorque""
        },
        {
          ""@type"": ""City"",
          ""name"": ""Paris""
        },
        {
          ""@type"": ""City"",
          ""name"": ""Porto""
        },
        {
          ""@type"": ""City"",
          ""name"": ""Prague""
        },
        {
          ""@type"": ""City"",
          ""name"": ""Vilnius""
        }
      ],
      ""audience"": {
        ""@type"": ""Audience"",
        ""audienceType"": ""Groupe d'amis - Enterrement de vie de garçon"",
        ""suggestedMinAge"": 18
      },
      ""offers"": {
        ""@type"": ""AggregateOffer"",
        ""priceCurrency"": ""EUR"",
        ""lowPrice"": ""49"",
        ""highPrice"": ""99"",
        ""offerCount"": ""13"",
        ""availability"": ""https://schema.org/InStock""
      }
    },
    {
      ""@type"": ""FAQPage"",
      ""@id"": ""https://www.crazy-evg.com/activity-category/diner-strip-evg#faq"",
      ""mainEntity"": [
        {
          ""@type"": ""Question"",
          ""name"": ""Combien coûte un diner strip pour un EVG ?"",
          ""acceptedAnswer"": {
            ""@type"": ""Answer"",
            ""text"": ""Le tarif d'un diner strip EVG est compris entre 49 € et 99 € par personne. Le prix varie selon la destination, la taille du groupe et les options choisies. Demandez un devis en 1 minute pour un tarif personnalisé.""
          }
        },
        {
          ""@type"": ""Question"",
          ""name"": ""Combien de temps dure un diner strip EVG ?"",
          ""acceptedAnswer"": {
            ""@type"": ""Answer"",
            ""text"": ""La durée varie selon la formule, généralement entre 1h et 4h transferts inclus. Consultez la fiche détaillée de chaque destination pour le programme précis.""
          }
        },
        {
          ""@type"": ""Question"",
          ""name"": ""Faut-il un niveau particulier pour faire un diner strip EVG ?"",
          ""acceptedAnswer"": {
            ""@type"": ""Answer"",
            ""text"": ""Aucun niveau requis. Toutes nos sessions sont encadrées par un instructeur professionnel qui assure le briefing et l'accompagnement. L'activité est accessible aux débutants.""
          }
        },
        {
          ""@type"": ""Question"",
          ""name"": ""À partir de combien de personnes peut-on réserver un diner strip EVG ?"",
          ""acceptedAnswer"": {
            ""@type"": ""Answer"",
            ""text"": ""La majorité de nos partenaires acceptent les groupes à partir de 4 à 6 personnes. Les conditions exactes varient selon la destination. Au-delà de 12-15 participants, plusieurs créneaux sont organisés.""
          }
        },
        {
          ""@type"": ""Question"",
          ""name"": ""Que faut-il prévoir pour un diner strip EVG ?"",
          ""acceptedAnswer"": {
            ""@type"": ""Answer"",
            ""text"": ""Une pièce d'identité valide est généralement demandée. Le matériel et l'encadrement sont fournis par notre partenaire local. Prévoyez une tenue adaptée et des chaussures fermées. Détails complets fournis à la réservation.""
          }
        },
        {
          ""@type"": ""Question"",
          ""name"": ""Dans quelles villes peut-on faire un diner strip EVG ?"",
          ""acceptedAnswer"": {
            ""@type"": ""Answer"",
            ""text"": ""L'activité diner strip est disponible dans 13 destinations Crazy-EVG : Albufeira, Amsterdam, Barcelone, Bratislava, Bucarest, Budapest, Ibiza, Lisbonne, Majorque, Paris, Porto, Prague, Vilnius.""
          }
        },
        {
          ""@type"": ""Question"",
          ""name"": ""Comment réserver un diner strip EVG ?"",
          ""acceptedAnswer"": {
            ""@type"": ""Answer"",
            ""text"": ""Demandez un devis en 1 minute sur Crazy-EVG. Notre équipe revient vers vous sous 24h avec un programme sur mesure et un tarif détaillé pour votre groupe.""
          }
        }
      ]
    },
    {
      ""@type"": ""BreadcrumbList"",
      ""@id"": ""https://www.crazy-evg.com/activity-category/diner-strip-evg#breadcrumb"",
      ""itemListElement"": [
        {
          ""@type"": ""ListItem"",
          ""position"": 1,
          ""name"": ""Accueil"",
          ""item"": ""https://www.crazy-evg.com/""
        },
        {
          ""@type"": ""ListItem"",
          ""position"": 2,
          ""name"": ""Activités EVG"",
          ""item"": ""https://www.crazy-evg.com/activites-evg""
        },
        {
          ""@type"": ""ListItem"",
          ""position"": 3,
          ""name"": ""Dîner strip EVG : repas avec stripteaseuse"",
          ""item"": ""https://www.crazy-evg.com/activity-category/diner-strip-evg""
        }
      ]
    }
  ]
}","6270"
"https://www.crazy-evg.com/activity-category/poker-sexy-evg","poker-sexy-evg","Poker Sexy","P2 - Sleeping giant","","poker sexy","Poker sexy | Activité EVG | Crazy-EVG","Lors d'un enterrement de vie de garçon, faites vous un petit trip grâce à une partie de poker vraiment spécial...Le futur marié appréciera le show.","Strip poker EVG : partie coquine entre potes | Crazy-EVG","56","Poker sexy pour son EVG : partie de strip poker animée par une croupière professionnelle. Une soirée coquine et fun à tenter pour son enterrement.","146","Poker sexy EVG","16","268","0,05970149","10,1231343","<!-- Page: https://www.crazy-evg.com/activity-category/poker-sexy-evg -->
<!-- Title: Strip poker EVG : partie coquine entre potes | Crazy-EVG -->
<!-- Meta: Poker sexy pour son EVG : partie de strip poker animée par une croupière professionnelle. Une soirée coquine et fun à tenter pour son enterrement. -->

<h1>Poker sexy EVG</h1>

<!-- BLOC A — Introduction -->
<p>Le <strong>strip poker EVG</strong> est l'animation soirée à part : un <strong>vrai casino privatisé</strong>, des cartes, des jetons, et une <strong>croupière professionnelle</strong> qui ne se contente pas de distribuer les cartes — elle <em>retire</em> aussi des vêtements quand elle perd. Format idéal pour un EVG qui veut sortir des classiques tout en restant dans le coquin chic.</p>
<p>Disponible dans nos destinations stars (Prague, Budapest), le poker sexy combine <strong>jeu, alcool et show érotique</strong> dans un même format. Comptez 1h à 1h30 d'animation, dans un salon privé avec table de poker pro et bar inclus.</p>

<!-- BLOC B — Pourquoi choisir -->
<h2>Pourquoi choisir le poker sexy pour son EVG ?</h2>
<ul>
  <li><strong>Format unique :</strong> vraie partie de poker + show de strip selon les pertes/gains.</li>
  <li><strong>Croupière professionnelle :</strong> elle anime, distribue, et participe au jeu.</li>
  <li><strong>Cadre privé :</strong> salon casino privatisé, ambiance feutrée, bar inclus.</li>
  <li><strong>Alternative au strip-tease classique :</strong> pour les groupes qui veulent du chic et du jeu.</li>
</ul>

<!-- BLOC C — L'expérience en détail -->
<h2>L'expérience poker sexy en détail</h2>
<p>Soirée type :</p>
<p><strong>À Budapest :</strong> Que diriez-vous d'une petite partie de Strip Poker entre amis pendant votre enterrement de vie de garçon à Budapest ? Bien entendu, ce n'est pas vous qui finirez à poil, mais une des deux stripteaseuses voire les deux si vous êtes bons ! La partie se joue à votre appartement avec croupier et une tab</p>
<p><strong>À Budapest :</strong> Que diriez-vous d'un petit Strip Poker Croisière entre amis pendant votre enterrement de vie de garçon à Budapest ? Bien entendu, ce n'est pas vous qui finirez à poil, mais une des deux stripteaseuses ou les deux si vous êtes bon ! La partie se passe à bord d'un bateau privatisé pour votre groupe po</p>

<!-- BLOC D — Ce qui est inclus -->
<h2>Ce qui est inclus dans un poker sexy EVG</h2>
<ul>
  <li>Croupier</li>
  <li>2 filles sexy : 1 par équipe</li>
  <li>Une partie de strip poker pendant 2 heures à votre hébergement</li>
  <li>Table de poker pour 10 joueurs au maximum</li>
  <li>L'équipe gagnante remporte un show striptease</li>
  <li>Accessible aux groupes ayant réservé l'hébergement avec Crazy-EVG</li>
  <li>2 heures de strip poker sur un bateau privatisé</li>
  <li>Croisière sur le Danube pendant la partie</li>
  <li>Table pour 10 joueurs au maximum</li>
  <li>Striptease pour l'équipe gagnante</li>
</ul>

<!-- BLOC E — Tarif -->
<h2>Combien coûte un poker sexy EVG ?</h2>
<table>
  <thead><tr><th>Critère</th><th>Fourchette</th><th>Précisions</th></tr></thead>
  <tbody>
    <tr><td>Tarif</td><td><strong>180 € à 320 € en forfait pour le groupe</strong></td><td>Selon la destination et la formule</td></tr>
    <tr><td>Durée</td><td>1h à 4h</td><td>Transferts inclus selon les destinations</td></tr>
    <tr><td>Taille du groupe</td><td>Idéal entre 6 et 15 pers.</td><td>Au-delà : créneaux multiples</td></tr>
    <tr><td>Nombre de destinations</td><td>2</td><td>Voir la grille ci-dessous</td></tr>
    <tr><td>Délai de réservation</td><td>5 à 14 jours</td><td>Selon la destination et la saison</td></tr>
  </tbody>
</table>

<!-- BLOC F — Destinations -->
<h2>Où faire un poker sexy pour un EVG ?</h2>
<p>L'activité <strong>Poker sexy EVG</strong> est disponible dans <strong>2 destinations</strong> Crazy-EVG : Budapest, Lisbonne.</p>

<!-- BLOC G — Comparatif destinations -->
<h3>Comparatif rapide des destinations</h3>
<ul>
  <li><strong><a href=""https://www.crazy-evg.com/enterrement-de-vie-de-garcon-budapest/poker-sexy-activites"">Poker Sexy EVG à Budapest</a></strong> — Que diriez-vous d'une petite partie de Strip Poker entre amis pendant votre enterrement de vie de garçon à Budapest ? Bien entendu, ce n'est pas vous qui finirez à poil, mais une des deux stripteaseuses voire les deux si vous êtes bons ! La partie se joue à votre appartement avec</li>
  <li><strong><a href=""https://www.crazy-evg.com/enterrement-de-vie-de-garcon-budapest/poker-sexy-activites"">Poker Sexy EVG à Budapest</a></strong> — Que diriez-vous d'un petit Strip Poker Croisière entre amis pendant votre enterrement de vie de garçon à Budapest ? Bien entendu, ce n'est pas vous qui finirez à poil, mais une des deux stripteaseuses ou les deux si vous êtes bon ! La partie se passe à bord d'un bateau privatisé </li>
  <li><strong><a href=""https://www.crazy-evg.com/enterrement-de-vie-de-garcon-lisbonne/poker-sexy-activites"">Poker Sexy EVG à Lisbonne</a></strong> — Une jolie stripteaseuse viendra défier le marié au Strip Poker à votre appartement. Selon les dispos, cette activité peut se dérouler en journée ou en soirée. Le principe est simple : à chaque main perdue, un joueur doit retirer un vêtement...mais la stripteaseuse est ""bon joueur</li>
</ul>

<!-- BLOC H — Activités liées -->
<h2>Ces activités EVG vont aussi vous plaire</h2>
<ul>
  <li><a href=""https://www.crazy-evg.com/activity-category/striptease-domicile-evg"">Strip-tease à domicile EVG</a></li>
  <li><a href=""https://www.crazy-evg.com/activity-category/stripclub-evg"">Club strip-tease EVG</a></li>
  <li><a href=""https://www.crazy-evg.com/activity-category/sexy-combat-evg"">Combat sexy EVG</a></li>
  <li><a href=""https://www.crazy-evg.com/activity-category/diner-strip-evg"">Dîner strip EVG</a></li>
  <li><a href=""https://www.crazy-evg.com/activity-category/crazy-night-evg"">Crazy Night EVG</a></li>
</ul>

<!-- BLOC I — FAQ -->
<h2>FAQ — Poker sexy EVG</h2>

<h3>Combien coûte un poker sexy pour un EVG ?</h3>
<p>Le tarif d'un poker sexy EVG est compris <strong>entre 180 € et 320 € en forfait pour le groupe entier</strong>. Le prix varie selon la destination, la taille du groupe et les options choisies. Demandez un <a href=""https://www.crazy-evg.com/devis"">devis en 1 minute</a> pour un tarif personnalisé.</p>

<h3>Combien de temps dure un poker sexy EVG ?</h3>
<p>La durée varie selon la formule, généralement <strong>entre 1h et 4h transferts inclus</strong>. Consultez la fiche détaillée de chaque destination pour le programme précis.</p>

<h3>Faut-il un niveau particulier pour faire un poker sexy EVG ?</h3>
<p>Aucun niveau requis. Toutes nos sessions sont <strong>encadrées par un instructeur professionnel</strong> qui assure le briefing et l'accompagnement. L'activité est accessible aux débutants.</p>

<h3>À partir de combien de personnes peut-on réserver un poker sexy EVG ?</h3>
<p>La majorité de nos partenaires acceptent les groupes <strong>à partir de 4 à 6 personnes</strong>. Au-delà de 12-15 participants, plusieurs créneaux sont organisés. Les conditions exactes varient selon la destination.</p>

<h3>Que faut-il prévoir pour un poker sexy EVG ?</h3>
<p>Une <strong>pièce d'identité valide</strong> est généralement demandée. Le matériel et l'encadrement sont fournis par notre partenaire local. Prévoyez une tenue adaptée et des chaussures fermées. Détails complets fournis à la réservation.</p>

<h3>Dans quelles villes peut-on faire un poker sexy EVG ?</h3>
<p>L'activité est disponible dans <strong>2 destinations</strong> Crazy-EVG : Budapest, Lisbonne.</p>

<h3>Comment réserver un poker sexy EVG ?</h3>
<p>Demandez un <a href=""https://www.crazy-evg.com/devis"">devis en 1 minute</a> sur Crazy-EVG. Notre équipe revient vers vous sous 24h avec un programme sur mesure et un tarif détaillé pour votre groupe.</p>
","1020","{
  ""@context"": ""https://schema.org"",
  ""@graph"": [
    {
      ""@type"": ""Service"",
      ""@id"": ""https://www.crazy-evg.com/activity-category/poker-sexy-evg#service"",
      ""name"": ""Poker sexy EVG"",
      ""alternateName"": ""poker sexy"",
      ""description"": ""Poker sexy pour son EVG : partie de strip poker animée par une croupière professionnelle. Une soirée coquine et fun à tenter pour son enterrement."",
      ""serviceType"": ""Activité EVG"",
      ""category"": ""Enterrement de vie de garçon"",
      ""url"": ""https://www.crazy-evg.com/activity-category/poker-sexy-evg"",
      ""provider"": {
        ""@type"": ""Organization"",
        ""@id"": ""https://www.crazy-evg.com/#organization"",
        ""name"": ""Crazy-EVG"",
        ""url"": ""https://www.crazy-evg.com"",
        ""telephone"": ""+33176215730"",
        ""email"": ""contact@crazy-evg.com"",
        ""address"": {
          ""@type"": ""PostalAddress"",
          ""streetAddress"": ""8 rue du Faubourg Poissonnière"",
          ""postalCode"": ""75010"",
          ""addressLocality"": ""Paris"",
          ""addressCountry"": ""FR""
        }
      },
      ""areaServed"": [
        {
          ""@type"": ""City"",
          ""name"": ""Budapest""
        },
        {
          ""@type"": ""City"",
          ""name"": ""Lisbonne""
        }
      ],
      ""audience"": {
        ""@type"": ""Audience"",
        ""audienceType"": ""Groupe d'amis - Enterrement de vie de garçon"",
        ""suggestedMinAge"": 18
      },
      ""offers"": {
        ""@type"": ""AggregateOffer"",
        ""priceCurrency"": ""EUR"",
        ""lowPrice"": ""180"",
        ""highPrice"": ""320"",
        ""offerCount"": ""2"",
        ""availability"": ""https://schema.org/InStock""
      }
    },
    {
      ""@type"": ""FAQPage"",
      ""@id"": ""https://www.crazy-evg.com/activity-category/poker-sexy-evg#faq"",
      ""mainEntity"": [
        {
          ""@type"": ""Question"",
          ""name"": ""Combien coûte un poker sexy pour un EVG ?"",
          ""acceptedAnswer"": {
            ""@type"": ""Answer"",
            ""text"": ""Le tarif d'un poker sexy EVG est compris entre 180 € et 320 € en forfait pour le groupe. Le prix varie selon la destination, la taille du groupe et les options choisies. Demandez un devis en 1 minute pour un tarif personnalisé.""
          }
        },
        {
          ""@type"": ""Question"",
          ""name"": ""Combien de temps dure un poker sexy EVG ?"",
          ""acceptedAnswer"": {
            ""@type"": ""Answer"",
            ""text"": ""La durée varie selon la formule, généralement entre 1h et 4h transferts inclus. Consultez la fiche détaillée de chaque destination pour le programme précis.""
          }
        },
        {
          ""@type"": ""Question"",
          ""name"": ""Faut-il un niveau particulier pour faire un poker sexy EVG ?"",
          ""acceptedAnswer"": {
            ""@type"": ""Answer"",
            ""text"": ""Aucun niveau requis. Toutes nos sessions sont encadrées par un instructeur professionnel qui assure le briefing et l'accompagnement. L'activité est accessible aux débutants.""
          }
        },
        {
          ""@type"": ""Question"",
          ""name"": ""À partir de combien de personnes peut-on réserver un poker sexy EVG ?"",
          ""acceptedAnswer"": {
            ""@type"": ""Answer"",
            ""text"": ""La majorité de nos partenaires acceptent les groupes à partir de 4 à 6 personnes. Les conditions exactes varient selon la destination. Au-delà de 12-15 participants, plusieurs créneaux sont organisés.""
          }
        },
        {
          ""@type"": ""Question"",
          ""name"": ""Que faut-il prévoir pour un poker sexy EVG ?"",
          ""acceptedAnswer"": {
            ""@type"": ""Answer"",
            ""text"": ""Une pièce d'identité valide est généralement demandée. Le matériel et l'encadrement sont fournis par notre partenaire local. Prévoyez une tenue adaptée et des chaussures fermées. Détails complets fournis à la réservation.""
          }
        },
        {
          ""@type"": ""Question"",
          ""name"": ""Dans quelles villes peut-on faire un poker sexy EVG ?"",
          ""acceptedAnswer"": {
            ""@type"": ""Answer"",
            ""text"": ""L'activité poker sexy est disponible dans 2 destinations Crazy-EVG : Budapest, Lisbonne.""
          }
        },
        {
          ""@type"": ""Question"",
          ""name"": ""Comment réserver un poker sexy EVG ?"",
          ""acceptedAnswer"": {
            ""@type"": ""Answer"",
            ""text"": ""Demandez un devis en 1 minute sur Crazy-EVG. Notre équipe revient vers vous sous 24h avec un programme sur mesure et un tarif détaillé pour votre groupe.""
          }
        }
      ]
    },
    {
      ""@type"": ""BreadcrumbList"",
      ""@id"": ""https://www.crazy-evg.com/activity-category/poker-sexy-evg#breadcrumb"",
      ""itemListElement"": [
        {
          ""@type"": ""ListItem"",
          ""position"": 1,
          ""name"": ""Accueil"",
          ""item"": ""https://www.crazy-evg.com/""
        },
        {
          ""@type"": ""ListItem"",
          ""position"": 2,
          ""name"": ""Activités EVG"",
          ""item"": ""https://www.crazy-evg.com/activites-evg""
        },
        {
          ""@type"": ""ListItem"",
          ""position"": 3,
          ""name"": ""Strip poker EVG : partie coquine entre potes"",
          ""item"": ""https://www.crazy-evg.com/activity-category/poker-sexy-evg""
        }
      ]
    }
  ]
}","5318"
"https://www.crazy-evg.com/activity-category/combat-chien-evg","combat-chien-evg","Combat Chien","P2 - Sleeping giant","Optimisée","combat chien evg","#N/A","#N/A","Combat Man vs Dog EVG : duel avec chien dressé | Crazy-EVG","58","Combat chien EVG : affrontez un berger malinois équipé d'une protection. Une activité unique et adrénaline pour un enterrement de vie de garçon.","144","Combat Man vs Dog EVG","51","369","0,13821138","10,1409214","<!-- Page: https://www.crazy-evg.com/activity-category/combat-chien-evg -->
<!-- Title: Combat Man vs Dog EVG : duel avec chien dressé | Crazy-EVG -->
<!-- Meta: Combat chien EVG : affrontez un berger malinois équipé d'une protection. Une activité unique et adrénaline pour un enterrement de vie de garçon. -->

<h1>Combat Man vs Dog EVG</h1>

<!-- BLOC A — Introduction -->
<p>Le <strong>combat Man vs Dog EVG</strong> est sans doute l'activité la plus barrée du catalogue : le futur marié, équipé d'une combinaison de protection complète, affronte un <strong>berger malinois dressé pour l'attaque</strong>, encadré par son maître-chien professionnel. Sensations garanties — et beaucoup de fierté à raconter cette histoire pendant 10 ans.</p>
<p>Disponible dans 3 destinations Crazy-EVG (Prague, Bratislava, Budapest), le <strong>combat chien EVG</strong> est l'activité de niche qui fait toute la différence. Encadrement strict, sécurité maximale grâce à la combinaison anti-morsure, et un souvenir 100 % unique pour son enterrement de vie de garçon.</p>

<!-- BLOC B — Pourquoi choisir -->
<h2>Pourquoi choisir le combat chien pour son EVG ?</h2>
<ul>
  <li><strong>Activité de niche :</strong> très peu d'EVG osent — l'effet ""raconté pendant 10 ans"" garanti.</li>
  <li><strong>Sécurité totale :</strong> combinaison anti-morsure pro, maître-chien aux commandes en permanence.</li>
  <li><strong>Adrénaline pure :</strong> 80 kg de muscle canin qui vous saute dessus, ça se sent.</li>
  <li><strong>Format court :</strong> l'activité dure 30-45 min, parfait en complément d'une autre.</li>
</ul>

<!-- BLOC C — L'expérience en détail -->
<h2>L'expérience combat chien en détail</h2>
<p>Déroulé type :</p>
<p><strong>À Budapest :</strong> Faites vivre une attaque de chien au futur marié lors de son EVG à Budapest avec le Man vs Dog, il s'en souviendra toute sa vie ! Qu'est ce que l'activité Man vs Dog pendant un enterrement de vie de garçon à Budapest ? C'est une activité qui consiste à faire combattre dans un ring le futur marié ave</p>
<p><strong>À Cracovie :</strong> Offrez au futur marié la plus grosse peur de sa vie lors de son enterrement de vie de garçon avec le Man vs Dog à Cracovie. Bien protégé dans une tenue spéciale qui résiste aux morsures , le marié devra tenir le choc face à notre berger Allemand fan de free fight ! A peine le temps de vous retourner</p>

<!-- BLOC D — Ce qui est inclus -->
<h2>Ce qui est inclus dans un combat chien EVG</h2>
<ul>
  <li>Tenue de protection pour le marié</li>
  <li>Un berger allemand et deux instructeurs professionnels</li>
  <li>Une guide locale pour vous accompagner</li>
  <li>A/R en minibus privatisé</li>
  <li>Durée de l'activité : 30 - 45 minutes</li>
  <li>Durée totale : 2-2,5 heures</li>
  <li>Seulement le marié fait l'activité, le reste du groupe est spectateur</li>
  <li>1 heure d'activité environ</li>
  <li>UNIQUEMENT POUR LE MARIE</li>
  <li>1 berger allemand dressé par le centre</li>
</ul>

<!-- BLOC E — Tarif -->
<h2>Combien coûte un combat chien EVG ?</h2>
<table>
  <thead><tr><th>Critère</th><th>Fourchette</th><th>Précisions</th></tr></thead>
  <tbody>
    <tr><td>Tarif</td><td><strong>49 € à 89 € par personne</strong></td><td>Selon la destination et la formule</td></tr>
    <tr><td>Durée</td><td>1h à 4h</td><td>Transferts inclus selon les destinations</td></tr>
    <tr><td>Taille du groupe</td><td>Selon la formule, généralement 4 à 15+ pers.</td><td>Au-delà : créneaux multiples</td></tr>
    <tr><td>Nombre de destinations</td><td>3</td><td>Voir la grille ci-dessous</td></tr>
    <tr><td>Délai de réservation</td><td>5 à 14 jours</td><td>Selon la destination et la saison</td></tr>
  </tbody>
</table>

<!-- BLOC F — Destinations -->
<h2>Où faire un combat chien pour un EVG ?</h2>
<p>L'activité <strong>Combat Man vs Dog EVG</strong> est disponible dans <strong>3 destinations</strong> Crazy-EVG : Budapest, Cracovie, Prague.</p>

<!-- BLOC G — Comparatif destinations -->
<h3>Comparatif rapide des destinations</h3>
<ul>
  <li><strong><a href=""https://www.crazy-evg.com/enterrement-de-vie-de-garcon-budapest/combat-chien-activites"">Combat Chien EVG à Budapest</a></strong> — Faites vivre une attaque de chien au futur marié lors de son EVG à Budapest avec le Man vs Dog, il s'en souviendra toute sa vie ! Qu'est ce que l'activité Man vs Dog pendant un enterrement de vie de garçon à Budapest ? C'est une activité qui consiste à faire combattre dans un rin</li>
  <li><strong><a href=""https://www.crazy-evg.com/enterrement-de-vie-de-garcon-cracovie/combat-chien-activites"">Combat Chien EVG à Cracovie</a></strong> — Offrez au futur marié la plus grosse peur de sa vie lors de son enterrement de vie de garçon avec le Man vs Dog à Cracovie. Bien protégé dans une tenue spéciale qui résiste aux morsures , le marié devra tenir le choc face à notre berger Allemand fan de free fight ! A peine le tem</li>
  <li><strong><a href=""https://www.crazy-evg.com/enterrement-de-vie-de-garcon-prague/combat-chien-activites"">Combat Chien EVG à Prague</a></strong> — Le Man vs Dog va faire descendre le futur marié de son piédestal, croyez-nous ! Si votre ami n'est pas fan des chiens, alors le Man vs Dog est l'activité qu'il vous faut pour le faire flipper un bon coup lors de son enterrement de vie de garçon à Prague. Mais rassurez-vous le Man</li>
</ul>

<!-- BLOC H — Activités liées -->
<h2>Ces activités EVG vont aussi vous plaire</h2>
<ul>
  <li><a href=""https://www.crazy-evg.com/activity-category/kidnapping-evg"">Kidnapping EVG</a></li>
  <li><a href=""https://www.crazy-evg.com/activity-category/parcours-du-combattant-evg"">Parcours du combattant EVG</a></li>
  <li><a href=""https://www.crazy-evg.com/activity-category/initiation-tir-shooting-evg"">Stand de tir EVG</a></li>
  <li><a href=""https://www.crazy-evg.com/activity-category/airsoft-battle-evg"">Airsoft battle EVG</a></li>
  <li><a href=""https://www.crazy-evg.com/activity-category/sexy-combat-evg"">Combat sexy EVG</a></li>
</ul>

<!-- BLOC I — FAQ -->
<h2>FAQ — Combat Man vs Dog EVG</h2>

<h3>Combien coûte un combat chien pour un EVG ?</h3>
<p>Le tarif d'un combat chien EVG est compris <strong>entre 49 € et 89 € par personne</strong>. Le prix varie selon la destination, la taille du groupe et les options choisies. Demandez un <a href=""https://www.crazy-evg.com/devis"">devis en 1 minute</a> pour un tarif personnalisé.</p>

<h3>Combien de temps dure un combat chien EVG ?</h3>
<p>La durée varie selon la formule, généralement <strong>entre 1h et 4h transferts inclus</strong>. Consultez la fiche détaillée de chaque destination pour le programme précis.</p>

<h3>Faut-il un niveau particulier pour faire un combat chien EVG ?</h3>
<p>Aucun niveau requis. Toutes nos sessions sont <strong>encadrées par un instructeur professionnel</strong> qui assure le briefing et l'accompagnement. L'activité est accessible aux débutants.</p>

<h3>À partir de combien de personnes peut-on réserver un combat chien EVG ?</h3>
<p>La majorité de nos partenaires acceptent les groupes <strong>à partir de 4 à 6 personnes</strong>. Au-delà de 12-15 participants, plusieurs créneaux sont organisés. Les conditions exactes varient selon la destination.</p>

<h3>Que faut-il prévoir pour un combat chien EVG ?</h3>
<p>Une <strong>pièce d'identité valide</strong> est généralement demandée. Le matériel et l'encadrement sont fournis par notre partenaire local. Prévoyez une tenue adaptée et des chaussures fermées. Détails complets fournis à la réservation.</p>

<h3>Dans quelles villes peut-on faire un combat chien EVG ?</h3>
<p>L'activité est disponible dans <strong>3 destinations</strong> Crazy-EVG : Budapest, Cracovie, Prague.</p>

<h3>Comment réserver un combat chien EVG ?</h3>
<p>Demandez un <a href=""https://www.crazy-evg.com/devis"">devis en 1 minute</a> sur Crazy-EVG. Notre équipe revient vers vous sous 24h avec un programme sur mesure et un tarif détaillé pour votre groupe.</p>
","1048","{
  ""@context"": ""https://schema.org"",
  ""@graph"": [
    {
      ""@type"": ""Service"",
      ""@id"": ""https://www.crazy-evg.com/activity-category/combat-chien-evg#service"",
      ""name"": ""Combat Man vs Dog EVG"",
      ""alternateName"": ""combat chien evg"",
      ""description"": ""Combat chien EVG : affrontez un berger malinois équipé d'une protection. Une activité unique et adrénaline pour un enterrement de vie de garçon."",
      ""serviceType"": ""Activité EVG"",
      ""category"": ""Enterrement de vie de garçon"",
      ""url"": ""https://www.crazy-evg.com/activity-category/combat-chien-evg"",
      ""provider"": {
        ""@type"": ""Organization"",
        ""@id"": ""https://www.crazy-evg.com/#organization"",
        ""name"": ""Crazy-EVG"",
        ""url"": ""https://www.crazy-evg.com"",
        ""telephone"": ""+33176215730"",
        ""email"": ""contact@crazy-evg.com"",
        ""address"": {
          ""@type"": ""PostalAddress"",
          ""streetAddress"": ""8 rue du Faubourg Poissonnière"",
          ""postalCode"": ""75010"",
          ""addressLocality"": ""Paris"",
          ""addressCountry"": ""FR""
        }
      },
      ""areaServed"": [
        {
          ""@type"": ""City"",
          ""name"": ""Budapest""
        },
        {
          ""@type"": ""City"",
          ""name"": ""Cracovie""
        },
        {
          ""@type"": ""City"",
          ""name"": ""Prague""
        }
      ],
      ""audience"": {
        ""@type"": ""Audience"",
        ""audienceType"": ""Groupe d'amis - Enterrement de vie de garçon"",
        ""suggestedMinAge"": 18
      },
      ""offers"": {
        ""@type"": ""AggregateOffer"",
        ""priceCurrency"": ""EUR"",
        ""lowPrice"": ""49"",
        ""highPrice"": ""89"",
        ""offerCount"": ""3"",
        ""availability"": ""https://schema.org/InStock""
      }
    },
    {
      ""@type"": ""FAQPage"",
      ""@id"": ""https://www.crazy-evg.com/activity-category/combat-chien-evg#faq"",
      ""mainEntity"": [
        {
          ""@type"": ""Question"",
          ""name"": ""Combien coûte un combat chien pour un EVG ?"",
          ""acceptedAnswer"": {
            ""@type"": ""Answer"",
            ""text"": ""Le tarif d'un combat chien EVG est compris entre 49 € et 89 € par personne. Le prix varie selon la destination, la taille du groupe et les options choisies. Demandez un devis en 1 minute pour un tarif personnalisé.""
          }
        },
        {
          ""@type"": ""Question"",
          ""name"": ""Combien de temps dure un combat chien EVG ?"",
          ""acceptedAnswer"": {
            ""@type"": ""Answer"",
            ""text"": ""La durée varie selon la formule, généralement entre 1h et 4h transferts inclus. Consultez la fiche détaillée de chaque destination pour le programme précis.""
          }
        },
        {
          ""@type"": ""Question"",
          ""name"": ""Faut-il un niveau particulier pour faire un combat chien EVG ?"",
          ""acceptedAnswer"": {
            ""@type"": ""Answer"",
            ""text"": ""Aucun niveau requis. Toutes nos sessions sont encadrées par un instructeur professionnel qui assure le briefing et l'accompagnement. L'activité est accessible aux débutants.""
          }
        },
        {
          ""@type"": ""Question"",
          ""name"": ""À partir de combien de personnes peut-on réserver un combat chien EVG ?"",
          ""acceptedAnswer"": {
            ""@type"": ""Answer"",
            ""text"": ""La majorité de nos partenaires acceptent les groupes à partir de 4 à 6 personnes. Les conditions exactes varient selon la destination. Au-delà de 12-15 participants, plusieurs créneaux sont organisés.""
          }
        },
        {
          ""@type"": ""Question"",
          ""name"": ""Que faut-il prévoir pour un combat chien EVG ?"",
          ""acceptedAnswer"": {
            ""@type"": ""Answer"",
            ""text"": ""Une pièce d'identité valide est généralement demandée. Le matériel et l'encadrement sont fournis par notre partenaire local. Prévoyez une tenue adaptée et des chaussures fermées. Détails complets fournis à la réservation.""
          }
        },
        {
          ""@type"": ""Question"",
          ""name"": ""Dans quelles villes peut-on faire un combat chien EVG ?"",
          ""acceptedAnswer"": {
            ""@type"": ""Answer"",
            ""text"": ""L'activité combat chien est disponible dans 3 destinations Crazy-EVG : Budapest, Cracovie, Prague.""
          }
        },
        {
          ""@type"": ""Question"",
          ""name"": ""Comment réserver un combat chien EVG ?"",
          ""acceptedAnswer"": {
            ""@type"": ""Answer"",
            ""text"": ""Demandez un devis en 1 minute sur Crazy-EVG. Notre équipe revient vers vous sous 24h avec un programme sur mesure et un tarif détaillé pour votre groupe.""
          }
        }
      ]
    },
    {
      ""@type"": ""BreadcrumbList"",
      ""@id"": ""https://www.crazy-evg.com/activity-category/combat-chien-evg#breadcrumb"",
      ""itemListElement"": [
        {
          ""@type"": ""ListItem"",
          ""position"": 1,
          ""name"": ""Accueil"",
          ""item"": ""https://www.crazy-evg.com/""
        },
        {
          ""@type"": ""ListItem"",
          ""position"": 2,
          ""name"": ""Activités EVG"",
          ""item"": ""https://www.crazy-evg.com/activites-evg""
        },
        {
          ""@type"": ""ListItem"",
          ""position"": 3,
          ""name"": ""Combat Man vs Dog EVG : duel avec chien dressé"",
          ""item"": ""https://www.crazy-evg.com/activity-category/combat-chien-evg""
        }
      ]
    }
  ]
}","5427"
"https://www.crazy-evg.com/activity-category/tournee-bars-evg","tournee-bars-evg","Tournee Bars","P2 - Sleeping giant","A optimisée","tournee bars evg​","Tournée des bars | Activité EVG | Crazy-EVG","La tournée des bars, c'est l'activité indispensable des enterrements de vie de garçon. Découvrez les meilleurs bars où commencer votre soirée d'EVG","Tournée des bars EVG : pub crawl entre potes | Crazy-EVG","56","Tournée des bars EVG : pub crawl encadré dans 18 destinations. Bars sélectionnés, shots offerts, ambiance garantie. Devis en 1 minute.","134","Tournée des bars EVG","3","204","0,01470588","11,8578431","<!-- Page: https://www.crazy-evg.com/activity-category/tournee-bars-evg -->
<!-- Title: Tournée des bars EVG : pub crawl entre potes | Crazy-EVG -->
<!-- Meta: Tournée des bars EVG : pub crawl encadré dans 18 destinations. Bars sélectionnés, shots offerts, ambiance garantie. Devis en 1 minute. -->

<h1>Tournée des bars EVG</h1>

<!-- BLOC A — Introduction -->
<p>La <strong>tournée des bars EVG</strong> est le format social par excellence : un <strong>guide local connaisseur</strong> vous emmène dans 4 à 6 bars sélectionnés, avec un shot ou une bière offerte dans chaque, des animations (défis du marié, mini-jeux), et un timing calibré pour vous mener pile au bon moment vers la boîte.</p>
<p>Disponible dans <strong>18 destinations</strong>, la tournée des bars (ou <em>pub crawl EVG</em>) est l'option idéale pour découvrir une ville la nuit en évitant les pièges à touristes. Les bars sont sélectionnés pour leur ambiance, leur public local, et leur capacité à accueillir un groupe d'EVG sans soucis.</p>

<!-- BLOC B — Pourquoi choisir -->
<h2>Pourquoi choisir le tournee bars pour son EVG ?</h2>
<ul>
  <li><strong>Guide local connaisseur :</strong> il connaît tous les bars cools, les patrons, les bons coups.</li>
  <li><strong>Shot/bière offert dans chaque bar :</strong> 4 à 6 stops, ambiance progressive.</li>
  <li><strong>Évite les attrape-touristes :</strong> sélection bars locaux à l'ambiance authentique.</li>
  <li><strong>Timing calibré :</strong> on vous dépose à la bonne heure devant la boîte de fin de soirée.</li>
</ul>

<!-- BLOC C — L'expérience en détail -->
<h2>L'expérience tournee bars en détail</h2>
<p>Tournée type :</p>
<p><strong>À Amsterdam :</strong> Rien de mieux qu'une Tournée des bars dans le Quartier Rouge pour s'imprégner totalement de la nightlife d'Amsterdam lors de votre enterrement de vie de garçon ! Nous vous donnons rendez-vous en plein cœur du Red Light District pour une soirée hollandaise que vous n'êtes pas près d'oublier.</p>
<p><strong>À Amsterdam :</strong> La Tournée des bars à Leidseplein est la meilleure façon de découvrir le quartier de Leidseplein lors de votre enterrement de vie de garçon à Amsterdam ! Vous avez rendez-vous avec notre guide aux alentours de 20h00 pour débuter votre tournée des bars.</p>

<!-- BLOC D — Ce qui est inclus -->
<h2>Ce qui est inclus dans un tournee bars EVG</h2>
<ul>
  <li>Guide locale</li>
  <li>Tournée des bars publique</li>
  <li>Entrée en boîte</li>
  <li>Disponible tous les jours</li>
  <li>Visite de 3 bars</li>
  <li>Guides anglophones</li>
  <li>Entrée en club</li>
  <li>Tournée des bars</li>
  <li>Une tournée des bars à travers les rues du vieux centre</li>
  <li>Visite de 4 bars</li>
</ul>

<!-- BLOC E — Tarif -->
<h2>Combien coûte un tournee bars EVG ?</h2>
<table>
  <thead><tr><th>Critère</th><th>Fourchette</th><th>Précisions</th></tr></thead>
  <tbody>
    <tr><td>Tarif</td><td><strong>29 € à 79 € par personne</strong></td><td>Selon la destination et la formule</td></tr>
    <tr><td>Durée</td><td>1h à 4h</td><td>Transferts inclus selon les destinations</td></tr>
    <tr><td>Taille du groupe</td><td>Selon la formule, généralement 4 à 15+ pers.</td><td>Au-delà : créneaux multiples</td></tr>
    <tr><td>Nombre de destinations</td><td>18</td><td>Voir la grille ci-dessous</td></tr>
    <tr><td>Délai de réservation</td><td>5 à 14 jours</td><td>Selon la destination et la saison</td></tr>
  </tbody>
</table>

<!-- BLOC F — Destinations -->
<h2>Où faire un tournee bars pour un EVG ?</h2>
<p>L'activité <strong>Tournée des bars EVG</strong> est disponible dans <strong>18 destinations</strong> Crazy-EVG : Albufeira, Amsterdam, Berlin, Bruxelles, Bucarest, Budapest, Cracovie, Ibiza, Lisbonne, Lyon, Madrid, Malte, Marbella, Paris, Porto, Prague, Rome, Varsovie.</p>

<!-- BLOC G — Comparatif destinations -->
<h3>Comparatif rapide des destinations</h3>
<ul>
  <li><strong><a href=""https://www.crazy-evg.com/enterrement-de-vie-de-garcon-amsterdam/tournee-bars-activites"">Tournee Bars EVG à Amsterdam</a></strong> — Rien de mieux qu'une Tournée des bars dans le Quartier Rouge pour s'imprégner totalement de la nightlife d'Amsterdam lors de votre enterrement de vie de garçon ! Nous vous donnons rendez-vous en plein cœur du Red Light District pour une soirée hollandaise que vous n'êtes pas près</li>
  <li><strong><a href=""https://www.crazy-evg.com/enterrement-de-vie-de-garcon-amsterdam/tournee-bars-activites"">Tournee Bars EVG à Amsterdam</a></strong> — La Tournée des bars à Leidseplein est la meilleure façon de découvrir le quartier de Leidseplein lors de votre enterrement de vie de garçon à Amsterdam ! Vous avez rendez-vous avec notre guide aux alentours de 20h00 pour débuter votre tournée des bars. Après ça, c'est parti pour </li>
  <li><strong><a href=""https://www.crazy-evg.com/enterrement-de-vie-de-garcon-amsterdam/tournee-bars-activites"">Tournee Bars EVG à Amsterdam</a></strong> — La Tournée des bars est l'activité phare d'une soirée d'enterrement de vie de garçon, à ne pas manquer pendant votre weekend sur Amsterdam ! Notre guide locale vous retrouve dans un quartier central d'Amsterdam et vous propose de découvrir les meilleurs bars de la ville pour une </li>
</ul>

<!-- BLOC H — Activités liées -->
<h2>Ces activités EVG vont aussi vous plaire</h2>
<ul>
  <li><a href=""https://www.crazy-evg.com/activity-category/beer-bike-evg"">Beer bike EVG</a></li>
  <li><a href=""https://www.crazy-evg.com/activity-category/boite-bouteilles-evg"">Boîte et bouteilles EVG</a></li>
  <li><a href=""https://www.crazy-evg.com/activity-category/crazy-night-evg"">Crazy Night EVG</a></li>
  <li><a href=""https://www.crazy-evg.com/activity-category/degustation-bieres-evg"">Dégustation de bières EVG</a></li>
  <li><a href=""https://www.crazy-evg.com/activity-category/party-bus-strip-evg"">Bus strip EVG</a></li>
</ul>

<!-- BLOC I — FAQ -->
<h2>FAQ — Tournée des bars EVG</h2>

<h3>Combien coûte un tournee bars pour un EVG ?</h3>
<p>Le tarif d'un tournee bars EVG est compris <strong>entre 29 € et 79 € par personne</strong>. Le prix varie selon la destination, la taille du groupe et les options choisies. Demandez un <a href=""https://www.crazy-evg.com/devis"">devis en 1 minute</a> pour un tarif personnalisé.</p>

<h3>Combien de temps dure un tournee bars EVG ?</h3>
<p>La durée varie selon la formule, généralement <strong>entre 1h et 4h transferts inclus</strong>. Consultez la fiche détaillée de chaque destination pour le programme précis.</p>

<h3>Faut-il un niveau particulier pour faire un tournee bars EVG ?</h3>
<p>Aucun niveau requis. Toutes nos sessions sont <strong>encadrées par un instructeur professionnel</strong> qui assure le briefing et l'accompagnement. L'activité est accessible aux débutants.</p>

<h3>À partir de combien de personnes peut-on réserver un tournee bars EVG ?</h3>
<p>La majorité de nos partenaires acceptent les groupes <strong>à partir de 4 à 6 personnes</strong>. Au-delà de 12-15 participants, plusieurs créneaux sont organisés. Les conditions exactes varient selon la destination.</p>

<h3>Que faut-il prévoir pour un tournee bars EVG ?</h3>
<p>Une <strong>pièce d'identité valide</strong> est généralement demandée. Le matériel et l'encadrement sont fournis par notre partenaire local. Prévoyez une tenue adaptée et des chaussures fermées. Détails complets fournis à la réservation.</p>

<h3>Dans quelles villes peut-on faire un tournee bars EVG ?</h3>
<p>L'activité est disponible dans <strong>18 destinations</strong> Crazy-EVG : Albufeira, Amsterdam, Berlin, Bruxelles, Bucarest, Budapest, Cracovie, Ibiza, Lisbonne, Lyon, Madrid, Malte, Marbella, Paris, Porto, Prague, Rome, Varsovie.</p>

<h3>Comment réserver un tournee bars EVG ?</h3>
<p>Demandez un <a href=""https://www.crazy-evg.com/devis"">devis en 1 minute</a> sur Crazy-EVG. Notre équipe revient vers vous sous 24h avec un programme sur mesure et un tarif détaillé pour votre groupe.</p>
","1008","{
  ""@context"": ""https://schema.org"",
  ""@graph"": [
    {
      ""@type"": ""Service"",
      ""@id"": ""https://www.crazy-evg.com/activity-category/tournee-bars-evg#service"",
      ""name"": ""Tournée des bars EVG"",
      ""alternateName"": ""tournee bars evg​"",
      ""description"": ""Tournée des bars EVG : pub crawl encadré dans 18 destinations. Bars sélectionnés, shots offerts, ambiance garantie. Devis en 1 minute."",
      ""serviceType"": ""Activité EVG"",
      ""category"": ""Enterrement de vie de garçon"",
      ""url"": ""https://www.crazy-evg.com/activity-category/tournee-bars-evg"",
      ""provider"": {
        ""@type"": ""Organization"",
        ""@id"": ""https://www.crazy-evg.com/#organization"",
        ""name"": ""Crazy-EVG"",
        ""url"": ""https://www.crazy-evg.com"",
        ""telephone"": ""+33176215730"",
        ""email"": ""contact@crazy-evg.com"",
        ""address"": {
          ""@type"": ""PostalAddress"",
          ""streetAddress"": ""8 rue du Faubourg Poissonnière"",
          ""postalCode"": ""75010"",
          ""addressLocality"": ""Paris"",
          ""addressCountry"": ""FR""
        }
      },
      ""areaServed"": [
        {
          ""@type"": ""City"",
          ""name"": ""Albufeira""
        },
        {
          ""@type"": ""City"",
          ""name"": ""Amsterdam""
        },
        {
          ""@type"": ""City"",
          ""name"": ""Berlin""
        },
        {
          ""@type"": ""City"",
          ""name"": ""Bruxelles""
        },
        {
          ""@type"": ""City"",
          ""name"": ""Bucarest""
        },
        {
          ""@type"": ""City"",
          ""name"": ""Budapest""
        },
        {
          ""@type"": ""City"",
          ""name"": ""Cracovie""
        },
        {
          ""@type"": ""City"",
          ""name"": ""Ibiza""
        },
        {
          ""@type"": ""City"",
          ""name"": ""Lisbonne""
        },
        {
          ""@type"": ""City"",
          ""name"": ""Lyon""
        },
        {
          ""@type"": ""City"",
          ""name"": ""Madrid""
        },
        {
          ""@type"": ""City"",
          ""name"": ""Malte""
        },
        {
          ""@type"": ""City"",
          ""name"": ""Marbella""
        },
        {
          ""@type"": ""City"",
          ""name"": ""Paris""
        },
        {
          ""@type"": ""City"",
          ""name"": ""Porto""
        },
        {
          ""@type"": ""City"",
          ""name"": ""Prague""
        },
        {
          ""@type"": ""City"",
          ""name"": ""Rome""
        },
        {
          ""@type"": ""City"",
          ""name"": ""Varsovie""
        }
      ],
      ""audience"": {
        ""@type"": ""Audience"",
        ""audienceType"": ""Groupe d'amis - Enterrement de vie de garçon"",
        ""suggestedMinAge"": 18
      },
      ""offers"": {
        ""@type"": ""AggregateOffer"",
        ""priceCurrency"": ""EUR"",
        ""lowPrice"": ""29"",
        ""highPrice"": ""79"",
        ""offerCount"": ""18"",
        ""availability"": ""https://schema.org/InStock""
      }
    },
    {
      ""@type"": ""FAQPage"",
      ""@id"": ""https://www.crazy-evg.com/activity-category/tournee-bars-evg#faq"",
      ""mainEntity"": [
        {
          ""@type"": ""Question"",
          ""name"": ""Combien coûte un tournee bars pour un EVG ?"",
          ""acceptedAnswer"": {
            ""@type"": ""Answer"",
            ""text"": ""Le tarif d'un tournee bars EVG est compris entre 29 € et 79 € par personne. Le prix varie selon la destination, la taille du groupe et les options choisies. Demandez un devis en 1 minute pour un tarif personnalisé.""
          }
        },
        {
          ""@type"": ""Question"",
          ""name"": ""Combien de temps dure un tournee bars EVG ?"",
          ""acceptedAnswer"": {
            ""@type"": ""Answer"",
            ""text"": ""La durée varie selon la formule, généralement entre 1h et 4h transferts inclus. Consultez la fiche détaillée de chaque destination pour le programme précis.""
          }
        },
        {
          ""@type"": ""Question"",
          ""name"": ""Faut-il un niveau particulier pour faire un tournee bars EVG ?"",
          ""acceptedAnswer"": {
            ""@type"": ""Answer"",
            ""text"": ""Aucun niveau requis. Toutes nos sessions sont encadrées par un instructeur professionnel qui assure le briefing et l'accompagnement. L'activité est accessible aux débutants.""
          }
        },
        {
          ""@type"": ""Question"",
          ""name"": ""À partir de combien de personnes peut-on réserver un tournee bars EVG ?"",
          ""acceptedAnswer"": {
            ""@type"": ""Answer"",
            ""text"": ""La majorité de nos partenaires acceptent les groupes à partir de 4 à 6 personnes. Les conditions exactes varient selon la destination. Au-delà de 12-15 participants, plusieurs créneaux sont organisés.""
          }
        },
        {
          ""@type"": ""Question"",
          ""name"": ""Que faut-il prévoir pour un tournee bars EVG ?"",
          ""acceptedAnswer"": {
            ""@type"": ""Answer"",
            ""text"": ""Une pièce d'identité valide est généralement demandée. Le matériel et l'encadrement sont fournis par notre partenaire local. Prévoyez une tenue adaptée et des chaussures fermées. Détails complets fournis à la réservation.""
          }
        },
        {
          ""@type"": ""Question"",
          ""name"": ""Dans quelles villes peut-on faire un tournee bars EVG ?"",
          ""acceptedAnswer"": {
            ""@type"": ""Answer"",
            ""text"": ""L'activité tournee bars est disponible dans 18 destinations Crazy-EVG : Albufeira, Amsterdam, Berlin, Bruxelles, Bucarest, Budapest, Cracovie, Ibiza, Lisbonne, Lyon, Madrid, Malte, Marbella, Paris, Porto, Prague, Rome, Varsovie.""
          }
        },
        {
          ""@type"": ""Question"",
          ""name"": ""Comment réserver un tournee bars EVG ?"",
          ""acceptedAnswer"": {
            ""@type"": ""Answer"",
            ""text"": ""Demandez un devis en 1 minute sur Crazy-EVG. Notre équipe revient vers vous sous 24h avec un programme sur mesure et un tarif détaillé pour votre groupe.""
          }
        }
      ]
    },
    {
      ""@type"": ""BreadcrumbList"",
      ""@id"": ""https://www.crazy-evg.com/activity-category/tournee-bars-evg#breadcrumb"",
      ""itemListElement"": [
        {
          ""@type"": ""ListItem"",
          ""position"": 1,
          ""name"": ""Accueil"",
          ""item"": ""https://www.crazy-evg.com/""
        },
        {
          ""@type"": ""ListItem"",
          ""position"": 2,
          ""name"": ""Activités EVG"",
          ""item"": ""https://www.crazy-evg.com/activites-evg""
        },
        {
          ""@type"": ""ListItem"",
          ""position"": 3,
          ""name"": ""Tournée des bars EVG : pub crawl entre potes"",
          ""item"": ""https://www.crazy-evg.com/activity-category/tournee-bars-evg""
        }
      ]
    }
  ]
}","6682"
"https://www.crazy-evg.com/activity-category/party-bus-strip-evg","party-bus-strip-evg","Party Bus Strip","P2 - Sleeping giant","Optimisée","bus strip​","#N/A","#N/A","Bus strip EVG : party bus avec stripteaseuse | Crazy-EVG","56","Party bus strip pour son EVG : bus privatisé, stripteaseuse à bord, musique et bouteilles. La fête commence dans le bus. 6 destinations.","136","Bus strip EVG","29","313","0,09265176","11,9648562","<!-- Page: https://www.crazy-evg.com/activity-category/party-bus-strip-evg -->
<!-- Title: Bus strip EVG : party bus avec stripteaseuse | Crazy-EVG -->
<!-- Meta: Party bus strip pour son EVG : bus privatisé, stripteaseuse à bord, musique et bouteilles. La fête commence dans le bus. 6 destinations. -->

<h1>Bus strip EVG</h1>

<!-- BLOC A — Introduction -->
<p>Le <strong>bus strip EVG</strong> (ou <em>party bus strip</em>) est l'animation la plus folle pour démarrer une soirée d'enterrement de vie de garçon : un <strong>bus VIP privatisé</strong>, sound system, lumières, bar à bord, et <strong>stripteaseuse qui anime le trajet</strong>. La fête commence dès que les portes se ferment.</p>
<p>Disponible dans 6 destinations Crazy-EVG, le party bus strip est parfait comme transition entre le restaurant et la boîte, ou entre l'apéro et le club. Comptez 1h à 1h30 de roulage avec show, bouteilles incluses selon les formules.</p>

<!-- BLOC B — Pourquoi choisir -->
<h2>Pourquoi choisir le party bus strip pour son EVG ?</h2>
<ul>
  <li><strong>Bus VIP entièrement privatisé :</strong> votre groupe seul à bord, pas de partage.</li>
  <li><strong>Stripteaseuse à bord :</strong> show pendant le trajet, lap dance pour le marié.</li>
  <li><strong>Bar et sono inclus :</strong> bouteilles, lumières, ambiance club mobile.</li>
  <li><strong>Combo parfait avec une boîte :</strong> on vous dépose pile devant le club partenaire.</li>
</ul>

<!-- BLOC C — L'expérience en détail -->
<h2>L'expérience party bus strip en détail</h2>
<p>Soirée type :</p>
<p><strong>À Barcelone :</strong> Le Party Bus + Strip est le véhicule festif parfait pour votre EVG Barcelone. Imaginez-vous parcourir les rues de Barcelone dans ce Party bus hors du commun doté de lumières LED, d'une grosse sono et d'un striptease.</p>
<p><strong>À Budapest :</strong> Un accueil personnalisé dès votre arrivée à l'aéroport: la guide vous attendra avec un panneau Crazy-Voyages avec le prénom ou surnom du marié! Ensuite aucune prise de tête à trouver assez de taxi pour tout le monde etc.. tout est géré pour vous jusqu'à que posiez vos valises à votre hébergement.</p>

<!-- BLOC D — Ce qui est inclus -->
<h2>Ce qui est inclus dans un party bus strip EVG</h2>
<ul>
  <li>Striptease à bord du Party Bus</li>
  <li>Transfert aller/retour aéroport-hébergement dans un minibus privatisé</li>
  <li>Show d'une magnifique stripteaseuse pendant le trajet</li>
  <li>Maximum 22 personnes</li>
  <li>Idéal pour les grands groupes (de 15 à 35 personnes)</li>
  <li>Transfert de l'aéroport à votre hébergement en Party Bus</li>
  <li>Possibilité d'apporter votre propre alcool à bord</li>
  <li>Party Bus tout équipé : système de son à bord, lumières d'ambiance, climatisation etc.</li>
  <li>Durée : 2h</li>
  <li>Possibilité d'ajouter un Open Bar à bord (en supplément sur demande)</li>
</ul>

<!-- BLOC E — Tarif -->
<h2>Combien coûte un party bus strip EVG ?</h2>
<table>
  <thead><tr><th>Critère</th><th>Fourchette</th><th>Précisions</th></tr></thead>
  <tbody>
    <tr><td>Tarif</td><td><strong>49 € à 99 € par personne</strong></td><td>Selon la destination et la formule</td></tr>
    <tr><td>Durée</td><td>1h à 4h</td><td>Transferts inclus selon les destinations</td></tr>
    <tr><td>Taille du groupe</td><td>Selon la formule, généralement 4 à 15+ pers.</td><td>Au-delà : créneaux multiples</td></tr>
    <tr><td>Nombre de destinations</td><td>6</td><td>Voir la grille ci-dessous</td></tr>
    <tr><td>Délai de réservation</td><td>5 à 14 jours</td><td>Selon la destination et la saison</td></tr>
  </tbody>
</table>

<!-- BLOC F — Destinations -->
<h2>Où faire un party bus strip pour un EVG ?</h2>
<p>L'activité <strong>Bus strip EVG</strong> est disponible dans <strong>6 destinations</strong> Crazy-EVG : Amsterdam, Barcelone, Budapest, Cracovie, Prague, Varsovie.</p>

<!-- BLOC G — Comparatif destinations -->
<h3>Comparatif rapide des destinations</h3>
<ul>
  <li><strong><a href=""https://www.crazy-evg.com/enterrement-de-vie-de-garcon-barcelone/party-bus-strip-activites"">Party Bus Strip EVG à Barcelone</a></strong> — Le Party Bus + Strip est le véhicule festif parfait pour votre EVG Barcelone. Imaginez-vous parcourir les rues de Barcelone dans ce Party bus hors du commun doté de lumières LED, d'une grosse sono et d'un striptease. Inutile de vous dire que le groupe sera gonflé au max pour cett</li>
  <li><strong><a href=""https://www.crazy-evg.com/enterrement-de-vie-de-garcon-budapest/party-bus-strip-activites"">Party Bus Strip EVG à Budapest</a></strong> — Un accueil personnalisé dès votre arrivée à l'aéroport: la guide vous attendra avec un panneau Crazy-Voyages avec le prénom ou surnom du marié! Ensuite aucune prise de tête à trouver assez de taxi pour tout le monde etc.. tout est géré pour vous jusqu'à que posiez vos valises à v</li>
  <li><strong><a href=""https://www.crazy-evg.com/enterrement-de-vie-de-garcon-budapest/party-bus-strip-activites"">Party Bus Strip EVG à Budapest</a></strong> — Votre guide vous attendra avec un panneau à votre arrivée. Le Party Bus vous récupère à l'aéroport et vous dépose à votre logement en centre ville de Budapest. La privatisation du véhicule dure 1 heure et 1 bouteille de champagne local sont fournies. Vous pouvez également apporte</li>
</ul>

<!-- BLOC H — Activités liées -->
<h2>Ces activités EVG vont aussi vous plaire</h2>
<ul>
  <li><a href=""https://www.crazy-evg.com/activity-category/striptease-domicile-evg"">Strip-tease à domicile EVG</a></li>
  <li><a href=""https://www.crazy-evg.com/activity-category/stripclub-evg"">Club strip-tease EVG</a></li>
  <li><a href=""https://www.crazy-evg.com/activity-category/diner-strip-evg"">Dîner strip EVG</a></li>
  <li><a href=""https://www.crazy-evg.com/activity-category/limousine-evg"">Limousine EVG</a></li>
  <li><a href=""https://www.crazy-evg.com/activity-category/tournee-bars-evg"">Tournée des bars EVG</a></li>
</ul>

<!-- BLOC I — FAQ -->
<h2>FAQ — Bus strip EVG</h2>

<h3>Combien coûte un party bus strip pour un EVG ?</h3>
<p>Le tarif d'un party bus strip EVG est compris <strong>entre 49 € et 99 € par personne</strong>. Le prix varie selon la destination, la taille du groupe et les options choisies. Demandez un <a href=""https://www.crazy-evg.com/devis"">devis en 1 minute</a> pour un tarif personnalisé.</p>

<h3>Combien de temps dure un party bus strip EVG ?</h3>
<p>La durée varie selon la formule, généralement <strong>entre 1h et 4h transferts inclus</strong>. Consultez la fiche détaillée de chaque destination pour le programme précis.</p>

<h3>Faut-il un niveau particulier pour faire un party bus strip EVG ?</h3>
<p>Aucun niveau requis. Toutes nos sessions sont <strong>encadrées par un instructeur professionnel</strong> qui assure le briefing et l'accompagnement. L'activité est accessible aux débutants.</p>

<h3>À partir de combien de personnes peut-on réserver un party bus strip EVG ?</h3>
<p>La majorité de nos partenaires acceptent les groupes <strong>à partir de 4 à 6 personnes</strong>. Au-delà de 12-15 participants, plusieurs créneaux sont organisés. Les conditions exactes varient selon la destination.</p>

<h3>Que faut-il prévoir pour un party bus strip EVG ?</h3>
<p>Une <strong>pièce d'identité valide</strong> est généralement demandée. Le matériel et l'encadrement sont fournis par notre partenaire local. Prévoyez une tenue adaptée et des chaussures fermées. Détails complets fournis à la réservation.</p>

<h3>Dans quelles villes peut-on faire un party bus strip EVG ?</h3>
<p>L'activité est disponible dans <strong>6 destinations</strong> Crazy-EVG : Amsterdam, Barcelone, Budapest, Cracovie, Prague, Varsovie.</p>

<h3>Comment réserver un party bus strip EVG ?</h3>
<p>Demandez un <a href=""https://www.crazy-evg.com/devis"">devis en 1 minute</a> sur Crazy-EVG. Notre équipe revient vers vous sous 24h avec un programme sur mesure et un tarif détaillé pour votre groupe.</p>
","1016","{
  ""@context"": ""https://schema.org"",
  ""@graph"": [
    {
      ""@type"": ""Service"",
      ""@id"": ""https://www.crazy-evg.com/activity-category/party-bus-strip-evg#service"",
      ""name"": ""Bus strip EVG"",
      ""alternateName"": ""bus strip​"",
      ""description"": ""Party bus strip pour son EVG : bus privatisé, stripteaseuse à bord, musique et bouteilles. La fête commence dans le bus. 6 destinations."",
      ""serviceType"": ""Activité EVG"",
      ""category"": ""Enterrement de vie de garçon"",
      ""url"": ""https://www.crazy-evg.com/activity-category/party-bus-strip-evg"",
      ""provider"": {
        ""@type"": ""Organization"",
        ""@id"": ""https://www.crazy-evg.com/#organization"",
        ""name"": ""Crazy-EVG"",
        ""url"": ""https://www.crazy-evg.com"",
        ""telephone"": ""+33176215730"",
        ""email"": ""contact@crazy-evg.com"",
        ""address"": {
          ""@type"": ""PostalAddress"",
          ""streetAddress"": ""8 rue du Faubourg Poissonnière"",
          ""postalCode"": ""75010"",
          ""addressLocality"": ""Paris"",
          ""addressCountry"": ""FR""
        }
      },
      ""areaServed"": [
        {
          ""@type"": ""City"",
          ""name"": ""Amsterdam""
        },
        {
          ""@type"": ""City"",
          ""name"": ""Barcelone""
        },
        {
          ""@type"": ""City"",
          ""name"": ""Budapest""
        },
        {
          ""@type"": ""City"",
          ""name"": ""Cracovie""
        },
        {
          ""@type"": ""City"",
          ""name"": ""Prague""
        },
        {
          ""@type"": ""City"",
          ""name"": ""Varsovie""
        }
      ],
      ""audience"": {
        ""@type"": ""Audience"",
        ""audienceType"": ""Groupe d'amis - Enterrement de vie de garçon"",
        ""suggestedMinAge"": 18
      },
      ""offers"": {
        ""@type"": ""AggregateOffer"",
        ""priceCurrency"": ""EUR"",
        ""lowPrice"": ""49"",
        ""highPrice"": ""99"",
        ""offerCount"": ""6"",
        ""availability"": ""https://schema.org/InStock""
      }
    },
    {
      ""@type"": ""FAQPage"",
      ""@id"": ""https://www.crazy-evg.com/activity-category/party-bus-strip-evg#faq"",
      ""mainEntity"": [
        {
          ""@type"": ""Question"",
          ""name"": ""Combien coûte un party bus strip pour un EVG ?"",
          ""acceptedAnswer"": {
            ""@type"": ""Answer"",
            ""text"": ""Le tarif d'un party bus strip EVG est compris entre 49 € et 99 € par personne. Le prix varie selon la destination, la taille du groupe et les options choisies. Demandez un devis en 1 minute pour un tarif personnalisé.""
          }
        },
        {
          ""@type"": ""Question"",
          ""name"": ""Combien de temps dure un party bus strip EVG ?"",
          ""acceptedAnswer"": {
            ""@type"": ""Answer"",
            ""text"": ""La durée varie selon la formule, généralement entre 1h et 4h transferts inclus. Consultez la fiche détaillée de chaque destination pour le programme précis.""
          }
        },
        {
          ""@type"": ""Question"",
          ""name"": ""Faut-il un niveau particulier pour faire un party bus strip EVG ?"",
          ""acceptedAnswer"": {
            ""@type"": ""Answer"",
            ""text"": ""Aucun niveau requis. Toutes nos sessions sont encadrées par un instructeur professionnel qui assure le briefing et l'accompagnement. L'activité est accessible aux débutants.""
          }
        },
        {
          ""@type"": ""Question"",
          ""name"": ""À partir de combien de personnes peut-on réserver un party bus strip EVG ?"",
          ""acceptedAnswer"": {
            ""@type"": ""Answer"",
            ""text"": ""La majorité de nos partenaires acceptent les groupes à partir de 4 à 6 personnes. Les conditions exactes varient selon la destination. Au-delà de 12-15 participants, plusieurs créneaux sont organisés.""
          }
        },
        {
          ""@type"": ""Question"",
          ""name"": ""Que faut-il prévoir pour un party bus strip EVG ?"",
          ""acceptedAnswer"": {
            ""@type"": ""Answer"",
            ""text"": ""Une pièce d'identité valide est généralement demandée. Le matériel et l'encadrement sont fournis par notre partenaire local. Prévoyez une tenue adaptée et des chaussures fermées. Détails complets fournis à la réservation.""
          }
        },
        {
          ""@type"": ""Question"",
          ""name"": ""Dans quelles villes peut-on faire un party bus strip EVG ?"",
          ""acceptedAnswer"": {
            ""@type"": ""Answer"",
            ""text"": ""L'activité party bus strip est disponible dans 6 destinations Crazy-EVG : Amsterdam, Barcelone, Budapest, Cracovie, Prague, Varsovie.""
          }
        },
        {
          ""@type"": ""Question"",
          ""name"": ""Comment réserver un party bus strip EVG ?"",
          ""acceptedAnswer"": {
            ""@type"": ""Answer"",
            ""text"": ""Demandez un devis en 1 minute sur Crazy-EVG. Notre équipe revient vers vous sous 24h avec un programme sur mesure et un tarif détaillé pour votre groupe.""
          }
        }
      ]
    },
    {
      ""@type"": ""BreadcrumbList"",
      ""@id"": ""https://www.crazy-evg.com/activity-category/party-bus-strip-evg#breadcrumb"",
      ""itemListElement"": [
        {
          ""@type"": ""ListItem"",
          ""position"": 1,
          ""name"": ""Accueil"",
          ""item"": ""https://www.crazy-evg.com/""
        },
        {
          ""@type"": ""ListItem"",
          ""position"": 2,
          ""name"": ""Activités EVG"",
          ""item"": ""https://www.crazy-evg.com/activites-evg""
        },
        {
          ""@type"": ""ListItem"",
          ""position"": 3,
          ""name"": ""Bus strip EVG : party bus avec stripteaseuse"",
          ""item"": ""https://www.crazy-evg.com/activity-category/party-bus-strip-evg""
        }
      ]
    }
  ]
}","5709"
"https://www.crazy-evg.com/activity-category/quad-buggy-evg","quad-buggy-evg","Quad Buggy","P2 - Sleeping giant","A optimisée","randonnée quad buggy evg","Quad & Buggy | Activité EVG | Crazy-EVG","Pendant un enterrement de vie de garçon, faites l'expérience du Quad & Buggy. Cette activité pour les amateurs de bolides est parfaitement dans l'esprit EVG","Randonnée quad & buggy EVG : raid tout-terrain | Crazy-EVG","58","Randonnée quad ou buggy pour son EVG : raid tout-terrain encadré, pilotage en groupe. 14 destinations. Sensations fortes pour son enterrement.","142","Randonnée quad & buggy EVG","5","106","0,04716981","12,9339623","<!-- Page: https://www.crazy-evg.com/activity-category/quad-buggy-evg -->
<!-- Title: Randonnée quad & buggy EVG : raid tout-terrain | Crazy-EVG -->
<!-- Meta: Randonnée quad ou buggy pour son EVG : raid tout-terrain encadré, pilotage en groupe. 14 destinations. Sensations fortes pour son enterrement. -->

<h1>Randonnée quad & buggy EVG</h1>

<!-- BLOC A — Introduction -->
<p>La <strong>randonnée quad ou buggy pour EVG</strong> est l'option idéale pour les groupes qui veulent <strong>en découdre avec la nature</strong> : raid tout-terrain en pleine campagne, dunes, sentiers forestiers ou pistes de montagne, sur des engins puissants que tout le monde peut piloter sans permis spécial.</p>
<p>Disponible dans 14 destinations Crazy-EVG (montagne, plage, campagne), le <strong>quad buggy EVG</strong> est l'activité plein air qui fait l'unanimité : le futur marié comme ses amis, débutants ou pilotes confirmés, repartent avec le sourire (et un peu de poussière dans les yeux).</p>

<!-- BLOC B — Pourquoi choisir -->
<h2>Pourquoi choisir le quad buggy pour son EVG ?</h2>
<ul>
  <li><strong>Aucun permis requis :</strong> instructeur en tête de groupe, briefing complet.</li>
  <li><strong>Terrains variés :</strong> dunes, montagne, forêt selon la destination.</li>
  <li><strong>Engins puissants :</strong> quads 250-500cc, buggies 2 places.</li>
  <li><strong>Adapté à tous niveaux :</strong> initiation pour les débutants, raids pour les confirmés.</li>
</ul>

<!-- BLOC C — L'expérience en détail -->
<h2>L'expérience quad buggy en détail</h2>
<p>Randonnée type :</p>
<p><strong>À Amsterdam :</strong> Rien de mieux qu'une bonne Balade en Quad pour se décrasser lors d'un enterrement de vie de garçon à Amsterdam ! Les quads sont à partager : un quad pour 3 personnes. Ainsi chaque personne conduit 30 min au total.</p>
<p><strong>À Barcelone :</strong> Excursion en Quad dans la campagne Barcelonaise pour son enterrement de vie de garçon, ça a de la gueule non? Vous disposez d'un Quad par personne et le groupe est accompagné par un guide professionnel. Le nombre de participants minimum est de 10 personnes sur une même session.</p>

<!-- BLOC D — Ce qui est inclus -->
<h2>Ce qui est inclus dans un quad buggy EVG</h2>
<ul>
  <li>Présence d'un instructeur local</li>
  <li>Équipement complet fourni</li>
  <li>Instructeur</li>
  <li>Guide locale</li>
  <li>Briefing</li>
  <li>2 personnes par quad</li>
  <li>Permis de conduire obligatoire</li>
  <li>Briefing de sécurité</li>
  <li>1 quad par personne</li>
  <li>Équipement</li>
</ul>

<!-- BLOC E — Tarif -->
<h2>Combien coûte un quad buggy EVG ?</h2>
<table>
  <thead><tr><th>Critère</th><th>Fourchette</th><th>Précisions</th></tr></thead>
  <tbody>
    <tr><td>Tarif</td><td><strong>79 € à 159 € par personne</strong></td><td>Selon la destination et la formule</td></tr>
    <tr><td>Durée</td><td>1h à 4h</td><td>Transferts inclus selon les destinations</td></tr>
    <tr><td>Taille du groupe</td><td>Selon la formule, généralement 4 à 15+ pers.</td><td>Au-delà : créneaux multiples</td></tr>
    <tr><td>Nombre de destinations</td><td>14</td><td>Voir la grille ci-dessous</td></tr>
    <tr><td>Délai de réservation</td><td>5 à 14 jours</td><td>Selon la destination et la saison</td></tr>
  </tbody>
</table>

<!-- BLOC F — Destinations -->
<h2>Où faire un quad buggy pour un EVG ?</h2>
<p>L'activité <strong>Randonnée quad & buggy EVG</strong> est disponible dans <strong>14 destinations</strong> Crazy-EVG : Albufeira, Amsterdam, Barcelone, Bratislava, Bucarest, Budapest, Cracovie, Deauville, Ibiza, Lisbonne, Majorque, Prague, Varsovie, Vilnius.</p>

<!-- BLOC G — Comparatif destinations -->
<h3>Comparatif rapide des destinations</h3>
<ul>
  <li><strong><a href=""https://www.crazy-evg.com/enterrement-de-vie-de-garcon-amsterdam/quad-buggy-activites"">Quad Buggy EVG à Amsterdam</a></strong> — Rien de mieux qu'une bonne Balade en Quad pour se décrasser lors d'un enterrement de vie de garçon à Amsterdam ! Les quads sont à partager : un quad pour 3 personnes. Ainsi chaque personne conduit 30 min au total. Pour un groupe de 10 nous louons 4 quads + un instructeur, les bal</li>
  <li><strong><a href=""https://www.crazy-evg.com/enterrement-de-vie-de-garcon-barcelone/quad-buggy-activites"">Quad Buggy EVG à Barcelone</a></strong> — Excursion en Quad dans la campagne Barcelonaise pour son enterrement de vie de garçon, ça a de la gueule non? Vous disposez d'un Quad par personne et le groupe est accompagné par un guide professionnel. Le nombre de participants minimum est de 10 personnes sur une même session. B</li>
  <li><strong><a href=""https://www.crazy-evg.com/enterrement-de-vie-de-garcon-bratislava/quad-buggy-activites"">Quad Buggy EVG à Bratislava</a></strong> — Cette expérience de quad promet une aventure excitante et bien encadrée pendant votre enterrement de vie de garçon à Bratislava! Chaque participant bénéficiera de 60 minutes de conduite, offrant une immersion complète dans l'expérience du quad. L'activité se déroulera sur une pis</li>
</ul>

<!-- BLOC H — Activités liées -->
<h2>Ces activités EVG vont aussi vous plaire</h2>
<ul>
  <li><a href=""https://www.crazy-evg.com/activity-category/karting-evg"">Karting EVG</a></li>
  <li><a href=""https://www.crazy-evg.com/activity-category/conduite-char-d-assaut-evg"">Conduite char d'assaut EVG</a></li>
  <li><a href=""https://www.crazy-evg.com/activity-category/rafting-eaux-vives-evg"">Rafting EVG</a></li>
  <li><a href=""https://www.crazy-evg.com/activity-category/canyoning-evg"">Canyoning EVG</a></li>
  <li><a href=""https://www.crazy-evg.com/activity-category/jet-ski-evg"">Jet ski EVG</a></li>
</ul>

<!-- BLOC I — FAQ -->
<h2>FAQ — Randonnée quad & buggy EVG</h2>

<h3>Combien coûte un quad buggy pour un EVG ?</h3>
<p>Le tarif d'un quad buggy EVG est compris <strong>entre 79 € et 159 € par personne</strong>. Le prix varie selon la destination, la taille du groupe et les options choisies. Demandez un <a href=""https://www.crazy-evg.com/devis"">devis en 1 minute</a> pour un tarif personnalisé.</p>

<h3>Combien de temps dure un quad buggy EVG ?</h3>
<p>La durée varie selon la formule, généralement <strong>entre 1h et 4h transferts inclus</strong>. Consultez la fiche détaillée de chaque destination pour le programme précis.</p>

<h3>Faut-il un niveau particulier pour faire un quad buggy EVG ?</h3>
<p>Aucun niveau requis. Toutes nos sessions sont <strong>encadrées par un instructeur professionnel</strong> qui assure le briefing et l'accompagnement. L'activité est accessible aux débutants.</p>

<h3>À partir de combien de personnes peut-on réserver un quad buggy EVG ?</h3>
<p>La majorité de nos partenaires acceptent les groupes <strong>à partir de 4 à 6 personnes</strong>. Au-delà de 12-15 participants, plusieurs créneaux sont organisés. Les conditions exactes varient selon la destination.</p>

<h3>Que faut-il prévoir pour un quad buggy EVG ?</h3>
<p>Une <strong>pièce d'identité valide</strong> est généralement demandée. Le matériel et l'encadrement sont fournis par notre partenaire local. Prévoyez une tenue adaptée et des chaussures fermées. Détails complets fournis à la réservation.</p>

<h3>Dans quelles villes peut-on faire un quad buggy EVG ?</h3>
<p>L'activité est disponible dans <strong>14 destinations</strong> Crazy-EVG : Albufeira, Amsterdam, Barcelone, Bratislava, Bucarest, Budapest, Cracovie, Deauville, Ibiza, Lisbonne, Majorque, Prague, Varsovie, Vilnius.</p>

<h3>Comment réserver un quad buggy EVG ?</h3>
<p>Demandez un <a href=""https://www.crazy-evg.com/devis"">devis en 1 minute</a> sur Crazy-EVG. Notre équipe revient vers vous sous 24h avec un programme sur mesure et un tarif détaillé pour votre groupe.</p>
","958","{
  ""@context"": ""https://schema.org"",
  ""@graph"": [
    {
      ""@type"": ""Service"",
      ""@id"": ""https://www.crazy-evg.com/activity-category/quad-buggy-evg#service"",
      ""name"": ""Randonnée quad & buggy EVG"",
      ""alternateName"": ""randonnée quad buggy evg"",
      ""description"": ""Randonnée quad ou buggy pour son EVG : raid tout-terrain encadré, pilotage en groupe. 14 destinations. Sensations fortes pour son enterrement."",
      ""serviceType"": ""Activité EVG"",
      ""category"": ""Enterrement de vie de garçon"",
      ""url"": ""https://www.crazy-evg.com/activity-category/quad-buggy-evg"",
      ""provider"": {
        ""@type"": ""Organization"",
        ""@id"": ""https://www.crazy-evg.com/#organization"",
        ""name"": ""Crazy-EVG"",
        ""url"": ""https://www.crazy-evg.com"",
        ""telephone"": ""+33176215730"",
        ""email"": ""contact@crazy-evg.com"",
        ""address"": {
          ""@type"": ""PostalAddress"",
          ""streetAddress"": ""8 rue du Faubourg Poissonnière"",
          ""postalCode"": ""75010"",
          ""addressLocality"": ""Paris"",
          ""addressCountry"": ""FR""
        }
      },
      ""areaServed"": [
        {
          ""@type"": ""City"",
          ""name"": ""Albufeira""
        },
        {
          ""@type"": ""City"",
          ""name"": ""Amsterdam""
        },
        {
          ""@type"": ""City"",
          ""name"": ""Barcelone""
        },
        {
          ""@type"": ""City"",
          ""name"": ""Bratislava""
        },
        {
          ""@type"": ""City"",
          ""name"": ""Bucarest""
        },
        {
          ""@type"": ""City"",
          ""name"": ""Budapest""
        },
        {
          ""@type"": ""City"",
          ""name"": ""Cracovie""
        },
        {
          ""@type"": ""City"",
          ""name"": ""Deauville""
        },
        {
          ""@type"": ""City"",
          ""name"": ""Ibiza""
        },
        {
          ""@type"": ""City"",
          ""name"": ""Lisbonne""
        },
        {
          ""@type"": ""City"",
          ""name"": ""Majorque""
        },
        {
          ""@type"": ""City"",
          ""name"": ""Prague""
        },
        {
          ""@type"": ""City"",
          ""name"": ""Varsovie""
        },
        {
          ""@type"": ""City"",
          ""name"": ""Vilnius""
        }
      ],
      ""audience"": {
        ""@type"": ""Audience"",
        ""audienceType"": ""Groupe d'amis - Enterrement de vie de garçon"",
        ""suggestedMinAge"": 18
      },
      ""offers"": {
        ""@type"": ""AggregateOffer"",
        ""priceCurrency"": ""EUR"",
        ""lowPrice"": ""79"",
        ""highPrice"": ""159"",
        ""offerCount"": ""14"",
        ""availability"": ""https://schema.org/InStock""
      }
    },
    {
      ""@type"": ""FAQPage"",
      ""@id"": ""https://www.crazy-evg.com/activity-category/quad-buggy-evg#faq"",
      ""mainEntity"": [
        {
          ""@type"": ""Question"",
          ""name"": ""Combien coûte un quad buggy pour un EVG ?"",
          ""acceptedAnswer"": {
            ""@type"": ""Answer"",
            ""text"": ""Le tarif d'un quad buggy EVG est compris entre 79 € et 159 € par personne. Le prix varie selon la destination, la taille du groupe et les options choisies. Demandez un devis en 1 minute pour un tarif personnalisé.""
          }
        },
        {
          ""@type"": ""Question"",
          ""name"": ""Combien de temps dure un quad buggy EVG ?"",
          ""acceptedAnswer"": {
            ""@type"": ""Answer"",
            ""text"": ""La durée varie selon la formule, généralement entre 1h et 4h transferts inclus. Consultez la fiche détaillée de chaque destination pour le programme précis.""
          }
        },
        {
          ""@type"": ""Question"",
          ""name"": ""Faut-il un niveau particulier pour faire un quad buggy EVG ?"",
          ""acceptedAnswer"": {
            ""@type"": ""Answer"",
            ""text"": ""Aucun niveau requis. Toutes nos sessions sont encadrées par un instructeur professionnel qui assure le briefing et l'accompagnement. L'activité est accessible aux débutants.""
          }
        },
        {
          ""@type"": ""Question"",
          ""name"": ""À partir de combien de personnes peut-on réserver un quad buggy EVG ?"",
          ""acceptedAnswer"": {
            ""@type"": ""Answer"",
            ""text"": ""La majorité de nos partenaires acceptent les groupes à partir de 4 à 6 personnes. Les conditions exactes varient selon la destination. Au-delà de 12-15 participants, plusieurs créneaux sont organisés.""
          }
        },
        {
          ""@type"": ""Question"",
          ""name"": ""Que faut-il prévoir pour un quad buggy EVG ?"",
          ""acceptedAnswer"": {
            ""@type"": ""Answer"",
            ""text"": ""Une pièce d'identité valide est généralement demandée. Le matériel et l'encadrement sont fournis par notre partenaire local. Prévoyez une tenue adaptée et des chaussures fermées. Détails complets fournis à la réservation.""
          }
        },
        {
          ""@type"": ""Question"",
          ""name"": ""Dans quelles villes peut-on faire un quad buggy EVG ?"",
          ""acceptedAnswer"": {
            ""@type"": ""Answer"",
            ""text"": ""L'activité quad buggy est disponible dans 14 destinations Crazy-EVG : Albufeira, Amsterdam, Barcelone, Bratislava, Bucarest, Budapest, Cracovie, Deauville, Ibiza, Lisbonne, Majorque, Prague, Varsovie, Vilnius.""
          }
        },
        {
          ""@type"": ""Question"",
          ""name"": ""Comment réserver un quad buggy EVG ?"",
          ""acceptedAnswer"": {
            ""@type"": ""Answer"",
            ""text"": ""Demandez un devis en 1 minute sur Crazy-EVG. Notre équipe revient vers vous sous 24h avec un programme sur mesure et un tarif détaillé pour votre groupe.""
          }
        }
      ]
    },
    {
      ""@type"": ""BreadcrumbList"",
      ""@id"": ""https://www.crazy-evg.com/activity-category/quad-buggy-evg#breadcrumb"",
      ""itemListElement"": [
        {
          ""@type"": ""ListItem"",
          ""position"": 1,
          ""name"": ""Accueil"",
          ""item"": ""https://www.crazy-evg.com/""
        },
        {
          ""@type"": ""ListItem"",
          ""position"": 2,
          ""name"": ""Activités EVG"",
          ""item"": ""https://www.crazy-evg.com/activites-evg""
        },
        {
          ""@type"": ""ListItem"",
          ""position"": 3,
          ""name"": ""Randonnée quad & buggy EVG : raid tout-terrain"",
          ""item"": ""https://www.crazy-evg.com/activity-category/quad-buggy-evg""
        }
      ]
    }
  ]
}","6374"
"https://www.crazy-evg.com/activity-category/flyboard-evg","flyboard-evg","Flyboard","P2 - Sleeping giant","","flyboard evg","Flyboard | Activité EVG | Crazy-EVG","Pour votre enterrement de vie de garçon, faites l'expérience du flyboard. Envolez-vous dans les airs et venez découvrir cette activité à couper le souffle.","Flyboard EVG : envolez-vous au-dessus de l'eau | Crazy-EVG","58","Flyboard pour son EVG : sensation de vol à 10m au-dessus de l'eau, encadrement pro. Une activité unique pour un enterrement de vie de garçon.","141","Flyboard EVG","2","7","0,28571429","13,7142857","<!-- Page: https://www.crazy-evg.com/activity-category/flyboard-evg -->
<!-- Title: Flyboard EVG : envolez-vous au-dessus de l'eau | Crazy-EVG -->
<!-- Meta: Flyboard pour son EVG : sensation de vol à 10m au-dessus de l'eau, encadrement pro. Une activité unique pour un enterrement de vie de garçon. -->

<h1>Flyboard EVG</h1>

<!-- BLOC A — Introduction -->
<p>Le <strong>flyboard EVG</strong>, c'est l'expérience qui transforme le futur marié en <em>Iron Man aquatique</em> : pieds harnachés à une planche reliée à un jet ski par un tuyau, vous êtes <strong>propulsé jusqu'à 10 mètres au-dessus de l'eau</strong> par la pression. Sensations de vol garanties, fous rires assurés, vidéos cultissimes.</p>
<p>Disponible dans 2 destinations bord de mer (Barcelone et Marbella), le flyboard EVG est une activité de niche réservée aux groupes qui cherchent du <strong>vraiment original</strong>. Encadrement par un instructeur diplômé, casque et gilet fournis, 15 à 20 minutes de session par participant.</p>

<!-- BLOC B — Pourquoi choisir -->
<h2>Pourquoi choisir le flyboard pour son EVG ?</h2>
<ul>
  <li><strong>Sensations de vol unique :</strong> 10 m d'altitude, propulsion par eau.</li>
  <li><strong>Activité ultra-rare :</strong> peu de groupes EVG y ont accès — souvenir d'exception.</li>
  <li><strong>Encadrement pro :</strong> instructeur diplômé en permanence, sécurité maximale.</li>
  <li><strong>Vidéos virales :</strong> chutes en mer, postures héroïques, le marié en superman.</li>
</ul>

<!-- BLOC C — L'expérience en détail -->
<h2>L'expérience flyboard en détail</h2>
<p>Session type :</p>
<p><strong>À Barcelone :</strong> I BELIEVE I CAN FLY ! On a tous un jour chanté cette chanson sous la douche. C'est désormais possible de faire ""fly"" votre futur marié préféré pour son enterrement de vie de garçon à Barcelone avec l'activité Flyboard.</p>
<p><strong>À Prague :</strong> Vous aurez rendez-vous en plein centre de Prague , juste en face du Théâtre national. Le cadre est idéal pour découvrir cette activité entre potes. Pendant que l'un d'entre vous vole les autres sont sur la berge pour assister au spectacle.</p>

<!-- BLOC D — Ce qui est inclus -->
<h2>Ce qui est inclus dans un flyboard EVG</h2>
<ul>
  <li>L'activité a lieu à Barcelone ou à Badalone</li>
  <li>Transfert en bateau pour tout le groupe</li>
  <li>15 minutes de Flyboard par personne</li>
  <li>1 instructeur pour vous encadrer</li>
  <li>1 ou plusieurs skippers pour naviguer</li>
  <li>15 minutes pour le marié</li>
  <li>Le reste du groupe regarde depuis le port.</li>
  <li>10€ par personne vous seront demandés si vous souhaitez aller avec le futur marié sur le bateau pour le voir faire son activité ! (en supplément sur place)</li>
  <li>Présence de votre guide locale anglophone</li>
  <li>15 min d'instructions par un professionnel</li>
</ul>

<!-- BLOC E — Tarif -->
<h2>Combien coûte un flyboard EVG ?</h2>
<table>
  <thead><tr><th>Critère</th><th>Fourchette</th><th>Précisions</th></tr></thead>
  <tbody>
    <tr><td>Tarif</td><td><strong>79 € à 159 € par personne</strong></td><td>Selon la destination et la formule</td></tr>
    <tr><td>Durée</td><td>1h à 4h</td><td>Transferts inclus selon les destinations</td></tr>
    <tr><td>Taille du groupe</td><td>Selon la formule, généralement 4 à 15+ pers.</td><td>Au-delà : créneaux multiples</td></tr>
    <tr><td>Nombre de destinations</td><td>2</td><td>Voir la grille ci-dessous</td></tr>
    <tr><td>Délai de réservation</td><td>5 à 14 jours</td><td>Selon la destination et la saison</td></tr>
  </tbody>
</table>

<!-- BLOC F — Destinations -->
<h2>Où faire un flyboard pour un EVG ?</h2>
<p>L'activité <strong>Flyboard EVG</strong> est disponible dans <strong>2 destinations</strong> Crazy-EVG : Barcelone, Prague.</p>

<!-- BLOC G — Comparatif destinations -->
<h3>Comparatif rapide des destinations</h3>
<ul>
  <li><strong><a href=""https://www.crazy-evg.com/enterrement-de-vie-de-garcon-barcelone/flyboard-activites"">Flyboard EVG à Barcelone</a></strong> — I BELIEVE I CAN FLY ! On a tous un jour chanté cette chanson sous la douche. C'est désormais possible de faire ""fly"" votre futur marié préféré pour son enterrement de vie de garçon à Barcelone avec l'activité Flyboard. Cet engin (conçu par un Français, eh oui) fait la joie des am</li>
  <li><strong><a href=""https://www.crazy-evg.com/enterrement-de-vie-de-garcon-prague/flyboard-activites"">Flyboard EVG à Prague</a></strong> — Vous aurez rendez-vous en plein centre de Prague , juste en face du Théâtre national. Le cadre est idéal pour découvrir cette activité entre potes. Pendant que l'un d'entre vous vole les autres sont sur la berge pour assister au spectacle. Un instructeur de Flyboard vous donnera </li>
  <li><strong><a href=""https://www.crazy-evg.com/enterrement-de-vie-de-garcon-barcelone/flyboard-activites"">Flyboard EVG à Barcelone</a></strong> — Une fois le futur marié équipé, celui-ci s'élancera dans les airs pour défier les lois de la gravité ! Il pourra ainsi se prendre pour Iron Man, sous vos yeux ébahis. Sensations fortes assurées pour son EVG ;-) BON A SAVOIR : L'activité se fait sur la plage proche du centre-ville</li>
</ul>

<!-- BLOC H — Activités liées -->
<h2>Ces activités EVG vont aussi vous plaire</h2>
<ul>
  <li><a href=""https://www.crazy-evg.com/activity-category/jet-ski-evg"">Jet ski EVG</a></li>
  <li><a href=""https://www.crazy-evg.com/activity-category/croisiere-bateau-evg"">Croisière en bateau EVG</a></li>
  <li><a href=""https://www.crazy-evg.com/activity-category/hydrospeed-evg"">Hydrospeed EVG</a></li>
  <li><a href=""https://www.crazy-evg.com/activity-category/parapente-evg"">Parapente EVG</a></li>
  <li><a href=""https://www.crazy-evg.com/activity-category/rafting-eaux-vives-evg"">Rafting EVG</a></li>
</ul>

<!-- BLOC I — FAQ -->
<h2>FAQ — Flyboard EVG</h2>

<h3>Combien coûte un flyboard pour un EVG ?</h3>
<p>Le tarif d'un flyboard EVG est compris <strong>entre 79 € et 159 € par personne</strong>. Le prix varie selon la destination, la taille du groupe et les options choisies. Demandez un <a href=""https://www.crazy-evg.com/devis"">devis en 1 minute</a> pour un tarif personnalisé.</p>

<h3>Combien de temps dure un flyboard EVG ?</h3>
<p>La durée varie selon la formule, généralement <strong>entre 1h et 4h transferts inclus</strong>. Consultez la fiche détaillée de chaque destination pour le programme précis.</p>

<h3>Faut-il un niveau particulier pour faire un flyboard EVG ?</h3>
<p>Aucun niveau requis. Toutes nos sessions sont <strong>encadrées par un instructeur professionnel</strong> qui assure le briefing et l'accompagnement. L'activité est accessible aux débutants.</p>

<h3>À partir de combien de personnes peut-on réserver un flyboard EVG ?</h3>
<p>La majorité de nos partenaires acceptent les groupes <strong>à partir de 4 à 6 personnes</strong>. Au-delà de 12-15 participants, plusieurs créneaux sont organisés. Les conditions exactes varient selon la destination.</p>

<h3>Que faut-il prévoir pour un flyboard EVG ?</h3>
<p>Une <strong>pièce d'identité valide</strong> est généralement demandée. Le matériel et l'encadrement sont fournis par notre partenaire local. Prévoyez une tenue adaptée et des chaussures fermées. Détails complets fournis à la réservation.</p>

<h3>Dans quelles villes peut-on faire un flyboard EVG ?</h3>
<p>L'activité est disponible dans <strong>2 destinations</strong> Crazy-EVG : Barcelone, Prague.</p>

<h3>Comment réserver un flyboard EVG ?</h3>
<p>Demandez un <a href=""https://www.crazy-evg.com/devis"">devis en 1 minute</a> sur Crazy-EVG. Notre équipe revient vers vous sous 24h avec un programme sur mesure et un tarif détaillé pour votre groupe.</p>
","976","{
  ""@context"": ""https://schema.org"",
  ""@graph"": [
    {
      ""@type"": ""Service"",
      ""@id"": ""https://www.crazy-evg.com/activity-category/flyboard-evg#service"",
      ""name"": ""Flyboard EVG"",
      ""alternateName"": ""flyboard evg"",
      ""description"": ""Flyboard pour son EVG : sensation de vol à 10m au-dessus de l'eau, encadrement pro. Une activité unique pour un enterrement de vie de garçon."",
      ""serviceType"": ""Activité EVG"",
      ""category"": ""Enterrement de vie de garçon"",
      ""url"": ""https://www.crazy-evg.com/activity-category/flyboard-evg"",
      ""provider"": {
        ""@type"": ""Organization"",
        ""@id"": ""https://www.crazy-evg.com/#organization"",
        ""name"": ""Crazy-EVG"",
        ""url"": ""https://www.crazy-evg.com"",
        ""telephone"": ""+33176215730"",
        ""email"": ""contact@crazy-evg.com"",
        ""address"": {
          ""@type"": ""PostalAddress"",
          ""streetAddress"": ""8 rue du Faubourg Poissonnière"",
          ""postalCode"": ""75010"",
          ""addressLocality"": ""Paris"",
          ""addressCountry"": ""FR""
        }
      },
      ""areaServed"": [
        {
          ""@type"": ""City"",
          ""name"": ""Barcelone""
        },
        {
          ""@type"": ""City"",
          ""name"": ""Prague""
        }
      ],
      ""audience"": {
        ""@type"": ""Audience"",
        ""audienceType"": ""Groupe d'amis - Enterrement de vie de garçon"",
        ""suggestedMinAge"": 18
      },
      ""offers"": {
        ""@type"": ""AggregateOffer"",
        ""priceCurrency"": ""EUR"",
        ""lowPrice"": ""79"",
        ""highPrice"": ""159"",
        ""offerCount"": ""2"",
        ""availability"": ""https://schema.org/InStock""
      }
    },
    {
      ""@type"": ""FAQPage"",
      ""@id"": ""https://www.crazy-evg.com/activity-category/flyboard-evg#faq"",
      ""mainEntity"": [
        {
          ""@type"": ""Question"",
          ""name"": ""Combien coûte un flyboard pour un EVG ?"",
          ""acceptedAnswer"": {
            ""@type"": ""Answer"",
            ""text"": ""Le tarif d'un flyboard EVG est compris entre 79 € et 159 € par personne. Le prix varie selon la destination, la taille du groupe et les options choisies. Demandez un devis en 1 minute pour un tarif personnalisé.""
          }
        },
        {
          ""@type"": ""Question"",
          ""name"": ""Combien de temps dure un flyboard EVG ?"",
          ""acceptedAnswer"": {
            ""@type"": ""Answer"",
            ""text"": ""La durée varie selon la formule, généralement entre 1h et 4h transferts inclus. Consultez la fiche détaillée de chaque destination pour le programme précis.""
          }
        },
        {
          ""@type"": ""Question"",
          ""name"": ""Faut-il un niveau particulier pour faire un flyboard EVG ?"",
          ""acceptedAnswer"": {
            ""@type"": ""Answer"",
            ""text"": ""Aucun niveau requis. Toutes nos sessions sont encadrées par un instructeur professionnel qui assure le briefing et l'accompagnement. L'activité est accessible aux débutants.""
          }
        },
        {
          ""@type"": ""Question"",
          ""name"": ""À partir de combien de personnes peut-on réserver un flyboard EVG ?"",
          ""acceptedAnswer"": {
            ""@type"": ""Answer"",
            ""text"": ""La majorité de nos partenaires acceptent les groupes à partir de 4 à 6 personnes. Les conditions exactes varient selon la destination. Au-delà de 12-15 participants, plusieurs créneaux sont organisés.""
          }
        },
        {
          ""@type"": ""Question"",
          ""name"": ""Que faut-il prévoir pour un flyboard EVG ?"",
          ""acceptedAnswer"": {
            ""@type"": ""Answer"",
            ""text"": ""Une pièce d'identité valide est généralement demandée. Le matériel et l'encadrement sont fournis par notre partenaire local. Prévoyez une tenue adaptée et des chaussures fermées. Détails complets fournis à la réservation.""
          }
        },
        {
          ""@type"": ""Question"",
          ""name"": ""Dans quelles villes peut-on faire un flyboard EVG ?"",
          ""acceptedAnswer"": {
            ""@type"": ""Answer"",
            ""text"": ""L'activité flyboard est disponible dans 2 destinations Crazy-EVG : Barcelone, Prague.""
          }
        },
        {
          ""@type"": ""Question"",
          ""name"": ""Comment réserver un flyboard EVG ?"",
          ""acceptedAnswer"": {
            ""@type"": ""Answer"",
            ""text"": ""Demandez un devis en 1 minute sur Crazy-EVG. Notre équipe revient vers vous sous 24h avec un programme sur mesure et un tarif détaillé pour votre groupe.""
          }
        }
      ]
    },
    {
      ""@type"": ""BreadcrumbList"",
      ""@id"": ""https://www.crazy-evg.com/activity-category/flyboard-evg#breadcrumb"",
      ""itemListElement"": [
        {
          ""@type"": ""ListItem"",
          ""position"": 1,
          ""name"": ""Accueil"",
          ""item"": ""https://www.crazy-evg.com/""
        },
        {
          ""@type"": ""ListItem"",
          ""position"": 2,
          ""name"": ""Activités EVG"",
          ""item"": ""https://www.crazy-evg.com/activites-evg""
        },
        {
          ""@type"": ""ListItem"",
          ""position"": 3,
          ""name"": ""Flyboard EVG : envolez-vous au-dessus de l'eau"",
          ""item"": ""https://www.crazy-evg.com/activity-category/flyboard-evg""
        }
      ]
    }
  ]
}","5269"
"https://www.crazy-evg.com/activity-category/karting-evg","karting-evg","Karting","P2 - Sleeping giant","Optimisée","karting evg","#N/A","#N/A","Karting EVG : course sur circuit entre potes | Crazy-EVG","56","Karting EVG : Grand Prix entre potes sur circuit privatisé, 20 destinations. Karts puissants, classement final. Devis en 1 minute.","130","Karting EVG","7","1402","0,00499287","13,9657632","<!-- Page: https://www.crazy-evg.com/activity-category/karting-evg -->
<!-- Title: Karting EVG : course sur circuit entre potes | Crazy-EVG -->
<!-- Meta: Karting EVG : Grand Prix entre potes sur circuit privatisé, 20 destinations. Karts puissants, classement final. Devis en 1 minute. -->

<h1>Karting EVG</h1>

<!-- BLOC A — Introduction -->
<p>Le <strong>karting EVG</strong> est le grand classique des activités EVG sportives : circuit privatisé pour votre groupe, <strong>karts puissants</strong> (160 à 270 cc selon les destinations), grand prix avec classement final, et bien sûr <strong>maillot du marié</strong> à viser pour tous ses potes pendant la course.</p>
<p>Avec <strong>20 destinations couvertes</strong>, le karting EVG est l'une des activités les plus accessibles du catalogue : tarif raisonnable, durée flexible, accessible à tous niveaux. Format idéal en activité d'ouverture pour démarrer un EVG.</p>

<!-- BLOC B — Pourquoi choisir -->
<h2>Pourquoi choisir le karting pour son EVG ?</h2>
<ul>
  <li><strong>Circuit privatisé :</strong> votre groupe seul, classement sérieux.</li>
  <li><strong>Karts puissants :</strong> 160 à 270 cc, sensations vraies de circuit.</li>
  <li><strong>Format Grand Prix :</strong> qualifs + course + podium + photo finish.</li>
  <li><strong>Accessible à tous :</strong> du débutant au pilote du dimanche, briefing complet.</li>
</ul>

<!-- BLOC C — L'expérience en détail -->
<h2>L'expérience karting en détail</h2>
<p>Format type :</p>
<p><strong>À Amsterdam :</strong> Offrez vous un Grand Prix Karting pour votre EVG à Amsterdam afin de décider une bonne fois pour toute qui est le meilleur pilote de votre groupe. Le Karting est situé à environ 30 min du centre d'Amsterdam. Sur place tout l'équipement pour le Grand Prix Karting est fourni: veste, casque, cagoule.</p>
<p><strong>À Barcelone :</strong> Envie d'un peu de compétition pendant votre EVG à Barcelone ? Le Karting est l'activité idéale pour s'éclater entre potes pendant votre week-end. Une piste réservée pour voir qui est le meilleur pilote... Avec ou sans permis ! C'est le moment de montrer que vous êtes un vrai AS du volant.</p>

<!-- BLOC D — Ce qui est inclus -->
<h2>Ce qui est inclus dans un karting EVG</h2>
<ul>
  <li>Transfert A/R en minibus privatisé</li>
  <li>Un mélange entre karting électrique, un jeu vidéo et la réalité augmentée</li>
  <li>Kart électrique</li>
  <li>Différents circuits</li>
  <li>Les modes de jeu sont projetés au sol</li>
  <li>Une manche = un mode de jeu</li>
  <li>Différents modes de jeu: battle race, battle snake, battle foot, battle color, battle virus</li>
  <li>Taille minimale pour jouer : 1,45m</li>
  <li>8 personnes minimum</li>
  <li>Karts électriques</li>
</ul>

<!-- BLOC E — Tarif -->
<h2>Combien coûte un karting EVG ?</h2>
<table>
  <thead><tr><th>Critère</th><th>Fourchette</th><th>Précisions</th></tr></thead>
  <tbody>
    <tr><td>Tarif</td><td><strong>29 € à 59 € par personne</strong></td><td>Selon la destination et la formule</td></tr>
    <tr><td>Durée</td><td>1h à 4h</td><td>Transferts inclus selon les destinations</td></tr>
    <tr><td>Taille du groupe</td><td>Selon la formule, généralement 4 à 15+ pers.</td><td>Au-delà : créneaux multiples</td></tr>
    <tr><td>Nombre de destinations</td><td>20</td><td>Voir la grille ci-dessous</td></tr>
    <tr><td>Délai de réservation</td><td>5 à 14 jours</td><td>Selon la destination et la saison</td></tr>
  </tbody>
</table>

<!-- BLOC F — Destinations -->
<h2>Où faire un karting pour un EVG ?</h2>
<p>L'activité <strong>Karting EVG</strong> est disponible dans <strong>20 destinations</strong> Crazy-EVG : Albufeira, Amsterdam, Barcelone, Bordeaux, Bratislava, Bruxelles, Bucarest, Budapest, Cracovie, Deauville, Ibiza, Lisbonne, Lyon, Malte, Marbella, Montpellier, Paris, Porto, Prague, Vilnius.</p>

<!-- BLOC G — Comparatif destinations -->
<h3>Comparatif rapide des destinations</h3>
<ul>
  <li><strong><a href=""https://www.crazy-evg.com/enterrement-de-vie-de-garcon-amsterdam/karting-activites"">Karting EVG à Amsterdam</a></strong> — Offrez vous un Grand Prix Karting pour votre EVG à Amsterdam afin de décider une bonne fois pour toute qui est le meilleur pilote de votre groupe. Le Karting est situé à environ 30 min du centre d'Amsterdam. Sur place tout l'équipement pour le Grand Prix Karting est fourni: veste</li>
  <li><strong><a href=""https://www.crazy-evg.com/enterrement-de-vie-de-garcon-barcelone/karting-activites"">Karting EVG à Barcelone</a></strong> — Envie d'un peu de compétition pendant votre EVG à Barcelone ? Le Karting est l'activité idéale pour s'éclater entre potes pendant votre week-end. Une piste réservée pour voir qui est le meilleur pilote... Avec ou sans permis ! C'est le moment de montrer que vous êtes un vrai AS d</li>
  <li><strong><a href=""https://www.crazy-evg.com/enterrement-de-vie-de-garcon-barcelone/karting-activites"">Karting EVG à Barcelone</a></strong> — Notre circuit de Karting Grand Prix est au top de ce qu'on peut trouver à Barcelone ! Offrez vous une expérience unique, entre adrénaline et compétition ! Pour effectuer l'activité il est nécessaire qu'au moins un des participants se munisse de sa carte d'identité. Le Karting Gra</li>
</ul>

<!-- BLOC H — Activités liées -->
<h2>Ces activités EVG vont aussi vous plaire</h2>
<ul>
  <li><a href=""https://www.crazy-evg.com/activity-category/quad-buggy-evg"">Quad & buggy EVG</a></li>
  <li><a href=""https://www.crazy-evg.com/activity-category/conduite-ferrari-evg"">Conduite Ferrari EVG</a></li>
  <li><a href=""https://www.crazy-evg.com/activity-category/conduite-char-d-assaut-evg"">Conduite char d'assaut EVG</a></li>
  <li><a href=""https://www.crazy-evg.com/activity-category/paintball-evg"">Paintball EVG</a></li>
  <li><a href=""https://www.crazy-evg.com/activity-category/footbulle-evg"">Bubble foot EVG</a></li>
</ul>

<!-- BLOC I — FAQ -->
<h2>FAQ — Karting EVG</h2>

<h3>Combien coûte un karting pour un EVG ?</h3>
<p>Le tarif d'un karting EVG est compris <strong>entre 29 € et 59 € par personne</strong>. Le prix varie selon la destination, la taille du groupe et les options choisies. Demandez un <a href=""https://www.crazy-evg.com/devis"">devis en 1 minute</a> pour un tarif personnalisé.</p>

<h3>Combien de temps dure un karting EVG ?</h3>
<p>La durée varie selon la formule, généralement <strong>entre 1h et 4h transferts inclus</strong>. Consultez la fiche détaillée de chaque destination pour le programme précis.</p>

<h3>Faut-il un niveau particulier pour faire un karting EVG ?</h3>
<p>Aucun niveau requis. Toutes nos sessions sont <strong>encadrées par un instructeur professionnel</strong> qui assure le briefing et l'accompagnement. L'activité est accessible aux débutants.</p>

<h3>À partir de combien de personnes peut-on réserver un karting EVG ?</h3>
<p>La majorité de nos partenaires acceptent les groupes <strong>à partir de 4 à 6 personnes</strong>. Au-delà de 12-15 participants, plusieurs créneaux sont organisés. Les conditions exactes varient selon la destination.</p>

<h3>Que faut-il prévoir pour un karting EVG ?</h3>
<p>Une <strong>pièce d'identité valide</strong> est généralement demandée. Le matériel et l'encadrement sont fournis par notre partenaire local. Prévoyez une tenue adaptée et des chaussures fermées. Détails complets fournis à la réservation.</p>

<h3>Dans quelles villes peut-on faire un karting EVG ?</h3>
<p>L'activité est disponible dans <strong>20 destinations</strong> Crazy-EVG : Albufeira, Amsterdam, Barcelone, Bordeaux, Bratislava, Bruxelles, Bucarest, Budapest, Cracovie, Deauville, Ibiza, Lisbonne, Lyon, Malte, Marbella, Montpellier, Paris, Porto, Prague, Vilnius.</p>

<h3>Comment réserver un karting EVG ?</h3>
<p>Demandez un <a href=""https://www.crazy-evg.com/devis"">devis en 1 minute</a> sur Crazy-EVG. Notre équipe revient vers vous sous 24h avec un programme sur mesure et un tarif détaillé pour votre groupe.</p>
","992","{
  ""@context"": ""https://schema.org"",
  ""@graph"": [
    {
      ""@type"": ""Service"",
      ""@id"": ""https://www.crazy-evg.com/activity-category/karting-evg#service"",
      ""name"": ""Karting EVG"",
      ""alternateName"": ""karting evg"",
      ""description"": ""Karting EVG : Grand Prix entre potes sur circuit privatisé, 20 destinations. Karts puissants, classement final. Devis en 1 minute."",
      ""serviceType"": ""Activité EVG"",
      ""category"": ""Enterrement de vie de garçon"",
      ""url"": ""https://www.crazy-evg.com/activity-category/karting-evg"",
      ""provider"": {
        ""@type"": ""Organization"",
        ""@id"": ""https://www.crazy-evg.com/#organization"",
        ""name"": ""Crazy-EVG"",
        ""url"": ""https://www.crazy-evg.com"",
        ""telephone"": ""+33176215730"",
        ""email"": ""contact@crazy-evg.com"",
        ""address"": {
          ""@type"": ""PostalAddress"",
          ""streetAddress"": ""8 rue du Faubourg Poissonnière"",
          ""postalCode"": ""75010"",
          ""addressLocality"": ""Paris"",
          ""addressCountry"": ""FR""
        }
      },
      ""areaServed"": [
        {
          ""@type"": ""City"",
          ""name"": ""Albufeira""
        },
        {
          ""@type"": ""City"",
          ""name"": ""Amsterdam""
        },
        {
          ""@type"": ""City"",
          ""name"": ""Barcelone""
        },
        {
          ""@type"": ""City"",
          ""name"": ""Bordeaux""
        },
        {
          ""@type"": ""City"",
          ""name"": ""Bratislava""
        },
        {
          ""@type"": ""City"",
          ""name"": ""Bruxelles""
        },
        {
          ""@type"": ""City"",
          ""name"": ""Bucarest""
        },
        {
          ""@type"": ""City"",
          ""name"": ""Budapest""
        },
        {
          ""@type"": ""City"",
          ""name"": ""Cracovie""
        },
        {
          ""@type"": ""City"",
          ""name"": ""Deauville""
        },
        {
          ""@type"": ""City"",
          ""name"": ""Ibiza""
        },
        {
          ""@type"": ""City"",
          ""name"": ""Lisbonne""
        },
        {
          ""@type"": ""City"",
          ""name"": ""Lyon""
        },
        {
          ""@type"": ""City"",
          ""name"": ""Malte""
        },
        {
          ""@type"": ""City"",
          ""name"": ""Marbella""
        },
        {
          ""@type"": ""City"",
          ""name"": ""Montpellier""
        },
        {
          ""@type"": ""City"",
          ""name"": ""Paris""
        },
        {
          ""@type"": ""City"",
          ""name"": ""Porto""
        },
        {
          ""@type"": ""City"",
          ""name"": ""Prague""
        },
        {
          ""@type"": ""City"",
          ""name"": ""Vilnius""
        }
      ],
      ""audience"": {
        ""@type"": ""Audience"",
        ""audienceType"": ""Groupe d'amis - Enterrement de vie de garçon"",
        ""suggestedMinAge"": 18
      },
      ""offers"": {
        ""@type"": ""AggregateOffer"",
        ""priceCurrency"": ""EUR"",
        ""lowPrice"": ""29"",
        ""highPrice"": ""59"",
        ""offerCount"": ""20"",
        ""availability"": ""https://schema.org/InStock""
      }
    },
    {
      ""@type"": ""FAQPage"",
      ""@id"": ""https://www.crazy-evg.com/activity-category/karting-evg#faq"",
      ""mainEntity"": [
        {
          ""@type"": ""Question"",
          ""name"": ""Combien coûte un karting pour un EVG ?"",
          ""acceptedAnswer"": {
            ""@type"": ""Answer"",
            ""text"": ""Le tarif d'un karting EVG est compris entre 29 € et 59 € par personne. Le prix varie selon la destination, la taille du groupe et les options choisies. Demandez un devis en 1 minute pour un tarif personnalisé.""
          }
        },
        {
          ""@type"": ""Question"",
          ""name"": ""Combien de temps dure un karting EVG ?"",
          ""acceptedAnswer"": {
            ""@type"": ""Answer"",
            ""text"": ""La durée varie selon la formule, généralement entre 1h et 4h transferts inclus. Consultez la fiche détaillée de chaque destination pour le programme précis.""
          }
        },
        {
          ""@type"": ""Question"",
          ""name"": ""Faut-il un niveau particulier pour faire un karting EVG ?"",
          ""acceptedAnswer"": {
            ""@type"": ""Answer"",
            ""text"": ""Aucun niveau requis. Toutes nos sessions sont encadrées par un instructeur professionnel qui assure le briefing et l'accompagnement. L'activité est accessible aux débutants.""
          }
        },
        {
          ""@type"": ""Question"",
          ""name"": ""À partir de combien de personnes peut-on réserver un karting EVG ?"",
          ""acceptedAnswer"": {
            ""@type"": ""Answer"",
            ""text"": ""La majorité de nos partenaires acceptent les groupes à partir de 4 à 6 personnes. Les conditions exactes varient selon la destination. Au-delà de 12-15 participants, plusieurs créneaux sont organisés.""
          }
        },
        {
          ""@type"": ""Question"",
          ""name"": ""Que faut-il prévoir pour un karting EVG ?"",
          ""acceptedAnswer"": {
            ""@type"": ""Answer"",
            ""text"": ""Une pièce d'identité valide est généralement demandée. Le matériel et l'encadrement sont fournis par notre partenaire local. Prévoyez une tenue adaptée et des chaussures fermées. Détails complets fournis à la réservation.""
          }
        },
        {
          ""@type"": ""Question"",
          ""name"": ""Dans quelles villes peut-on faire un karting EVG ?"",
          ""acceptedAnswer"": {
            ""@type"": ""Answer"",
            ""text"": ""L'activité karting est disponible dans 20 destinations Crazy-EVG : Albufeira, Amsterdam, Barcelone, Bordeaux, Bratislava, Bruxelles, Bucarest, Budapest, Cracovie, Deauville, Ibiza, Lisbonne, Lyon, Malte, Marbella, Montpellier, Paris, Porto, Prague, Vilnius.""
          }
        },
        {
          ""@type"": ""Question"",
          ""name"": ""Comment réserver un karting EVG ?"",
          ""acceptedAnswer"": {
            ""@type"": ""Answer"",
            ""text"": ""Demandez un devis en 1 minute sur Crazy-EVG. Notre équipe revient vers vous sous 24h avec un programme sur mesure et un tarif détaillé pour votre groupe.""
          }
        }
      ]
    },
    {
      ""@type"": ""BreadcrumbList"",
      ""@id"": ""https://www.crazy-evg.com/activity-category/karting-evg#breadcrumb"",
      ""itemListElement"": [
        {
          ""@type"": ""ListItem"",
          ""position"": 1,
          ""name"": ""Accueil"",
          ""item"": ""https://www.crazy-evg.com/""
        },
        {
          ""@type"": ""ListItem"",
          ""position"": 2,
          ""name"": ""Activités EVG"",
          ""item"": ""https://www.crazy-evg.com/activites-evg""
        },
        {
          ""@type"": ""ListItem"",
          ""position"": 3,
          ""name"": ""Karting EVG : course sur circuit entre potes"",
          ""item"": ""https://www.crazy-evg.com/activity-category/karting-evg""
        }
      ]
    }
  ]
}","6788"
"https://www.crazy-evg.com/activity-category/jet-ski-evg","jet-ski-evg","Jet Ski","P2 - Sleeping giant","A optimisée","evg jet ski​","Jet-Ski | Activité EVG | Crazy-EVG","Pour votre enterrement de vie de garçon, faites l'expérience du jet-ski. Faites le plein de sensations fortes avec cette activité idéale pour les EVG en mer","Jet Ski EVG : pilotage en mer entre potes | Crazy-EVG","53","Jet ski pour son EVG : session pilotage en mer, jets puissants, 7 destinations dont Barcelone et Marbella. Sensations garanties. Devis 1 min.","141","Jet ski EVG","4","20","0,2","14,5","<!-- Page: https://www.crazy-evg.com/activity-category/jet-ski-evg -->
<!-- Title: Jet Ski EVG : pilotage en mer entre potes | Crazy-EVG -->
<!-- Meta: Jet ski pour son EVG : session pilotage en mer, jets puissants, 7 destinations dont Barcelone et Marbella. Sensations garanties. Devis 1 min. -->

<h1>Jet ski EVG</h1>

<!-- BLOC A — Introduction -->
<p>Le <strong>jet ski EVG</strong> est l'activité phare des destinations bord de mer : <strong>jet skis puissants</strong> (1000 à 1500 cc), pilotage en mer encadré par un moniteur, sensations garanties à 80 km/h sur les vagues. Sans permis pour les modèles loisirs, avec moniteur pour les puissances supérieures.</p>
<p>Disponible dans 7 destinations bord de mer (Barcelone, Marbella, Majorque, Malte, Albufeira, Deauville, Montpellier), le <strong>EVG jet ski</strong> est l'option idéale pour combiner soleil, sea & sun et adrénaline. Sessions de 30 min à 1h selon les formules, en duo ou en solo.</p>

<!-- BLOC B — Pourquoi choisir -->
<h2>Pourquoi choisir le jet ski pour son EVG ?</h2>
<ul>
  <li><strong>Pilotage en mer :</strong> espace ouvert, vagues, sensations de vitesse.</li>
  <li><strong>Aucun permis requis :</strong> pour les modèles loisirs, encadrement moniteur.</li>
  <li><strong>Format flexible :</strong> sessions 30 min à 1h, en solo ou duo.</li>
  <li><strong>Combinaison parfaite :</strong> à enchaîner avec une <a href=""https://www.crazy-evg.com/activity-category/croisiere-bateau-evg"">croisière bateau</a> ou un <a href=""https://www.crazy-evg.com/activity-category/flyboard-evg"">flyboard</a>.</li>
</ul>

<!-- BLOC C — L'expérience en détail -->
<h2>L'expérience jet ski en détail</h2>
<p>Session type :</p>
<p><strong>À Barcelone :</strong> Un bon petit jet ski des familles pour son enterrement de vie de garçon ça fait toujours plaisir ! Une fois arrivés sur la plage, vous serez accueillis par l'instructeur local de la base nautique, qui vous équipera et vous briefera sur les procédures et normes de sécurité.</p>
<p><strong>À Bratislava :</strong> Plongez dans une aventure palpitante lors de cette session de jet ski exclusive sur le Danube, spécialement conçue pour un enterrement de vie de garçon à Bratislava! Profitez d'une heure d'adrénaline pure tout en explorant les eaux dynamiques du Danube, avec l'avantage supplémentaire d'un instructeu</p>

<!-- BLOC D — Ce qui est inclus -->
<h2>Ce qui est inclus dans un jet ski EVG</h2>
<ul>
  <li>Briefing et information</li>
  <li>Le prêt des équipements (Combinaison et gilet de sauvetage)</li>
  <li>Un briefing de sécurité</li>
  <li>Location Jet ski</li>
  <li>20 min de conduite par personne</li>
  <li>2 personnes par Jet ski</li>
  <li>1 instructeur certifié pour vous briefer</li>
  <li>Équipement de sécurité</li>
  <li>Maximum 20 personnes</li>
  <li>L'activité a lieu à Badalone ou à Barcelone</li>
</ul>

<!-- BLOC E — Tarif -->
<h2>Combien coûte un jet ski EVG ?</h2>
<table>
  <thead><tr><th>Critère</th><th>Fourchette</th><th>Précisions</th></tr></thead>
  <tbody>
    <tr><td>Tarif</td><td><strong>49 € à 119 € par personne</strong></td><td>Selon la destination et la formule</td></tr>
    <tr><td>Durée</td><td>1h à 4h</td><td>Transferts inclus selon les destinations</td></tr>
    <tr><td>Taille du groupe</td><td>Selon la formule, généralement 4 à 15+ pers.</td><td>Au-delà : créneaux multiples</td></tr>
    <tr><td>Nombre de destinations</td><td>7</td><td>Voir la grille ci-dessous</td></tr>
    <tr><td>Délai de réservation</td><td>5 à 14 jours</td><td>Selon la destination et la saison</td></tr>
  </tbody>
</table>

<!-- BLOC F — Destinations -->
<h2>Où faire un jet ski pour un EVG ?</h2>
<p>L'activité <strong>Jet ski EVG</strong> est disponible dans <strong>7 destinations</strong> Crazy-EVG : Barcelone, Bratislava, Deauville, Majorque, Malte, Marbella, Montpellier.</p>

<!-- BLOC G — Comparatif destinations -->
<h3>Comparatif rapide des destinations</h3>
<ul>
  <li><strong><a href=""https://www.crazy-evg.com/enterrement-de-vie-de-garcon-barcelone/jet-ski-activites"">Jet Ski EVG à Barcelone</a></strong> — Un bon petit jet ski des familles pour son enterrement de vie de garçon ça fait toujours plaisir ! Une fois arrivés sur la plage, vous serez accueillis par l'instructeur local de la base nautique, qui vous équipera et vous briefera sur les procédures et normes de sécurité. Si vou</li>
  <li><strong><a href=""https://www.crazy-evg.com/enterrement-de-vie-de-garcon-bratislava/jet-ski-activites"">Jet Ski EVG à Bratislava</a></strong> — Plongez dans une aventure palpitante lors de cette session de jet ski exclusive sur le Danube, spécialement conçue pour un enterrement de vie de garçon à Bratislava! Profitez d'une heure d'adrénaline pure tout en explorant les eaux dynamiques du Danube, avec l'avantage supplément</li>
  <li><strong><a href=""https://www.crazy-evg.com/enterrement-de-vie-de-garcon-marbella/jet-ski-activites"">Jet Ski EVG à Marbella</a></strong> — Offrez à votre groupe une expérience inoubliable lors de votre enterrement de vie de garçon à Marbella, avec une aventure palpitante en jet ski au cœur de la splendide Marina de Marbella. Chaque personne aura la possibilité de piloter son propre jet ski SEADOO GTX PRO 130cv, gara</li>
</ul>

<!-- BLOC H — Activités liées -->
<h2>Ces activités EVG vont aussi vous plaire</h2>
<ul>
  <li><a href=""https://www.crazy-evg.com/activity-category/flyboard-evg"">Flyboard EVG</a></li>
  <li><a href=""https://www.crazy-evg.com/activity-category/croisiere-bateau-evg"">Croisière en bateau EVG</a></li>
  <li><a href=""https://www.crazy-evg.com/activity-category/hydrospeed-evg"">Hydrospeed EVG</a></li>
  <li><a href=""https://www.crazy-evg.com/activity-category/rafting-eaux-vives-evg"">Rafting EVG</a></li>
  <li><a href=""https://www.crazy-evg.com/activity-category/quad-buggy-evg"">Quad & buggy EVG</a></li>
</ul>

<!-- BLOC I — FAQ -->
<h2>FAQ — Jet ski EVG</h2>

<h3>Combien coûte un jet ski pour un EVG ?</h3>
<p>Le tarif d'un jet ski EVG est compris <strong>entre 49 € et 119 € par personne</strong>. Le prix varie selon la destination, la taille du groupe et les options choisies. Demandez un <a href=""https://www.crazy-evg.com/devis"">devis en 1 minute</a> pour un tarif personnalisé.</p>

<h3>Combien de temps dure un jet ski EVG ?</h3>
<p>La durée varie selon la formule, généralement <strong>entre 1h et 4h transferts inclus</strong>. Consultez la fiche détaillée de chaque destination pour le programme précis.</p>

<h3>Faut-il un niveau particulier pour faire un jet ski EVG ?</h3>
<p>Aucun niveau requis. Toutes nos sessions sont <strong>encadrées par un instructeur professionnel</strong> qui assure le briefing et l'accompagnement. L'activité est accessible aux débutants.</p>

<h3>À partir de combien de personnes peut-on réserver un jet ski EVG ?</h3>
<p>La majorité de nos partenaires acceptent les groupes <strong>à partir de 4 à 6 personnes</strong>. Au-delà de 12-15 participants, plusieurs créneaux sont organisés. Les conditions exactes varient selon la destination.</p>

<h3>Que faut-il prévoir pour un jet ski EVG ?</h3>
<p>Une <strong>pièce d'identité valide</strong> est généralement demandée. Le matériel et l'encadrement sont fournis par notre partenaire local. Prévoyez une tenue adaptée et des chaussures fermées. Détails complets fournis à la réservation.</p>

<h3>Dans quelles villes peut-on faire un jet ski EVG ?</h3>
<p>L'activité est disponible dans <strong>7 destinations</strong> Crazy-EVG : Barcelone, Bratislava, Deauville, Majorque, Malte, Marbella, Montpellier.</p>

<h3>Comment réserver un jet ski EVG ?</h3>
<p>Demandez un <a href=""https://www.crazy-evg.com/devis"">devis en 1 minute</a> sur Crazy-EVG. Notre équipe revient vers vous sous 24h avec un programme sur mesure et un tarif détaillé pour votre groupe.</p>
","973","{
  ""@context"": ""https://schema.org"",
  ""@graph"": [
    {
      ""@type"": ""Service"",
      ""@id"": ""https://www.crazy-evg.com/activity-category/jet-ski-evg#service"",
      ""name"": ""Jet ski EVG"",
      ""alternateName"": ""evg jet ski​"",
      ""description"": ""Jet ski pour son EVG : session pilotage en mer, jets puissants, 7 destinations dont Barcelone et Marbella. Sensations garanties. Devis 1 min."",
      ""serviceType"": ""Activité EVG"",
      ""category"": ""Enterrement de vie de garçon"",
      ""url"": ""https://www.crazy-evg.com/activity-category/jet-ski-evg"",
      ""provider"": {
        ""@type"": ""Organization"",
        ""@id"": ""https://www.crazy-evg.com/#organization"",
        ""name"": ""Crazy-EVG"",
        ""url"": ""https://www.crazy-evg.com"",
        ""telephone"": ""+33176215730"",
        ""email"": ""contact@crazy-evg.com"",
        ""address"": {
          ""@type"": ""PostalAddress"",
          ""streetAddress"": ""8 rue du Faubourg Poissonnière"",
          ""postalCode"": ""75010"",
          ""addressLocality"": ""Paris"",
          ""addressCountry"": ""FR""
        }
      },
      ""areaServed"": [
        {
          ""@type"": ""City"",
          ""name"": ""Barcelone""
        },
        {
          ""@type"": ""City"",
          ""name"": ""Bratislava""
        },
        {
          ""@type"": ""City"",
          ""name"": ""Deauville""
        },
        {
          ""@type"": ""City"",
          ""name"": ""Majorque""
        },
        {
          ""@type"": ""City"",
          ""name"": ""Malte""
        },
        {
          ""@type"": ""City"",
          ""name"": ""Marbella""
        },
        {
          ""@type"": ""City"",
          ""name"": ""Montpellier""
        }
      ],
      ""audience"": {
        ""@type"": ""Audience"",
        ""audienceType"": ""Groupe d'amis - Enterrement de vie de garçon"",
        ""suggestedMinAge"": 18
      },
      ""offers"": {
        ""@type"": ""AggregateOffer"",
        ""priceCurrency"": ""EUR"",
        ""lowPrice"": ""49"",
        ""highPrice"": ""119"",
        ""offerCount"": ""7"",
        ""availability"": ""https://schema.org/InStock""
      }
    },
    {
      ""@type"": ""FAQPage"",
      ""@id"": ""https://www.crazy-evg.com/activity-category/jet-ski-evg#faq"",
      ""mainEntity"": [
        {
          ""@type"": ""Question"",
          ""name"": ""Combien coûte un jet ski pour un EVG ?"",
          ""acceptedAnswer"": {
            ""@type"": ""Answer"",
            ""text"": ""Le tarif d'un jet ski EVG est compris entre 49 € et 119 € par personne. Le prix varie selon la destination, la taille du groupe et les options choisies. Demandez un devis en 1 minute pour un tarif personnalisé.""
          }
        },
        {
          ""@type"": ""Question"",
          ""name"": ""Combien de temps dure un jet ski EVG ?"",
          ""acceptedAnswer"": {
            ""@type"": ""Answer"",
            ""text"": ""La durée varie selon la formule, généralement entre 1h et 4h transferts inclus. Consultez la fiche détaillée de chaque destination pour le programme précis.""
          }
        },
        {
          ""@type"": ""Question"",
          ""name"": ""Faut-il un niveau particulier pour faire un jet ski EVG ?"",
          ""acceptedAnswer"": {
            ""@type"": ""Answer"",
            ""text"": ""Aucun niveau requis. Toutes nos sessions sont encadrées par un instructeur professionnel qui assure le briefing et l'accompagnement. L'activité est accessible aux débutants.""
          }
        },
        {
          ""@type"": ""Question"",
          ""name"": ""À partir de combien de personnes peut-on réserver un jet ski EVG ?"",
          ""acceptedAnswer"": {
            ""@type"": ""Answer"",
            ""text"": ""La majorité de nos partenaires acceptent les groupes à partir de 4 à 6 personnes. Les conditions exactes varient selon la destination. Au-delà de 12-15 participants, plusieurs créneaux sont organisés.""
          }
        },
        {
          ""@type"": ""Question"",
          ""name"": ""Que faut-il prévoir pour un jet ski EVG ?"",
          ""acceptedAnswer"": {
            ""@type"": ""Answer"",
            ""text"": ""Une pièce d'identité valide est généralement demandée. Le matériel et l'encadrement sont fournis par notre partenaire local. Prévoyez une tenue adaptée et des chaussures fermées. Détails complets fournis à la réservation.""
          }
        },
        {
          ""@type"": ""Question"",
          ""name"": ""Dans quelles villes peut-on faire un jet ski EVG ?"",
          ""acceptedAnswer"": {
            ""@type"": ""Answer"",
            ""text"": ""L'activité jet ski est disponible dans 7 destinations Crazy-EVG : Barcelone, Bratislava, Deauville, Majorque, Malte, Marbella, Montpellier.""
          }
        },
        {
          ""@type"": ""Question"",
          ""name"": ""Comment réserver un jet ski EVG ?"",
          ""acceptedAnswer"": {
            ""@type"": ""Answer"",
            ""text"": ""Demandez un devis en 1 minute sur Crazy-EVG. Notre équipe revient vers vous sous 24h avec un programme sur mesure et un tarif détaillé pour votre groupe.""
          }
        }
      ]
    },
    {
      ""@type"": ""BreadcrumbList"",
      ""@id"": ""https://www.crazy-evg.com/activity-category/jet-ski-evg#breadcrumb"",
      ""itemListElement"": [
        {
          ""@type"": ""ListItem"",
          ""position"": 1,
          ""name"": ""Accueil"",
          ""item"": ""https://www.crazy-evg.com/""
        },
        {
          ""@type"": ""ListItem"",
          ""position"": 2,
          ""name"": ""Activités EVG"",
          ""item"": ""https://www.crazy-evg.com/activites-evg""
        },
        {
          ""@type"": ""ListItem"",
          ""position"": 3,
          ""name"": ""Jet Ski EVG : pilotage en mer entre potes"",
          ""item"": ""https://www.crazy-evg.com/activity-category/jet-ski-evg""
        }
      ]
    }
  ]
}","5693"
"https://www.crazy-evg.com/activity-category/footbulle-evg","footbulle-evg","Footbulle","P2 - Sleeping giant","","Bubble foot evg","Foot bulle | Activité Enterrement de Vie de Garçon avec Crazy EVG","Ca vous dirait un Foot Bulle pour un enterrement de vie de garçon ? Faites l'expérience du foot bulle avec Crazy EVG. Participez à ce match de dingue et propulsez vos amis sur plusieurs mètres. Le foot bulle, un must have pour un week-end d'EVG","Bubble foot EVG : foot dans une bulle gonflable | Crazy-EVG","59","Bubble foot pour son EVG : match de foot dans des bulles gonflables géantes. Fou rire garanti, 17 destinations. Devis en 1 minute.","130","Bubble foot EVG","1","51","0,01960784","15,7843137","<!-- Page: https://www.crazy-evg.com/activity-category/footbulle-evg -->
<!-- Title: Bubble foot EVG : foot dans une bulle gonflable | Crazy-EVG -->
<!-- Meta: Bubble foot pour son EVG : match de foot dans des bulles gonflables géantes. Fou rire garanti, 17 destinations. Devis en 1 minute. -->

<h1>Bubble foot EVG</h1>

<!-- BLOC A — Introduction -->
<p>Le <strong>bubble foot EVG</strong> (aussi appelé <em>footbulle</em>) est l'activité fun par excellence : foot classique, sauf que tous les joueurs sont <strong>enfermés dans une bulle gonflable géante</strong>. Les chocs sont permis, encouragés, et même provoqués. Résultat : <strong>fou rire garanti</strong> à chaque action.</p>
<p>Disponible dans 17 destinations Crazy-EVG (excellente couverture), le bubble foot EVG est le format parfait pour les groupes qui veulent du fun assuré sans enjeu sportif. Le futur marié, évidemment, est la cible de tous les chocs. Comptez 1h à 1h30 d'activité.</p>

<!-- BLOC B — Pourquoi choisir -->
<h2>Pourquoi choisir le footbulle pour son EVG ?</h2>
<ul>
  <li><strong>Fou rire à chaque match :</strong> les chocs entre bulles sont absurdes.</li>
  <li><strong>Aucun risque physique :</strong> les bulles absorbent tous les impacts.</li>
  <li><strong>Adapté à tous niveaux :</strong> ce n'est pas une activité de skill, c'est une activité de chaos.</li>
  <li><strong>Format parfait :</strong> 1h à 1h30, idéal en activité d'ouverture.</li>
</ul>

<!-- BLOC C — L'expérience en détail -->
<h2>L'expérience footbulle en détail</h2>
<p>Format type :</p>
<p><strong>À Amsterdam :</strong> Vous aurez votre propre vestiaire avec casiers, et douches privées. Pensez à apporter shorts, baskets, savons et serviettes. Les bulles et le ballon sont évidemment fournis ! Différents jeux vous seront proposés. Le terrain est réservé pour 1h pour votre groupe.</p>
<p><strong>À Bordeaux :</strong> Un match de football complètement fou, pratiqué dans des bulles, ça donne le foot bulle! Glissez-vous dans ces grosses boules gonflables et affrontez-vous sur le terrain pour une expérience riche en fous rires lors de votre EVG à Bordeaux! L’activité comprend une heure de jeu (ou 30 minutes pour les</p>

<!-- BLOC D — Ce qui est inclus -->
<h2>Ce qui est inclus dans un footbulle EVG</h2>
<ul>
  <li>Transfert A/R en minibus privatisé</li>
  <li>Vestiaires avec douches et casiers individuels sécurisés</li>
  <li>Les bulles gonflables pour chaque joueur</li>
  <li>Minimum 8 personnes</li>
  <li>Des ballons et des chasubles fournis par le centre</li>
  <li>Guide locale anglophone</li>
  <li>Location des Bulles et matériel de jeu</li>
  <li>Vestiaires et douches à disposition</li>
  <li>Arbitre</li>
  <li>1h00 de jeu</li>
</ul>

<!-- BLOC E — Tarif -->
<h2>Combien coûte un footbulle EVG ?</h2>
<table>
  <thead><tr><th>Critère</th><th>Fourchette</th><th>Précisions</th></tr></thead>
  <tbody>
    <tr><td>Tarif</td><td><strong>19 € à 39 € par personne</strong></td><td>Selon la destination et la formule</td></tr>
    <tr><td>Durée</td><td>1h à 4h</td><td>Transferts inclus selon les destinations</td></tr>
    <tr><td>Taille du groupe</td><td>Selon la formule, généralement 4 à 15+ pers.</td><td>Au-delà : créneaux multiples</td></tr>
    <tr><td>Nombre de destinations</td><td>17</td><td>Voir la grille ci-dessous</td></tr>
    <tr><td>Délai de réservation</td><td>5 à 14 jours</td><td>Selon la destination et la saison</td></tr>
  </tbody>
</table>

<!-- BLOC F — Destinations -->
<h2>Où faire un footbulle pour un EVG ?</h2>
<p>L'activité <strong>Bubble foot EVG</strong> est disponible dans <strong>17 destinations</strong> Crazy-EVG : Albufeira, Amsterdam, Barcelone, Bordeaux, Bruxelles, Bucarest, Budapest, Cracovie, Lisbonne, Lyon, Madrid, Marbella, Paris, Porto, Prague, Varsovie, Vilnius.</p>

<!-- BLOC G — Comparatif destinations -->
<h3>Comparatif rapide des destinations</h3>
<ul>
  <li><strong><a href=""https://www.crazy-evg.com/enterrement-de-vie-de-garcon-amsterdam/footbulle-activites"">Footbulle EVG à Amsterdam</a></strong> — Vous aurez votre propre vestiaire avec casiers, et douches privées. Pensez à apporter shorts, baskets, savons et serviettes. Les bulles et le ballon sont évidemment fournis ! Différents jeux vous seront proposés. Le terrain est réservé pour 1h pour votre groupe. Bien entendu il f</li>
  <li><strong><a href=""https://www.crazy-evg.com/enterrement-de-vie-de-garcon-bordeaux/footbulle-activites"">Footbulle EVG à Bordeaux</a></strong> — Un match de football complètement fou, pratiqué dans des bulles, ça donne le foot bulle! Glissez-vous dans ces grosses boules gonflables et affrontez-vous sur le terrain pour une expérience riche en fous rires lors de votre EVG à Bordeaux! L’activité comprend une heure de jeu (ou</li>
  <li><strong><a href=""https://www.crazy-evg.com/enterrement-de-vie-de-garcon-bruxelles/footbulle-activites"">Footbulle EVG à Bruxelles</a></strong> — Le Foot Bulle, c'est un match de football complètement fou ! Glissez-vous dans ces grosses boules gonflables et affrontez-vous sur le terrain. C'est une activité totalement délirante à faire lors d'un enterrement de vie de garçon à Bruxelles. Le but est de projeter vos adversaire</li>
</ul>

<!-- BLOC H — Activités liées -->
<h2>Ces activités EVG vont aussi vous plaire</h2>
<ul>
  <li><a href=""https://www.crazy-evg.com/activity-category/football-evg"">Football EVG</a></li>
  <li><a href=""https://www.crazy-evg.com/activity-category/paintball-evg"">Paintball EVG</a></li>
  <li><a href=""https://www.crazy-evg.com/activity-category/laser-game-evg"">Laser game EVG</a></li>
  <li><a href=""https://www.crazy-evg.com/activity-category/karting-evg"">Karting EVG</a></li>
  <li><a href=""https://www.crazy-evg.com/activity-category/airsoft-battle-evg"">Airsoft battle EVG</a></li>
</ul>

<!-- BLOC I — FAQ -->
<h2>FAQ — Bubble foot EVG</h2>

<h3>Combien coûte un footbulle pour un EVG ?</h3>
<p>Le tarif d'un footbulle EVG est compris <strong>entre 19 € et 39 € par personne</strong>. Le prix varie selon la destination, la taille du groupe et les options choisies. Demandez un <a href=""https://www.crazy-evg.com/devis"">devis en 1 minute</a> pour un tarif personnalisé.</p>

<h3>Combien de temps dure un footbulle EVG ?</h3>
<p>La durée varie selon la formule, généralement <strong>entre 1h et 4h transferts inclus</strong>. Consultez la fiche détaillée de chaque destination pour le programme précis.</p>

<h3>Faut-il un niveau particulier pour faire un footbulle EVG ?</h3>
<p>Aucun niveau requis. Toutes nos sessions sont <strong>encadrées par un instructeur professionnel</strong> qui assure le briefing et l'accompagnement. L'activité est accessible aux débutants.</p>

<h3>À partir de combien de personnes peut-on réserver un footbulle EVG ?</h3>
<p>La majorité de nos partenaires acceptent les groupes <strong>à partir de 4 à 6 personnes</strong>. Au-delà de 12-15 participants, plusieurs créneaux sont organisés. Les conditions exactes varient selon la destination.</p>

<h3>Que faut-il prévoir pour un footbulle EVG ?</h3>
<p>Une <strong>pièce d'identité valide</strong> est généralement demandée. Le matériel et l'encadrement sont fournis par notre partenaire local. Prévoyez une tenue adaptée et des chaussures fermées. Détails complets fournis à la réservation.</p>

<h3>Dans quelles villes peut-on faire un footbulle EVG ?</h3>
<p>L'activité est disponible dans <strong>17 destinations</strong> Crazy-EVG : Albufeira, Amsterdam, Barcelone, Bordeaux, Bruxelles, Bucarest, Budapest, Cracovie, Lisbonne, Lyon, Madrid, Marbella, Paris, Porto, Prague, Varsovie, Vilnius.</p>

<h3>Comment réserver un footbulle EVG ?</h3>
<p>Demandez un <a href=""https://www.crazy-evg.com/devis"">devis en 1 minute</a> sur Crazy-EVG. Notre équipe revient vers vous sous 24h avec un programme sur mesure et un tarif détaillé pour votre groupe.</p>
","965","{
  ""@context"": ""https://schema.org"",
  ""@graph"": [
    {
      ""@type"": ""Service"",
      ""@id"": ""https://www.crazy-evg.com/activity-category/footbulle-evg#service"",
      ""name"": ""Bubble foot EVG"",
      ""alternateName"": ""Bubble foot evg"",
      ""description"": ""Bubble foot pour son EVG : match de foot dans des bulles gonflables géantes. Fou rire garanti, 17 destinations. Devis en 1 minute."",
      ""serviceType"": ""Activité EVG"",
      ""category"": ""Enterrement de vie de garçon"",
      ""url"": ""https://www.crazy-evg.com/activity-category/footbulle-evg"",
      ""provider"": {
        ""@type"": ""Organization"",
        ""@id"": ""https://www.crazy-evg.com/#organization"",
        ""name"": ""Crazy-EVG"",
        ""url"": ""https://www.crazy-evg.com"",
        ""telephone"": ""+33176215730"",
        ""email"": ""contact@crazy-evg.com"",
        ""address"": {
          ""@type"": ""PostalAddress"",
          ""streetAddress"": ""8 rue du Faubourg Poissonnière"",
          ""postalCode"": ""75010"",
          ""addressLocality"": ""Paris"",
          ""addressCountry"": ""FR""
        }
      },
      ""areaServed"": [
        {
          ""@type"": ""City"",
          ""name"": ""Albufeira""
        },
        {
          ""@type"": ""City"",
          ""name"": ""Amsterdam""
        },
        {
          ""@type"": ""City"",
          ""name"": ""Barcelone""
        },
        {
          ""@type"": ""City"",
          ""name"": ""Bordeaux""
        },
        {
          ""@type"": ""City"",
          ""name"": ""Bruxelles""
        },
        {
          ""@type"": ""City"",
          ""name"": ""Bucarest""
        },
        {
          ""@type"": ""City"",
          ""name"": ""Budapest""
        },
        {
          ""@type"": ""City"",
          ""name"": ""Cracovie""
        },
        {
          ""@type"": ""City"",
          ""name"": ""Lisbonne""
        },
        {
          ""@type"": ""City"",
          ""name"": ""Lyon""
        },
        {
          ""@type"": ""City"",
          ""name"": ""Madrid""
        },
        {
          ""@type"": ""City"",
          ""name"": ""Marbella""
        },
        {
          ""@type"": ""City"",
          ""name"": ""Paris""
        },
        {
          ""@type"": ""City"",
          ""name"": ""Porto""
        },
        {
          ""@type"": ""City"",
          ""name"": ""Prague""
        },
        {
          ""@type"": ""City"",
          ""name"": ""Varsovie""
        },
        {
          ""@type"": ""City"",
          ""name"": ""Vilnius""
        }
      ],
      ""audience"": {
        ""@type"": ""Audience"",
        ""audienceType"": ""Groupe d'amis - Enterrement de vie de garçon"",
        ""suggestedMinAge"": 18
      },
      ""offers"": {
        ""@type"": ""AggregateOffer"",
        ""priceCurrency"": ""EUR"",
        ""lowPrice"": ""19"",
        ""highPrice"": ""39"",
        ""offerCount"": ""17"",
        ""availability"": ""https://schema.org/InStock""
      }
    },
    {
      ""@type"": ""FAQPage"",
      ""@id"": ""https://www.crazy-evg.com/activity-category/footbulle-evg#faq"",
      ""mainEntity"": [
        {
          ""@type"": ""Question"",
          ""name"": ""Combien coûte un footbulle pour un EVG ?"",
          ""acceptedAnswer"": {
            ""@type"": ""Answer"",
            ""text"": ""Le tarif d'un footbulle EVG est compris entre 19 € et 39 € par personne. Le prix varie selon la destination, la taille du groupe et les options choisies. Demandez un devis en 1 minute pour un tarif personnalisé.""
          }
        },
        {
          ""@type"": ""Question"",
          ""name"": ""Combien de temps dure un footbulle EVG ?"",
          ""acceptedAnswer"": {
            ""@type"": ""Answer"",
            ""text"": ""La durée varie selon la formule, généralement entre 1h et 4h transferts inclus. Consultez la fiche détaillée de chaque destination pour le programme précis.""
          }
        },
        {
          ""@type"": ""Question"",
          ""name"": ""Faut-il un niveau particulier pour faire un footbulle EVG ?"",
          ""acceptedAnswer"": {
            ""@type"": ""Answer"",
            ""text"": ""Aucun niveau requis. Toutes nos sessions sont encadrées par un instructeur professionnel qui assure le briefing et l'accompagnement. L'activité est accessible aux débutants.""
          }
        },
        {
          ""@type"": ""Question"",
          ""name"": ""À partir de combien de personnes peut-on réserver un footbulle EVG ?"",
          ""acceptedAnswer"": {
            ""@type"": ""Answer"",
            ""text"": ""La majorité de nos partenaires acceptent les groupes à partir de 4 à 6 personnes. Les conditions exactes varient selon la destination. Au-delà de 12-15 participants, plusieurs créneaux sont organisés.""
          }
        },
        {
          ""@type"": ""Question"",
          ""name"": ""Que faut-il prévoir pour un footbulle EVG ?"",
          ""acceptedAnswer"": {
            ""@type"": ""Answer"",
            ""text"": ""Une pièce d'identité valide est généralement demandée. Le matériel et l'encadrement sont fournis par notre partenaire local. Prévoyez une tenue adaptée et des chaussures fermées. Détails complets fournis à la réservation.""
          }
        },
        {
          ""@type"": ""Question"",
          ""name"": ""Dans quelles villes peut-on faire un footbulle EVG ?"",
          ""acceptedAnswer"": {
            ""@type"": ""Answer"",
            ""text"": ""L'activité footbulle est disponible dans 17 destinations Crazy-EVG : Albufeira, Amsterdam, Barcelone, Bordeaux, Bruxelles, Bucarest, Budapest, Cracovie, Lisbonne, Lyon, Madrid, Marbella, Paris, Porto, Prague, Varsovie, Vilnius.""
          }
        },
        {
          ""@type"": ""Question"",
          ""name"": ""Comment réserver un footbulle EVG ?"",
          ""acceptedAnswer"": {
            ""@type"": ""Answer"",
            ""text"": ""Demandez un devis en 1 minute sur Crazy-EVG. Notre équipe revient vers vous sous 24h avec un programme sur mesure et un tarif détaillé pour votre groupe.""
          }
        }
      ]
    },
    {
      ""@type"": ""BreadcrumbList"",
      ""@id"": ""https://www.crazy-evg.com/activity-category/footbulle-evg#breadcrumb"",
      ""itemListElement"": [
        {
          ""@type"": ""ListItem"",
          ""position"": 1,
          ""name"": ""Accueil"",
          ""item"": ""https://www.crazy-evg.com/""
        },
        {
          ""@type"": ""ListItem"",
          ""position"": 2,
          ""name"": ""Activités EVG"",
          ""item"": ""https://www.crazy-evg.com/activites-evg""
        },
        {
          ""@type"": ""ListItem"",
          ""position"": 3,
          ""name"": ""Bubble foot EVG : foot dans une bulle gonflable"",
          ""item"": ""https://www.crazy-evg.com/activity-category/footbulle-evg""
        }
      ]
    }
  ]
}","6562"
"https://www.crazy-evg.com/activity-category/beer-bike-evg","beer-bike-evg","Beer Bike","P2 - Sleeping giant","A optimisée","beer bike","Beer Bike | Activité EVG | Crazy-EVG","Partez avec Crazy-EVG et essayez pendant votre enterrement de vie de garçon, l'activité du Beer Bike, une activité totalement dingue, à faire absolument","Beer Bike EVG : vélo collectif & bière à bord | Crazy-EVG","57","Beer bike EVG : vélo collectif de 12 places avec tireuse à bière à bord. Tour guidé en ville, ambiance assurée. 7 destinations, devis 1 min.","140","Beer bike EVG","51","1112","0,04586331","17,2041367","<!-- Page: https://www.crazy-evg.com/activity-category/beer-bike-evg -->
<!-- Title: Beer Bike EVG : vélo collectif & bière à bord | Crazy-EVG -->
<!-- Meta: Beer bike EVG : vélo collectif de 12 places avec tireuse à bière à bord. Tour guidé en ville, ambiance assurée. 7 destinations, devis 1 min. -->

<h1>Beer bike EVG</h1>

<!-- BLOC A — Introduction -->
<p>Le <strong>beer bike EVG</strong> est l'activité-roi des EVG fun : un <strong>vélo collectif géant</strong> de 12 à 16 places, équipé d'une <strong>tireuse à bière à bord</strong>, qui sillonne les rues de la ville sous votre coup de pédale. Vous pédalez, vous buvez, le chauffeur reste sobre et conduit, vous mettez votre musique. Le rêve.</p>
<p>Disponible dans 7 destinations Crazy-EVG (Amsterdam, Barcelone, Berlin, Bruxelles, Lisbonne, Lyon, Porto), le <strong>beer bike</strong> est le format social par excellence : tout le monde sur le même véhicule, ambiance assurée, et vous attirez tous les regards. Sessions de 1h à 1h30 avec 20 litres de bière inclus.</p>

<!-- BLOC B — Pourquoi choisir -->
<h2>Pourquoi choisir le beer bike pour son EVG ?</h2>
<ul>
  <li><strong>Vélo collectif unique :</strong> 12 à 16 places, tireuse à bière à bord.</li>
  <li><strong>Visite ludique de la ville :</strong> tour guidé en pédalant, photos à chaque arrêt.</li>
  <li><strong>20 litres de bière inclus :</strong> ou 12 bouteilles de Prosecco selon la formule.</li>
  <li><strong>Ambiance assurée :</strong> votre musique, votre conducteur sobre, vos potes — la fête sur roues.</li>
</ul>

<!-- BLOC C — L'expérience en détail -->
<h2>L'expérience beer bike en détail</h2>
<p>Tour type :</p>
<p><strong>À Amsterdam :</strong> Le Beer Bike à Amsterdam est un véhicule spécial qui mélange fun, visite guidée, bière et effort sportif... Le Beer Bike vous permet de consommer 20 litres de bières dans les rues d'Amsterdam dans le plus grand des calmes, tranquillement assis sur vos sièges avec la musique.</p>
<p><strong>À Barcelone :</strong> Le Beer Bike est un véhicule spécial qui mélange fun, bière et effort sportif... car oui, il faut quand même pédaler un peu pour que le vélo avance. Nous vous proposons une activité d'une heure, où vous pourrez profiter d'un litre de bière par personne, avec de la musique, une ambiance unique...</p>

<!-- BLOC D — Ce qui est inclus -->
<h2>Ce qui est inclus dans un beer bike EVG</h2>
<ul>
  <li>Un chauffeur qui reste sobre pour conduire</li>
  <li>Une visite de la ville sur un engin incroyable</li>
  <li>Un conducteur sobre pour guider le vélo</li>
  <li>2 beerbike disponibles</li>
  <li>Possibilité de brancher sa musique</li>
  <li>1h15 de location du Beer Bike</li>
  <li>20 litres de bières inclus pendant la balade (ou 12 bouteilles de Prosecco)</li>
  <li>6 personnes minimum, 16 personnes maximum</li>
  <li>Attention: l'activité n'a pas lieu dans le centre ville</li>
  <li>Transfert A/R en mini bus privatisé (RDV Las Ramblas)</li>
</ul>

<!-- BLOC E — Tarif -->
<h2>Combien coûte un beer bike EVG ?</h2>
<table>
  <thead><tr><th>Critère</th><th>Fourchette</th><th>Précisions</th></tr></thead>
  <tbody>
    <tr><td>Tarif</td><td><strong>29 € à 49 € par personne</strong></td><td>Selon la destination et la formule</td></tr>
    <tr><td>Durée</td><td>1h à 4h</td><td>Transferts inclus selon les destinations</td></tr>
    <tr><td>Taille du groupe</td><td>Selon la formule, généralement 4 à 15+ pers.</td><td>Au-delà : créneaux multiples</td></tr>
    <tr><td>Nombre de destinations</td><td>7</td><td>Voir la grille ci-dessous</td></tr>
    <tr><td>Délai de réservation</td><td>5 à 14 jours</td><td>Selon la destination et la saison</td></tr>
  </tbody>
</table>

<!-- BLOC F — Destinations -->
<h2>Où faire un beer bike pour un EVG ?</h2>
<p>L'activité <strong>Beer bike EVG</strong> est disponible dans <strong>7 destinations</strong> Crazy-EVG : Amsterdam, Barcelone, Berlin, Bruxelles, Lisbonne, Lyon, Porto.</p>

<!-- BLOC G — Comparatif destinations -->
<h3>Comparatif rapide des destinations</h3>
<ul>
  <li><strong><a href=""https://www.crazy-evg.com/enterrement-de-vie-de-garcon-amsterdam/beer-bike-activites"">Beer Bike EVG à Amsterdam</a></strong> — Le Beer Bike à Amsterdam est un véhicule spécial qui mélange fun, visite guidée, bière et effort sportif... Le Beer Bike vous permet de consommer 20 litres de bières dans les rues d'Amsterdam dans le plus grand des calmes, tranquillement assis sur vos sièges avec la musique. Bon,</li>
  <li><strong><a href=""https://www.crazy-evg.com/enterrement-de-vie-de-garcon-barcelone/beer-bike-activites"">Beer Bike EVG à Barcelone</a></strong> — Le Beer Bike est un véhicule spécial qui mélange fun, bière et effort sportif... car oui, il faut quand même pédaler un peu pour que le vélo avance. Nous vous proposons une activité d'une heure, où vous pourrez profiter d'un litre de bière par personne, avec de la musique, une am</li>
  <li><strong><a href=""https://www.crazy-evg.com/enterrement-de-vie-de-garcon-berlin/beer-bike-activites"">Beer Bike EVG à Berlin</a></strong> — Découvrez la ville de la plus fun des manières... avec un Beer Bike à Berlin ! Le Beer Bike à Berlin est un véhicule spécial qui mélange fun, visite guidée, bière et effort sportif... car oui il faut quand même pédaler un peu pour que le ""vélo"" avance ! Notre chauffeur reste sobr</li>
</ul>

<!-- BLOC H — Activités liées -->
<h2>Ces activités EVG vont aussi vous plaire</h2>
<ul>
  <li><a href=""https://www.crazy-evg.com/activity-category/tournee-bars-evg"">Tournée des bars EVG</a></li>
  <li><a href=""https://www.crazy-evg.com/activity-category/boite-bouteilles-evg"">Boîte et bouteilles EVG</a></li>
  <li><a href=""https://www.crazy-evg.com/activity-category/degustation-bieres-evg"">Dégustation de bières EVG</a></li>
  <li><a href=""https://www.crazy-evg.com/activity-category/limousine-evg"">Limousine EVG</a></li>
  <li><a href=""https://www.crazy-evg.com/activity-category/crazy-night-evg"">Crazy Night EVG</a></li>
</ul>

<!-- BLOC I — FAQ -->
<h2>FAQ — Beer bike EVG</h2>

<h3>Combien coûte un beer bike pour un EVG ?</h3>
<p>Le tarif d'un beer bike EVG est compris <strong>entre 29 € et 49 € par personne</strong>. Le prix varie selon la destination, la taille du groupe et les options choisies. Demandez un <a href=""https://www.crazy-evg.com/devis"">devis en 1 minute</a> pour un tarif personnalisé.</p>

<h3>Combien de temps dure un beer bike EVG ?</h3>
<p>La durée varie selon la formule, généralement <strong>entre 1h et 4h transferts inclus</strong>. Consultez la fiche détaillée de chaque destination pour le programme précis.</p>

<h3>Faut-il un niveau particulier pour faire un beer bike EVG ?</h3>
<p>Aucun niveau requis. Toutes nos sessions sont <strong>encadrées par un instructeur professionnel</strong> qui assure le briefing et l'accompagnement. L'activité est accessible aux débutants.</p>

<h3>À partir de combien de personnes peut-on réserver un beer bike EVG ?</h3>
<p>La majorité de nos partenaires acceptent les groupes <strong>à partir de 4 à 6 personnes</strong>. Au-delà de 12-15 participants, plusieurs créneaux sont organisés. Les conditions exactes varient selon la destination.</p>

<h3>Que faut-il prévoir pour un beer bike EVG ?</h3>
<p>Une <strong>pièce d'identité valide</strong> est généralement demandée. Le matériel et l'encadrement sont fournis par notre partenaire local. Prévoyez une tenue adaptée et des chaussures fermées. Détails complets fournis à la réservation.</p>

<h3>Dans quelles villes peut-on faire un beer bike EVG ?</h3>
<p>L'activité est disponible dans <strong>7 destinations</strong> Crazy-EVG : Amsterdam, Barcelone, Berlin, Bruxelles, Lisbonne, Lyon, Porto.</p>

<h3>Comment réserver un beer bike EVG ?</h3>
<p>Demandez un <a href=""https://www.crazy-evg.com/devis"">devis en 1 minute</a> sur Crazy-EVG. Notre équipe revient vers vous sous 24h avec un programme sur mesure et un tarif détaillé pour votre groupe.</p>
","1043","{
  ""@context"": ""https://schema.org"",
  ""@graph"": [
    {
      ""@type"": ""Service"",
      ""@id"": ""https://www.crazy-evg.com/activity-category/beer-bike-evg#service"",
      ""name"": ""Beer bike EVG"",
      ""alternateName"": ""beer bike"",
      ""description"": ""Beer bike EVG : vélo collectif de 12 places avec tireuse à bière à bord. Tour guidé en ville, ambiance assurée. 7 destinations, devis 1 min."",
      ""serviceType"": ""Activité EVG"",
      ""category"": ""Enterrement de vie de garçon"",
      ""url"": ""https://www.crazy-evg.com/activity-category/beer-bike-evg"",
      ""provider"": {
        ""@type"": ""Organization"",
        ""@id"": ""https://www.crazy-evg.com/#organization"",
        ""name"": ""Crazy-EVG"",
        ""url"": ""https://www.crazy-evg.com"",
        ""telephone"": ""+33176215730"",
        ""email"": ""contact@crazy-evg.com"",
        ""address"": {
          ""@type"": ""PostalAddress"",
          ""streetAddress"": ""8 rue du Faubourg Poissonnière"",
          ""postalCode"": ""75010"",
          ""addressLocality"": ""Paris"",
          ""addressCountry"": ""FR""
        }
      },
      ""areaServed"": [
        {
          ""@type"": ""City"",
          ""name"": ""Amsterdam""
        },
        {
          ""@type"": ""City"",
          ""name"": ""Barcelone""
        },
        {
          ""@type"": ""City"",
          ""name"": ""Berlin""
        },
        {
          ""@type"": ""City"",
          ""name"": ""Bruxelles""
        },
        {
          ""@type"": ""City"",
          ""name"": ""Lisbonne""
        },
        {
          ""@type"": ""City"",
          ""name"": ""Lyon""
        },
        {
          ""@type"": ""City"",
          ""name"": ""Porto""
        }
      ],
      ""audience"": {
        ""@type"": ""Audience"",
        ""audienceType"": ""Groupe d'amis - Enterrement de vie de garçon"",
        ""suggestedMinAge"": 18
      },
      ""offers"": {
        ""@type"": ""AggregateOffer"",
        ""priceCurrency"": ""EUR"",
        ""lowPrice"": ""29"",
        ""highPrice"": ""49"",
        ""offerCount"": ""7"",
        ""availability"": ""https://schema.org/InStock""
      }
    },
    {
      ""@type"": ""FAQPage"",
      ""@id"": ""https://www.crazy-evg.com/activity-category/beer-bike-evg#faq"",
      ""mainEntity"": [
        {
          ""@type"": ""Question"",
          ""name"": ""Combien coûte un beer bike pour un EVG ?"",
          ""acceptedAnswer"": {
            ""@type"": ""Answer"",
            ""text"": ""Le tarif d'un beer bike EVG est compris entre 29 € et 49 € par personne. Le prix varie selon la destination, la taille du groupe et les options choisies. Demandez un devis en 1 minute pour un tarif personnalisé.""
          }
        },
        {
          ""@type"": ""Question"",
          ""name"": ""Combien de temps dure un beer bike EVG ?"",
          ""acceptedAnswer"": {
            ""@type"": ""Answer"",
            ""text"": ""La durée varie selon la formule, généralement entre 1h et 4h transferts inclus. Consultez la fiche détaillée de chaque destination pour le programme précis.""
          }
        },
        {
          ""@type"": ""Question"",
          ""name"": ""Faut-il un niveau particulier pour faire un beer bike EVG ?"",
          ""acceptedAnswer"": {
            ""@type"": ""Answer"",
            ""text"": ""Aucun niveau requis. Toutes nos sessions sont encadrées par un instructeur professionnel qui assure le briefing et l'accompagnement. L'activité est accessible aux débutants.""
          }
        },
        {
          ""@type"": ""Question"",
          ""name"": ""À partir de combien de personnes peut-on réserver un beer bike EVG ?"",
          ""acceptedAnswer"": {
            ""@type"": ""Answer"",
            ""text"": ""La majorité de nos partenaires acceptent les groupes à partir de 4 à 6 personnes. Les conditions exactes varient selon la destination. Au-delà de 12-15 participants, plusieurs créneaux sont organisés.""
          }
        },
        {
          ""@type"": ""Question"",
          ""name"": ""Que faut-il prévoir pour un beer bike EVG ?"",
          ""acceptedAnswer"": {
            ""@type"": ""Answer"",
            ""text"": ""Une pièce d'identité valide est généralement demandée. Le matériel et l'encadrement sont fournis par notre partenaire local. Prévoyez une tenue adaptée et des chaussures fermées. Détails complets fournis à la réservation.""
          }
        },
        {
          ""@type"": ""Question"",
          ""name"": ""Dans quelles villes peut-on faire un beer bike EVG ?"",
          ""acceptedAnswer"": {
            ""@type"": ""Answer"",
            ""text"": ""L'activité beer bike est disponible dans 7 destinations Crazy-EVG : Amsterdam, Barcelone, Berlin, Bruxelles, Lisbonne, Lyon, Porto.""
          }
        },
        {
          ""@type"": ""Question"",
          ""name"": ""Comment réserver un beer bike EVG ?"",
          ""acceptedAnswer"": {
            ""@type"": ""Answer"",
            ""text"": ""Demandez un devis en 1 minute sur Crazy-EVG. Notre équipe revient vers vous sous 24h avec un programme sur mesure et un tarif détaillé pour votre groupe.""
          }
        }
      ]
    },
    {
      ""@type"": ""BreadcrumbList"",
      ""@id"": ""https://www.crazy-evg.com/activity-category/beer-bike-evg#breadcrumb"",
      ""itemListElement"": [
        {
          ""@type"": ""ListItem"",
          ""position"": 1,
          ""name"": ""Accueil"",
          ""item"": ""https://www.crazy-evg.com/""
        },
        {
          ""@type"": ""ListItem"",
          ""position"": 2,
          ""name"": ""Activités EVG"",
          ""item"": ""https://www.crazy-evg.com/activites-evg""
        },
        {
          ""@type"": ""ListItem"",
          ""position"": 3,
          ""name"": ""Beer Bike EVG : vélo collectif & bière à bord"",
          ""item"": ""https://www.crazy-evg.com/activity-category/beer-bike-evg""
        }
      ]
    }
  ]
}","5708"
"https://www.crazy-evg.com/activity-category/hummer-lap-tour-evg","hummer-lap-tour-evg","Hummer Lap Tour","P2 - Sleeping giant","A optimisée","Limousine Hummer","Hummer & Strip | Activité EVG | Crazy-EVG","Pour votre enterrement de vie de garçon, faites l'expérience de l'activité Hummer lap tour. Une virée en limousine, show pour le marié, pour un EVG inoubliable.","Limousine Hummer EVG : tour de ville VIP | Crazy-EVG","52","Limousine Hummer pour son EVG : Hummer privatisé, bar à bord, tour de ville. La sortie la plus VIP de son enterrement de vie de garçon.","135","Limousine Hummer EVG","2","56","0,03571429","17,4642857","<!-- Page: https://www.crazy-evg.com/activity-category/hummer-lap-tour-evg -->
<!-- Title: Limousine Hummer EVG : tour de ville VIP | Crazy-EVG -->
<!-- Meta: Limousine Hummer pour son EVG : Hummer privatisé, bar à bord, tour de ville. La sortie la plus VIP de son enterrement de vie de garçon. -->

<h1>Limousine Hummer EVG</h1>

<!-- BLOC A — Introduction -->
<p>La <strong>limousine Hummer EVG</strong> est l'option transport VIP la plus impressionnante : <strong>Hummer stretch privatisé</strong>, jusqu'à 14 places, bar intérieur, sound system, lumières disco, et conducteur en livrée. Le futur marié arrive en boîte comme un rappeur de l'âge d'or.</p>
<p>Disponible dans 12 destinations Crazy-EVG, le Hummer EVG (aussi appelé <em>Limousine Hummer</em>) est l'option qui transforme un trajet banal en moment iconique. Sessions de 1h à 3h selon les formules, avec ou sans bouteilles incluses.</p>

<!-- BLOC B — Pourquoi choisir -->
<h2>Pourquoi choisir le hummer lap tour pour son EVG ?</h2>
<ul>
  <li><strong>Hummer stretch entièrement privatisé :</strong> jusqu'à 14 places, bar à bord.</li>
  <li><strong>Effet wow garanti :</strong> arriver en Hummer devant la boîte, c'est inoubliable.</li>
  <li><strong>Sound system + lumières :</strong> vraie ambiance club mobile.</li>
  <li><strong>Format flexible :</strong> 1h à 3h, transferts ou tour de ville.</li>
</ul>

<!-- BLOC C — L'expérience en détail -->
<h2>L'expérience hummer lap tour en détail</h2>
<p>Sortie type :</p>
<p><strong>À Barcelone :</strong> Le Hummer Limo vous retrouve devant votre hébergement ou le restaurant de votre choix. Il est loué pour une heure, avec chauffeur, il est donc impératif d'être à l'heure messieurs ! La balade en Hummer Limo dure une heure et le trajet a lieu dans Barcelone intra-muros.</p>
<p><strong>À Barcelone :</strong> Pour un EVG réussi à Barcelone, nous vous proposons la formule Hummer + striptease ! Le Hummer vous retrouve devant votre hébergement ou le restaurant de votre choix.</p>

<!-- BLOC D — Ce qui est inclus -->
<h2>Ce qui est inclus dans un hummer lap tour EVG</h2>
<ul>
  <li>Présence de votre guide locale</li>
  <li>Une bouteille de champagne local à bord</li>
  <li>Possibilité d'ajouter un transfert aéroport retour en minibus privé sur demande (en supplément)</li>
  <li>1 bouteille de champagne local</li>
  <li>Possibilité de mettre votre propre musique</li>
  <li>Dernier créneau disponible: 23h</li>
  <li>2 bouteilles de vin pétillant</li>
  <li>1 bouteille de champagne local (+ possibilité de ramener une bouteille)</li>
  <li>Max 8 personnes</li>
  <li>Transfert de l'aéroport à votre hébergement</li>
</ul>

<!-- BLOC E — Tarif -->
<h2>Combien coûte un hummer lap tour EVG ?</h2>
<table>
  <thead><tr><th>Critère</th><th>Fourchette</th><th>Précisions</th></tr></thead>
  <tbody>
    <tr><td>Tarif</td><td><strong>49 € à 119 € par personne</strong></td><td>Selon la destination et la formule</td></tr>
    <tr><td>Durée</td><td>1h à 4h</td><td>Transferts inclus selon les destinations</td></tr>
    <tr><td>Taille du groupe</td><td>Selon la formule, généralement 4 à 15+ pers.</td><td>Au-delà : créneaux multiples</td></tr>
    <tr><td>Nombre de destinations</td><td>12</td><td>Voir la grille ci-dessous</td></tr>
    <tr><td>Délai de réservation</td><td>5 à 14 jours</td><td>Selon la destination et la saison</td></tr>
  </tbody>
</table>

<!-- BLOC F — Destinations -->
<h2>Où faire un hummer lap tour pour un EVG ?</h2>
<p>L'activité <strong>Limousine Hummer EVG</strong> est disponible dans <strong>12 destinations</strong> Crazy-EVG : Barcelone, Berlin, Bordeaux, Bucarest, Budapest, Cracovie, Ibiza, Lisbonne, Madrid, Porto, Prague, Varsovie.</p>

<!-- BLOC G — Comparatif destinations -->
<h3>Comparatif rapide des destinations</h3>
<ul>
  <li><strong><a href=""https://www.crazy-evg.com/enterrement-de-vie-de-garcon-barcelone/hummer-lap-tour-activites"">Hummer Lap Tour EVG à Barcelone</a></strong> — Le Hummer Limo vous retrouve devant votre hébergement ou le restaurant de votre choix. Il est loué pour une heure, avec chauffeur, il est donc impératif d'être à l'heure messieurs ! La balade en Hummer Limo dure une heure et le trajet a lieu dans Barcelone intra-muros. A bord, de</li>
  <li><strong><a href=""https://www.crazy-evg.com/enterrement-de-vie-de-garcon-barcelone/hummer-lap-tour-activites"">Hummer Lap Tour EVG à Barcelone</a></strong> — Pour un EVG réussi à Barcelone, nous vous proposons la formule Hummer + striptease ! Le Hummer vous retrouve devant votre hébergement ou le restaurant de votre choix. Il est loué pour une heure, avec chauffeur, il est donc impératif d'être à l'heure messieurs! À bord du Hummer , </li>
  <li><strong><a href=""https://www.crazy-evg.com/enterrement-de-vie-de-garcon-bucarest/hummer-lap-tour-activites"">Hummer Lap Tour EVG à Bucarest</a></strong> — Montez à bord de notre Daddy Hummer pour une heure de balade VIP lors de votre soirée d'enterrement de vie de garçon à Bucarest ! C'est bien connu, l'incontournable d'une bonne soirée d'EVG, c'est la balade en limousine. Mais que diriez-vous de rendre cette activité encore plus i</li>
</ul>

<!-- BLOC H — Activités liées -->
<h2>Ces activités EVG vont aussi vous plaire</h2>
<ul>
  <li><a href=""https://www.crazy-evg.com/activity-category/limousine-evg"">Limousine EVG</a></li>
  <li><a href=""https://www.crazy-evg.com/activity-category/party-bus-strip-evg"">Bus strip EVG</a></li>
  <li><a href=""https://www.crazy-evg.com/activity-category/stripclub-evg"">Club strip-tease EVG</a></li>
  <li><a href=""https://www.crazy-evg.com/activity-category/boite-bouteilles-evg"">Boîte et bouteilles EVG</a></li>
  <li><a href=""https://www.crazy-evg.com/activity-category/tournee-bars-evg"">Tournée des bars EVG</a></li>
</ul>

<!-- BLOC I — FAQ -->
<h2>FAQ — Limousine Hummer EVG</h2>

<h3>Combien coûte un hummer lap tour pour un EVG ?</h3>
<p>Le tarif d'un hummer lap tour EVG est compris <strong>entre 49 € et 119 € par personne</strong>. Le prix varie selon la destination, la taille du groupe et les options choisies. Demandez un <a href=""https://www.crazy-evg.com/devis"">devis en 1 minute</a> pour un tarif personnalisé.</p>

<h3>Combien de temps dure un hummer lap tour EVG ?</h3>
<p>La durée varie selon la formule, généralement <strong>entre 1h et 4h transferts inclus</strong>. Consultez la fiche détaillée de chaque destination pour le programme précis.</p>

<h3>Faut-il un niveau particulier pour faire un hummer lap tour EVG ?</h3>
<p>Aucun niveau requis. Toutes nos sessions sont <strong>encadrées par un instructeur professionnel</strong> qui assure le briefing et l'accompagnement. L'activité est accessible aux débutants.</p>

<h3>À partir de combien de personnes peut-on réserver un hummer lap tour EVG ?</h3>
<p>La majorité de nos partenaires acceptent les groupes <strong>à partir de 4 à 6 personnes</strong>. Au-delà de 12-15 participants, plusieurs créneaux sont organisés. Les conditions exactes varient selon la destination.</p>

<h3>Que faut-il prévoir pour un hummer lap tour EVG ?</h3>
<p>Une <strong>pièce d'identité valide</strong> est généralement demandée. Le matériel et l'encadrement sont fournis par notre partenaire local. Prévoyez une tenue adaptée et des chaussures fermées. Détails complets fournis à la réservation.</p>

<h3>Dans quelles villes peut-on faire un hummer lap tour EVG ?</h3>
<p>L'activité est disponible dans <strong>12 destinations</strong> Crazy-EVG : Barcelone, Berlin, Bordeaux, Bucarest, Budapest, Cracovie, Ibiza, Lisbonne, Madrid, Porto, Prague, Varsovie.</p>

<h3>Comment réserver un hummer lap tour EVG ?</h3>
<p>Demandez un <a href=""https://www.crazy-evg.com/devis"">devis en 1 minute</a> sur Crazy-EVG. Notre équipe revient vers vous sous 24h avec un programme sur mesure et un tarif détaillé pour votre groupe.</p>
","989","{
  ""@context"": ""https://schema.org"",
  ""@graph"": [
    {
      ""@type"": ""Service"",
      ""@id"": ""https://www.crazy-evg.com/activity-category/hummer-lap-tour-evg#service"",
      ""name"": ""Limousine Hummer EVG"",
      ""alternateName"": ""Limousine Hummer"",
      ""description"": ""Limousine Hummer pour son EVG : Hummer privatisé, bar à bord, tour de ville. La sortie la plus VIP de son enterrement de vie de garçon."",
      ""serviceType"": ""Activité EVG"",
      ""category"": ""Enterrement de vie de garçon"",
      ""url"": ""https://www.crazy-evg.com/activity-category/hummer-lap-tour-evg"",
      ""provider"": {
        ""@type"": ""Organization"",
        ""@id"": ""https://www.crazy-evg.com/#organization"",
        ""name"": ""Crazy-EVG"",
        ""url"": ""https://www.crazy-evg.com"",
        ""telephone"": ""+33176215730"",
        ""email"": ""contact@crazy-evg.com"",
        ""address"": {
          ""@type"": ""PostalAddress"",
          ""streetAddress"": ""8 rue du Faubourg Poissonnière"",
          ""postalCode"": ""75010"",
          ""addressLocality"": ""Paris"",
          ""addressCountry"": ""FR""
        }
      },
      ""areaServed"": [
        {
          ""@type"": ""City"",
          ""name"": ""Barcelone""
        },
        {
          ""@type"": ""City"",
          ""name"": ""Berlin""
        },
        {
          ""@type"": ""City"",
          ""name"": ""Bordeaux""
        },
        {
          ""@type"": ""City"",
          ""name"": ""Bucarest""
        },
        {
          ""@type"": ""City"",
          ""name"": ""Budapest""
        },
        {
          ""@type"": ""City"",
          ""name"": ""Cracovie""
        },
        {
          ""@type"": ""City"",
          ""name"": ""Ibiza""
        },
        {
          ""@type"": ""City"",
          ""name"": ""Lisbonne""
        },
        {
          ""@type"": ""City"",
          ""name"": ""Madrid""
        },
        {
          ""@type"": ""City"",
          ""name"": ""Porto""
        },
        {
          ""@type"": ""City"",
          ""name"": ""Prague""
        },
        {
          ""@type"": ""City"",
          ""name"": ""Varsovie""
        }
      ],
      ""audience"": {
        ""@type"": ""Audience"",
        ""audienceType"": ""Groupe d'amis - Enterrement de vie de garçon"",
        ""suggestedMinAge"": 18
      },
      ""offers"": {
        ""@type"": ""AggregateOffer"",
        ""priceCurrency"": ""EUR"",
        ""lowPrice"": ""49"",
        ""highPrice"": ""119"",
        ""offerCount"": ""12"",
        ""availability"": ""https://schema.org/InStock""
      }
    },
    {
      ""@type"": ""FAQPage"",
      ""@id"": ""https://www.crazy-evg.com/activity-category/hummer-lap-tour-evg#faq"",
      ""mainEntity"": [
        {
          ""@type"": ""Question"",
          ""name"": ""Combien coûte un hummer lap tour pour un EVG ?"",
          ""acceptedAnswer"": {
            ""@type"": ""Answer"",
            ""text"": ""Le tarif d'un hummer lap tour EVG est compris entre 49 € et 119 € par personne. Le prix varie selon la destination, la taille du groupe et les options choisies. Demandez un devis en 1 minute pour un tarif personnalisé.""
          }
        },
        {
          ""@type"": ""Question"",
          ""name"": ""Combien de temps dure un hummer lap tour EVG ?"",
          ""acceptedAnswer"": {
            ""@type"": ""Answer"",
            ""text"": ""La durée varie selon la formule, généralement entre 1h et 4h transferts inclus. Consultez la fiche détaillée de chaque destination pour le programme précis.""
          }
        },
        {
          ""@type"": ""Question"",
          ""name"": ""Faut-il un niveau particulier pour faire un hummer lap tour EVG ?"",
          ""acceptedAnswer"": {
            ""@type"": ""Answer"",
            ""text"": ""Aucun niveau requis. Toutes nos sessions sont encadrées par un instructeur professionnel qui assure le briefing et l'accompagnement. L'activité est accessible aux débutants.""
          }
        },
        {
          ""@type"": ""Question"",
          ""name"": ""À partir de combien de personnes peut-on réserver un hummer lap tour EVG ?"",
          ""acceptedAnswer"": {
            ""@type"": ""Answer"",
            ""text"": ""La majorité de nos partenaires acceptent les groupes à partir de 4 à 6 personnes. Les conditions exactes varient selon la destination. Au-delà de 12-15 participants, plusieurs créneaux sont organisés.""
          }
        },
        {
          ""@type"": ""Question"",
          ""name"": ""Que faut-il prévoir pour un hummer lap tour EVG ?"",
          ""acceptedAnswer"": {
            ""@type"": ""Answer"",
            ""text"": ""Une pièce d'identité valide est généralement demandée. Le matériel et l'encadrement sont fournis par notre partenaire local. Prévoyez une tenue adaptée et des chaussures fermées. Détails complets fournis à la réservation.""
          }
        },
        {
          ""@type"": ""Question"",
          ""name"": ""Dans quelles villes peut-on faire un hummer lap tour EVG ?"",
          ""acceptedAnswer"": {
            ""@type"": ""Answer"",
            ""text"": ""L'activité hummer lap tour est disponible dans 12 destinations Crazy-EVG : Barcelone, Berlin, Bordeaux, Bucarest, Budapest, Cracovie, Ibiza, Lisbonne, Madrid, Porto, Prague, Varsovie.""
          }
        },
        {
          ""@type"": ""Question"",
          ""name"": ""Comment réserver un hummer lap tour EVG ?"",
          ""acceptedAnswer"": {
            ""@type"": ""Answer"",
            ""text"": ""Demandez un devis en 1 minute sur Crazy-EVG. Notre équipe revient vers vous sous 24h avec un programme sur mesure et un tarif détaillé pour votre groupe.""
          }
        }
      ]
    },
    {
      ""@type"": ""BreadcrumbList"",
      ""@id"": ""https://www.crazy-evg.com/activity-category/hummer-lap-tour-evg#breadcrumb"",
      ""itemListElement"": [
        {
          ""@type"": ""ListItem"",
          ""position"": 1,
          ""name"": ""Accueil"",
          ""item"": ""https://www.crazy-evg.com/""
        },
        {
          ""@type"": ""ListItem"",
          ""position"": 2,
          ""name"": ""Activités EVG"",
          ""item"": ""https://www.crazy-evg.com/activites-evg""
        },
        {
          ""@type"": ""ListItem"",
          ""position"": 3,
          ""name"": ""Limousine Hummer EVG : tour de ville VIP"",
          ""item"": ""https://www.crazy-evg.com/activity-category/hummer-lap-tour-evg""
        }
      ]
    }
  ]
}","6219"
"https://www.crazy-evg.com/activity-category/limousine-evg","limousine-evg","Limousine","P2 - Sleeping giant","","les deux pages à travailler en une page","Limousine | Activité EVG | Crazy-EVG","Pendant un enterrement de vie de garçon, faites l'vous plaisir avec la traditionnelle virée en limousine. Lancez idéalement la soirée EVG.","Limousine EVG : transfert VIP entre potes | Crazy-EVG","53","Limousine pour son EVG : transfert ou tour de ville VIP, bar à bord, capacité jusqu'à 12 personnes. 13 destinations. Devis en 1 minute.","135","Limousine EVG","6","155","0,03870968","19,0645161","<!-- Page: https://www.crazy-evg.com/activity-category/limousine-evg -->
<!-- Title: Limousine EVG : transfert VIP entre potes | Crazy-EVG -->
<!-- Meta: Limousine pour son EVG : transfert ou tour de ville VIP, bar à bord, capacité jusqu'à 12 personnes. 13 destinations. Devis en 1 minute. -->

<h1>Limousine EVG</h1>

<!-- BLOC A — Introduction -->
<p>La <strong>limousine EVG</strong>, c'est l'option transport classique mais toujours efficace pour un enterrement de vie de garçon : <strong>limousine stretch</strong> (Lincoln, Cadillac selon les destinations), 8 à 12 places, bar à bord, sound system, et chauffeur en costume. La sortie VIP du marié et de ses potes.</p>
<p>Disponible dans 13 destinations Crazy-EVG, la <strong>limousine pour EVG</strong> est l'option transport idéale entre activités, ou pour un tour de ville chic. Comptez 1h à 3h selon les formules, bouteilles incluses dans certains packs. À combiner avec une <a href=""https://www.crazy-evg.com/activity-category/boite-bouteilles-evg"">soirée boîte VIP</a> pour finir en beauté.</p>

<!-- BLOC B — Pourquoi choisir -->
<h2>Pourquoi choisir le limousine pour son EVG ?</h2>
<ul>
  <li><strong>Limousine stretch :</strong> Lincoln Town Car, Cadillac selon la destination.</li>
  <li><strong>Bar à bord :</strong> bouteilles incluses dans les formules premium.</li>
  <li><strong>Format flexible :</strong> transferts entre activités, tour de ville, sortie boîte.</li>
  <li><strong>Ambiance VIP garantie :</strong> chauffeur en costume, sound system, lumières.</li>
</ul>

<!-- BLOC C — L'expérience en détail -->
<h2>L'expérience limousine en détail</h2>
<p>Sortie type :</p>
<p><strong>À Bruxelles :</strong> Lors de votre prochain enterrement de vie de garçon à Bruxelles, mettez un peu de fantaisie. Lors de la traditionnelle virée en Limousine, ajoutez un show d'une stripteaseuse, le futur marié vous remerciera.</p>
<p><strong>À Bruxelles :</strong> À l'occasion de l'EVG de votre ami à Bruxelles, faites monter la température pendant la balade en Dodge Limousine. Avec le spectacle d'une stripteaseuse, pour le futur marié. Nul doute qu'il appréciera et vous dira merci.</p>

<!-- BLOC D — Ce qui est inclus -->
<h2>Ce qui est inclus dans un limousine EVG</h2>
<ul>
  <li>Max 8 personnes</li>
  <li>Prises auxiliaires et Bluetooth pour brancher votre propre musique</li>
  <li>Chauffeur</li>
  <li>Le transfert de l'aéroport à votre hébergement en Limousine</li>
  <li>Maximum 8 personnes</li>
  <li>Capacité max : 8 personnes</li>
  <li>Transfert vers le lieu de votre choix à Bordeaux</li>
  <li>Durée : 1 heure</li>
  <li>2 bouteilles de vin pétillant</li>
  <li>1 bouteille de vin pétillant</li>
</ul>

<!-- BLOC E — Tarif -->
<h2>Combien coûte un limousine EVG ?</h2>
<table>
  <thead><tr><th>Critère</th><th>Fourchette</th><th>Précisions</th></tr></thead>
  <tbody>
    <tr><td>Tarif</td><td><strong>39 € à 89 € par personne</strong></td><td>Selon la destination et la formule</td></tr>
    <tr><td>Durée</td><td>1h à 4h</td><td>Transferts inclus selon les destinations</td></tr>
    <tr><td>Taille du groupe</td><td>Selon la formule, généralement 4 à 15+ pers.</td><td>Au-delà : créneaux multiples</td></tr>
    <tr><td>Nombre de destinations</td><td>13</td><td>Voir la grille ci-dessous</td></tr>
    <tr><td>Délai de réservation</td><td>5 à 14 jours</td><td>Selon la destination et la saison</td></tr>
  </tbody>
</table>

<p><strong>Note :</strong> pour une expérience encore plus impressionnante, voir la <a href=""https://www.crazy-evg.com/activity-category/hummer-lap-tour-evg"">Limousine Hummer EVG</a> (jusqu'à 14 places).</p>

<!-- BLOC F — Destinations -->
<h2>Où faire un limousine pour un EVG ?</h2>
<p>L'activité <strong>Limousine EVG</strong> est disponible dans <strong>13 destinations</strong> Crazy-EVG : Amsterdam, Berlin, Bordeaux, Bruxelles, Bucarest, Budapest, Lisbonne, Madrid, Montpellier, Paris, Porto, Prague, Vilnius.</p>

<!-- BLOC G — Comparatif destinations -->
<h3>Comparatif rapide des destinations</h3>
<ul>
  <li><strong><a href=""https://www.crazy-evg.com/enterrement-de-vie-de-garcon-bruxelles/limousine-activites"">Limousine EVG à Bruxelles</a></strong> — Lors de votre prochain enterrement de vie de garçon à Bruxelles, mettez un peu de fantaisie. Lors de la traditionnelle virée en Limousine, ajoutez un show d'une stripteaseuse, le futur marié vous remerciera. Votre GMC Monster Limousine & Strip vous récupère devant le lieu de votr</li>
  <li><strong><a href=""https://www.crazy-evg.com/enterrement-de-vie-de-garcon-bruxelles/limousine-activites"">Limousine EVG à Bruxelles</a></strong> — À l'occasion de l'EVG de votre ami à Bruxelles, faites monter la température pendant la balade en Dodge Limousine. Avec le spectacle d'une stripteaseuse, pour le futur marié. Nul doute qu'il appréciera et vous dira merci. Votre Dodge Limousine & Strip vous récupère devant le lieu</li>
  <li><strong><a href=""https://www.crazy-evg.com/enterrement-de-vie-de-garcon-bruxelles/limousine-activites"">Limousine EVG à Bruxelles</a></strong> — THE activité pour un enterrement de vie de garçon. Généralement, le tour en Cadillac Limousine s'effectue après votre dîner avant d'enchaîner sur une Tournée des bars ou une Boîte de nuit. Bien entendu, vous avez la possibilité de réserver votre virée en limousine pour tout type </li>
</ul>

<!-- BLOC H — Activités liées -->
<h2>Ces activités EVG vont aussi vous plaire</h2>
<ul>
  <li><a href=""https://www.crazy-evg.com/activity-category/hummer-lap-tour-evg"">Limousine Hummer EVG</a></li>
  <li><a href=""https://www.crazy-evg.com/activity-category/party-bus-strip-evg"">Bus strip EVG</a></li>
  <li><a href=""https://www.crazy-evg.com/activity-category/stripclub-evg"">Club strip-tease EVG</a></li>
  <li><a href=""https://www.crazy-evg.com/activity-category/boite-bouteilles-evg"">Boîte et bouteilles EVG</a></li>
  <li><a href=""https://www.crazy-evg.com/activity-category/tournee-bars-evg"">Tournée des bars EVG</a></li>
</ul>

<!-- BLOC I — FAQ -->
<h2>FAQ — Limousine EVG</h2>

<h3>Combien coûte un limousine pour un EVG ?</h3>
<p>Le tarif d'un limousine EVG est compris <strong>entre 39 € et 89 € par personne</strong>. Le prix varie selon la destination, la taille du groupe et les options choisies. Demandez un <a href=""https://www.crazy-evg.com/devis"">devis en 1 minute</a> pour un tarif personnalisé.</p>

<h3>Combien de temps dure un limousine EVG ?</h3>
<p>La durée varie selon la formule, généralement <strong>entre 1h et 4h transferts inclus</strong>. Consultez la fiche détaillée de chaque destination pour le programme précis.</p>

<h3>Faut-il un niveau particulier pour faire un limousine EVG ?</h3>
<p>Aucun niveau requis. Toutes nos sessions sont <strong>encadrées par un instructeur professionnel</strong> qui assure le briefing et l'accompagnement. L'activité est accessible aux débutants.</p>

<h3>À partir de combien de personnes peut-on réserver un limousine EVG ?</h3>
<p>La majorité de nos partenaires acceptent les groupes <strong>à partir de 4 à 6 personnes</strong>. Au-delà de 12-15 participants, plusieurs créneaux sont organisés. Les conditions exactes varient selon la destination.</p>

<h3>Que faut-il prévoir pour un limousine EVG ?</h3>
<p>Une <strong>pièce d'identité valide</strong> est généralement demandée. Le matériel et l'encadrement sont fournis par notre partenaire local. Prévoyez une tenue adaptée et des chaussures fermées. Détails complets fournis à la réservation.</p>

<h3>Dans quelles villes peut-on faire un limousine EVG ?</h3>
<p>L'activité est disponible dans <strong>13 destinations</strong> Crazy-EVG : Amsterdam, Berlin, Bordeaux, Bruxelles, Bucarest, Budapest, Lisbonne, Madrid, Montpellier, Paris, Porto, Prague, Vilnius.</p>

<h3>Comment réserver un limousine EVG ?</h3>
<p>Demandez un <a href=""https://www.crazy-evg.com/devis"">devis en 1 minute</a> sur Crazy-EVG. Notre équipe revient vers vous sous 24h avec un programme sur mesure et un tarif détaillé pour votre groupe.</p>
","960","{
  ""@context"": ""https://schema.org"",
  ""@graph"": [
    {
      ""@type"": ""Service"",
      ""@id"": ""https://www.crazy-evg.com/activity-category/limousine-evg#service"",
      ""name"": ""Limousine EVG"",
      ""alternateName"": ""les deux pages à travailler en une page"",
      ""description"": ""Limousine pour son EVG : transfert ou tour de ville VIP, bar à bord, capacité jusqu'à 12 personnes. 13 destinations. Devis en 1 minute."",
      ""serviceType"": ""Activité EVG"",
      ""category"": ""Enterrement de vie de garçon"",
      ""url"": ""https://www.crazy-evg.com/activity-category/limousine-evg"",
      ""provider"": {
        ""@type"": ""Organization"",
        ""@id"": ""https://www.crazy-evg.com/#organization"",
        ""name"": ""Crazy-EVG"",
        ""url"": ""https://www.crazy-evg.com"",
        ""telephone"": ""+33176215730"",
        ""email"": ""contact@crazy-evg.com"",
        ""address"": {
          ""@type"": ""PostalAddress"",
          ""streetAddress"": ""8 rue du Faubourg Poissonnière"",
          ""postalCode"": ""75010"",
          ""addressLocality"": ""Paris"",
          ""addressCountry"": ""FR""
        }
      },
      ""areaServed"": [
        {
          ""@type"": ""City"",
          ""name"": ""Amsterdam""
        },
        {
          ""@type"": ""City"",
          ""name"": ""Berlin""
        },
        {
          ""@type"": ""City"",
          ""name"": ""Bordeaux""
        },
        {
          ""@type"": ""City"",
          ""name"": ""Bruxelles""
        },
        {
          ""@type"": ""City"",
          ""name"": ""Bucarest""
        },
        {
          ""@type"": ""City"",
          ""name"": ""Budapest""
        },
        {
          ""@type"": ""City"",
          ""name"": ""Lisbonne""
        },
        {
          ""@type"": ""City"",
          ""name"": ""Madrid""
        },
        {
          ""@type"": ""City"",
          ""name"": ""Montpellier""
        },
        {
          ""@type"": ""City"",
          ""name"": ""Paris""
        },
        {
          ""@type"": ""City"",
          ""name"": ""Porto""
        },
        {
          ""@type"": ""City"",
          ""name"": ""Prague""
        },
        {
          ""@type"": ""City"",
          ""name"": ""Vilnius""
        }
      ],
      ""audience"": {
        ""@type"": ""Audience"",
        ""audienceType"": ""Groupe d'amis - Enterrement de vie de garçon"",
        ""suggestedMinAge"": 18
      },
      ""offers"": {
        ""@type"": ""AggregateOffer"",
        ""priceCurrency"": ""EUR"",
        ""lowPrice"": ""39"",
        ""highPrice"": ""89"",
        ""offerCount"": ""13"",
        ""availability"": ""https://schema.org/InStock""
      }
    },
    {
      ""@type"": ""FAQPage"",
      ""@id"": ""https://www.crazy-evg.com/activity-category/limousine-evg#faq"",
      ""mainEntity"": [
        {
          ""@type"": ""Question"",
          ""name"": ""Combien coûte un limousine pour un EVG ?"",
          ""acceptedAnswer"": {
            ""@type"": ""Answer"",
            ""text"": ""Le tarif d'un limousine EVG est compris entre 39 € et 89 € par personne. Le prix varie selon la destination, la taille du groupe et les options choisies. Demandez un devis en 1 minute pour un tarif personnalisé.""
          }
        },
        {
          ""@type"": ""Question"",
          ""name"": ""Combien de temps dure un limousine EVG ?"",
          ""acceptedAnswer"": {
            ""@type"": ""Answer"",
            ""text"": ""La durée varie selon la formule, généralement entre 1h et 4h transferts inclus. Consultez la fiche détaillée de chaque destination pour le programme précis.""
          }
        },
        {
          ""@type"": ""Question"",
          ""name"": ""Faut-il un niveau particulier pour faire un limousine EVG ?"",
          ""acceptedAnswer"": {
            ""@type"": ""Answer"",
            ""text"": ""Aucun niveau requis. Toutes nos sessions sont encadrées par un instructeur professionnel qui assure le briefing et l'accompagnement. L'activité est accessible aux débutants.""
          }
        },
        {
          ""@type"": ""Question"",
          ""name"": ""À partir de combien de personnes peut-on réserver un limousine EVG ?"",
          ""acceptedAnswer"": {
            ""@type"": ""Answer"",
            ""text"": ""La majorité de nos partenaires acceptent les groupes à partir de 4 à 6 personnes. Les conditions exactes varient selon la destination. Au-delà de 12-15 participants, plusieurs créneaux sont organisés.""
          }
        },
        {
          ""@type"": ""Question"",
          ""name"": ""Que faut-il prévoir pour un limousine EVG ?"",
          ""acceptedAnswer"": {
            ""@type"": ""Answer"",
            ""text"": ""Une pièce d'identité valide est généralement demandée. Le matériel et l'encadrement sont fournis par notre partenaire local. Prévoyez une tenue adaptée et des chaussures fermées. Détails complets fournis à la réservation.""
          }
        },
        {
          ""@type"": ""Question"",
          ""name"": ""Dans quelles villes peut-on faire un limousine EVG ?"",
          ""acceptedAnswer"": {
            ""@type"": ""Answer"",
            ""text"": ""L'activité limousine est disponible dans 13 destinations Crazy-EVG : Amsterdam, Berlin, Bordeaux, Bruxelles, Bucarest, Budapest, Lisbonne, Madrid, Montpellier, Paris, Porto, Prague, Vilnius.""
          }
        },
        {
          ""@type"": ""Question"",
          ""name"": ""Comment réserver un limousine EVG ?"",
          ""acceptedAnswer"": {
            ""@type"": ""Answer"",
            ""text"": ""Demandez un devis en 1 minute sur Crazy-EVG. Notre équipe revient vers vous sous 24h avec un programme sur mesure et un tarif détaillé pour votre groupe.""
          }
        }
      ]
    },
    {
      ""@type"": ""BreadcrumbList"",
      ""@id"": ""https://www.crazy-evg.com/activity-category/limousine-evg#breadcrumb"",
      ""itemListElement"": [
        {
          ""@type"": ""ListItem"",
          ""position"": 1,
          ""name"": ""Accueil"",
          ""item"": ""https://www.crazy-evg.com/""
        },
        {
          ""@type"": ""ListItem"",
          ""position"": 2,
          ""name"": ""Activités EVG"",
          ""item"": ""https://www.crazy-evg.com/activites-evg""
        },
        {
          ""@type"": ""ListItem"",
          ""position"": 3,
          ""name"": ""Limousine EVG : transfert VIP entre potes"",
          ""item"": ""https://www.crazy-evg.com/activity-category/limousine-evg""
        }
      ]
    }
  ]
}","6244"
"https://www.crazy-evg.com/activity-category/stripclub-evg","stripclub-evg","Stripclub","P2 - Sleeping giant","A optimisée","club striptease evg","Strip Club| Activité EVG | Crazy-EVG","Pour son enterrement de vie de garçon, programmez au futur marié un show dans un strip club . Offrez-lui le meilleur des spectacles pour son EVG","Club strip-tease EVG : entrée VIP & bouteilles | Crazy-EVG","58","Club striptease EVG : entrée VIP coupe-file, bouteilles offertes, table privatisée. Sélection des meilleurs strip clubs dans 20 destinations.","141","Club strip-tease EVG","13","317","0,04100946","22","<!-- Page: https://www.crazy-evg.com/activity-category/stripclub-evg -->
<!-- Title: Club strip-tease EVG : entrée VIP & bouteilles | Crazy-EVG -->
<!-- Meta: Club striptease EVG : entrée VIP coupe-file, bouteilles offertes, table privatisée. Sélection des meilleurs strip clubs dans 20 destinations. -->

<h1>Club strip-tease EVG</h1>

<!-- BLOC A — Introduction -->
<p>Le <strong>club strip-tease EVG</strong> est le passage obligé de toute soirée d'enterrement de vie de garçon qui se respecte : <strong>entrée VIP coupe-file</strong>, table privatisée, bouteilles incluses, et bien sûr <strong>show des meilleures danseuses</strong> du club. Crazy-EVG sélectionne dans chaque destination uniquement les clubs avec une vraie ambiance.</p>
<p>Disponible dans 20 destinations Crazy-EVG, le <strong>strip club EVG</strong> est l'option idéale pour finir en beauté une soirée d'EVG. Comptez 2h à 4h sur place, avec un budget bar à prévoir au-delà des bouteilles incluses. À enchaîner après un <a href=""https://www.crazy-evg.com/activity-category/diner-strip-evg"">dîner strip</a> ou une <a href=""https://www.crazy-evg.com/activity-category/tournee-bars-evg"">tournée des bars</a>.</p>

<!-- BLOC B — Pourquoi choisir -->
<h2>Pourquoi choisir le stripclub pour son EVG ?</h2>
<ul>
  <li><strong>Entrée VIP coupe-file :</strong> pas de queue, pas de filtre.</li>
  <li><strong>Table privatisée :</strong> votre carré, vos bouteilles, votre serveuse.</li>
  <li><strong>Bouteilles incluses :</strong> 1 ou 2 selon la formule.</li>
  <li><strong>Sélection sérieuse :</strong> on vous évite les clubs touristiques bas de gamme.</li>
</ul>

<!-- BLOC C — L'expérience en détail -->
<h2>L'expérience stripclub en détail</h2>
<p>Soirée type :</p>
<p><strong>À Amsterdam :</strong> Rien de mieux qu'un passage en Stripclub pour marquer le coup lors de votre soirée d'enterrement de vie de garçon à Amsterdam ! Notre stripclub partenaire est situé au cœur de la ville d'Amsterdam et vous accueille à partir de 20h00.</p>
<p><strong>À Bucarest :</strong> Faites monter la température de votre soirée d'EVG à Bucarest avec notre Strip Club VIP & Open Bar ! Situé en plein centre ville, ce club de striptease réputé propose ce qui se fait de mieux à Bucarest : entre 20 et 28 danseuses triées sur le volet travaillent ici chaque soir.</p>

<!-- BLOC D — Ce qui est inclus -->
<h2>Ce qui est inclus dans un stripclub EVG</h2>
<ul>
  <li>Entrée au stripclub</li>
  <li>Guide locale</li>
  <li>Entrée en strip club pour tout le groupe</li>
  <li>Softs</li>
  <li>Shows</li>
  <li>Table réservée pour le groupe</li>
  <li>Entrée gratuite</li>
  <li>Bonbons</li>
  <li>Possibilité d'avoir l'option striptease intégral (supplément)</li>
  <li>Minimum 6 personnes, Maximum 20 personnes</li>
</ul>

<!-- BLOC E — Tarif -->
<h2>Combien coûte un stripclub EVG ?</h2>
<table>
  <thead><tr><th>Critère</th><th>Fourchette</th><th>Précisions</th></tr></thead>
  <tbody>
    <tr><td>Tarif</td><td><strong>39 € à 99 € par personne</strong></td><td>Selon la destination et la formule</td></tr>
    <tr><td>Durée</td><td>1h à 4h</td><td>Transferts inclus selon les destinations</td></tr>
    <tr><td>Taille du groupe</td><td>Selon la formule, généralement 4 à 15+ pers.</td><td>Au-delà : créneaux multiples</td></tr>
    <tr><td>Nombre de destinations</td><td>20</td><td>Voir la grille ci-dessous</td></tr>
    <tr><td>Délai de réservation</td><td>5 à 14 jours</td><td>Selon la destination et la saison</td></tr>
  </tbody>
</table>

<!-- BLOC F — Destinations -->
<h2>Où faire un stripclub pour un EVG ?</h2>
<p>L'activité <strong>Club strip-tease EVG</strong> est disponible dans <strong>20 destinations</strong> Crazy-EVG : Albufeira, Amsterdam, Barcelone, Berlin, Bordeaux, Bruxelles, Bucarest, Budapest, Cracovie, Ibiza, Lisbonne, Lyon, Madrid, Majorque, Milan, Paris, Porto, Prague, Varsovie, Vilnius.</p>

<!-- BLOC G — Comparatif destinations -->
<h3>Comparatif rapide des destinations</h3>
<ul>
  <li><strong><a href=""https://www.crazy-evg.com/enterrement-de-vie-de-garcon-amsterdam/stripclub-activites"">Stripclub EVG à Amsterdam</a></strong> — Rien de mieux qu'un passage en Stripclub pour marquer le coup lors de votre soirée d'enterrement de vie de garçon à Amsterdam ! Notre stripclub partenaire est situé au cœur de la ville d'Amsterdam et vous accueille à partir de 20h00. A l'intérieur vous attendent de très belles je</li>
  <li><strong><a href=""https://www.crazy-evg.com/enterrement-de-vie-de-garcon-bucarest/stripclub-activites"">Stripclub EVG à Bucarest</a></strong> — Faites monter la température de votre soirée d'EVG à Bucarest avec notre Strip Club VIP & Open Bar ! Situé en plein centre ville, ce club de striptease réputé propose ce qui se fait de mieux à Bucarest : entre 20 et 28 danseuses triées sur le volet travaillent ici chaque soir. Un</li>
  <li><strong><a href=""https://www.crazy-evg.com/enterrement-de-vie-de-garcon-bucarest/stripclub-activites"">Stripclub EVG à Bucarest</a></strong> — S’il y a bien une tradition à tous les enterrements de vie de garçon, c'est bien le strip club ! Les statistiques ne mentent pas : dans 90 % des EVG on demande à une femme de se mettre toute nue... Alors, pour votre séjour à Bucarest, on a visité ce club pour vous ! Gentlemen, vo</li>
</ul>

<!-- BLOC H — Activités liées -->
<h2>Ces activités EVG vont aussi vous plaire</h2>
<ul>
  <li><a href=""https://www.crazy-evg.com/activity-category/striptease-domicile-evg"">Strip-tease à domicile EVG</a></li>
  <li><a href=""https://www.crazy-evg.com/activity-category/diner-strip-evg"">Dîner strip EVG</a></li>
  <li><a href=""https://www.crazy-evg.com/activity-category/sexy-reveil-evg"">Réveil coquin EVG</a></li>
  <li><a href=""https://www.crazy-evg.com/activity-category/party-bus-strip-evg"">Bus strip EVG</a></li>
  <li><a href=""https://www.crazy-evg.com/activity-category/crazy-night-evg"">Crazy Night EVG</a></li>
</ul>

<!-- BLOC I — FAQ -->
<h2>FAQ — Club strip-tease EVG</h2>

<h3>Combien coûte un stripclub pour un EVG ?</h3>
<p>Le tarif d'un stripclub EVG est compris <strong>entre 39 € et 99 € par personne</strong>. Le prix varie selon la destination, la taille du groupe et les options choisies. Demandez un <a href=""https://www.crazy-evg.com/devis"">devis en 1 minute</a> pour un tarif personnalisé.</p>

<h3>Combien de temps dure un stripclub EVG ?</h3>
<p>La durée varie selon la formule, généralement <strong>entre 1h et 4h transferts inclus</strong>. Consultez la fiche détaillée de chaque destination pour le programme précis.</p>

<h3>Faut-il un niveau particulier pour faire un stripclub EVG ?</h3>
<p>Aucun niveau requis. Toutes nos sessions sont <strong>encadrées par un instructeur professionnel</strong> qui assure le briefing et l'accompagnement. L'activité est accessible aux débutants.</p>

<h3>À partir de combien de personnes peut-on réserver un stripclub EVG ?</h3>
<p>La majorité de nos partenaires acceptent les groupes <strong>à partir de 4 à 6 personnes</strong>. Au-delà de 12-15 participants, plusieurs créneaux sont organisés. Les conditions exactes varient selon la destination.</p>

<h3>Que faut-il prévoir pour un stripclub EVG ?</h3>
<p>Une <strong>pièce d'identité valide</strong> est généralement demandée. Le matériel et l'encadrement sont fournis par notre partenaire local. Prévoyez une tenue adaptée et des chaussures fermées. Détails complets fournis à la réservation.</p>

<h3>Dans quelles villes peut-on faire un stripclub EVG ?</h3>
<p>L'activité est disponible dans <strong>20 destinations</strong> Crazy-EVG : Albufeira, Amsterdam, Barcelone, Berlin, Bordeaux, Bruxelles, Bucarest, Budapest, Cracovie, Ibiza, Lisbonne, Lyon, Madrid, Majorque, Milan, Paris, Porto, Prague, Varsovie, Vilnius.</p>

<h3>Comment réserver un stripclub EVG ?</h3>
<p>Demandez un <a href=""https://www.crazy-evg.com/devis"">devis en 1 minute</a> sur Crazy-EVG. Notre équipe revient vers vous sous 24h avec un programme sur mesure et un tarif détaillé pour votre groupe.</p>
","983","{
  ""@context"": ""https://schema.org"",
  ""@graph"": [
    {
      ""@type"": ""Service"",
      ""@id"": ""https://www.crazy-evg.com/activity-category/stripclub-evg#service"",
      ""name"": ""Club strip-tease EVG"",
      ""alternateName"": ""club striptease evg"",
      ""description"": ""Club striptease EVG : entrée VIP coupe-file, bouteilles offertes, table privatisée. Sélection des meilleurs strip clubs dans 20 destinations."",
      ""serviceType"": ""Activité EVG"",
      ""category"": ""Enterrement de vie de garçon"",
      ""url"": ""https://www.crazy-evg.com/activity-category/stripclub-evg"",
      ""provider"": {
        ""@type"": ""Organization"",
        ""@id"": ""https://www.crazy-evg.com/#organization"",
        ""name"": ""Crazy-EVG"",
        ""url"": ""https://www.crazy-evg.com"",
        ""telephone"": ""+33176215730"",
        ""email"": ""contact@crazy-evg.com"",
        ""address"": {
          ""@type"": ""PostalAddress"",
          ""streetAddress"": ""8 rue du Faubourg Poissonnière"",
          ""postalCode"": ""75010"",
          ""addressLocality"": ""Paris"",
          ""addressCountry"": ""FR""
        }
      },
      ""areaServed"": [
        {
          ""@type"": ""City"",
          ""name"": ""Albufeira""
        },
        {
          ""@type"": ""City"",
          ""name"": ""Amsterdam""
        },
        {
          ""@type"": ""City"",
          ""name"": ""Barcelone""
        },
        {
          ""@type"": ""City"",
          ""name"": ""Berlin""
        },
        {
          ""@type"": ""City"",
          ""name"": ""Bordeaux""
        },
        {
          ""@type"": ""City"",
          ""name"": ""Bruxelles""
        },
        {
          ""@type"": ""City"",
          ""name"": ""Bucarest""
        },
        {
          ""@type"": ""City"",
          ""name"": ""Budapest""
        },
        {
          ""@type"": ""City"",
          ""name"": ""Cracovie""
        },
        {
          ""@type"": ""City"",
          ""name"": ""Ibiza""
        },
        {
          ""@type"": ""City"",
          ""name"": ""Lisbonne""
        },
        {
          ""@type"": ""City"",
          ""name"": ""Lyon""
        },
        {
          ""@type"": ""City"",
          ""name"": ""Madrid""
        },
        {
          ""@type"": ""City"",
          ""name"": ""Majorque""
        },
        {
          ""@type"": ""City"",
          ""name"": ""Milan""
        },
        {
          ""@type"": ""City"",
          ""name"": ""Paris""
        },
        {
          ""@type"": ""City"",
          ""name"": ""Porto""
        },
        {
          ""@type"": ""City"",
          ""name"": ""Prague""
        },
        {
          ""@type"": ""City"",
          ""name"": ""Varsovie""
        },
        {
          ""@type"": ""City"",
          ""name"": ""Vilnius""
        }
      ],
      ""audience"": {
        ""@type"": ""Audience"",
        ""audienceType"": ""Groupe d'amis - Enterrement de vie de garçon"",
        ""suggestedMinAge"": 18
      },
      ""offers"": {
        ""@type"": ""AggregateOffer"",
        ""priceCurrency"": ""EUR"",
        ""lowPrice"": ""39"",
        ""highPrice"": ""99"",
        ""offerCount"": ""20"",
        ""availability"": ""https://schema.org/InStock""
      }
    },
    {
      ""@type"": ""FAQPage"",
      ""@id"": ""https://www.crazy-evg.com/activity-category/stripclub-evg#faq"",
      ""mainEntity"": [
        {
          ""@type"": ""Question"",
          ""name"": ""Combien coûte un stripclub pour un EVG ?"",
          ""acceptedAnswer"": {
            ""@type"": ""Answer"",
            ""text"": ""Le tarif d'un stripclub EVG est compris entre 39 € et 99 € par personne. Le prix varie selon la destination, la taille du groupe et les options choisies. Demandez un devis en 1 minute pour un tarif personnalisé.""
          }
        },
        {
          ""@type"": ""Question"",
          ""name"": ""Combien de temps dure un stripclub EVG ?"",
          ""acceptedAnswer"": {
            ""@type"": ""Answer"",
            ""text"": ""La durée varie selon la formule, généralement entre 1h et 4h transferts inclus. Consultez la fiche détaillée de chaque destination pour le programme précis.""
          }
        },
        {
          ""@type"": ""Question"",
          ""name"": ""Faut-il un niveau particulier pour faire un stripclub EVG ?"",
          ""acceptedAnswer"": {
            ""@type"": ""Answer"",
            ""text"": ""Aucun niveau requis. Toutes nos sessions sont encadrées par un instructeur professionnel qui assure le briefing et l'accompagnement. L'activité est accessible aux débutants.""
          }
        },
        {
          ""@type"": ""Question"",
          ""name"": ""À partir de combien de personnes peut-on réserver un stripclub EVG ?"",
          ""acceptedAnswer"": {
            ""@type"": ""Answer"",
            ""text"": ""La majorité de nos partenaires acceptent les groupes à partir de 4 à 6 personnes. Les conditions exactes varient selon la destination. Au-delà de 12-15 participants, plusieurs créneaux sont organisés.""
          }
        },
        {
          ""@type"": ""Question"",
          ""name"": ""Que faut-il prévoir pour un stripclub EVG ?"",
          ""acceptedAnswer"": {
            ""@type"": ""Answer"",
            ""text"": ""Une pièce d'identité valide est généralement demandée. Le matériel et l'encadrement sont fournis par notre partenaire local. Prévoyez une tenue adaptée et des chaussures fermées. Détails complets fournis à la réservation.""
          }
        },
        {
          ""@type"": ""Question"",
          ""name"": ""Dans quelles villes peut-on faire un stripclub EVG ?"",
          ""acceptedAnswer"": {
            ""@type"": ""Answer"",
            ""text"": ""L'activité stripclub est disponible dans 20 destinations Crazy-EVG : Albufeira, Amsterdam, Barcelone, Berlin, Bordeaux, Bruxelles, Bucarest, Budapest, Cracovie, Ibiza, Lisbonne, Lyon, Madrid, Majorque, Milan, Paris, Porto, Prague, Varsovie, Vilnius.""
          }
        },
        {
          ""@type"": ""Question"",
          ""name"": ""Comment réserver un stripclub EVG ?"",
          ""acceptedAnswer"": {
            ""@type"": ""Answer"",
            ""text"": ""Demandez un devis en 1 minute sur Crazy-EVG. Notre équipe revient vers vous sous 24h avec un programme sur mesure et un tarif détaillé pour votre groupe.""
          }
        }
      ]
    },
    {
      ""@type"": ""BreadcrumbList"",
      ""@id"": ""https://www.crazy-evg.com/activity-category/stripclub-evg#breadcrumb"",
      ""itemListElement"": [
        {
          ""@type"": ""ListItem"",
          ""position"": 1,
          ""name"": ""Accueil"",
          ""item"": ""https://www.crazy-evg.com/""
        },
        {
          ""@type"": ""ListItem"",
          ""position"": 2,
          ""name"": ""Activités EVG"",
          ""item"": ""https://www.crazy-evg.com/activites-evg""
        },
        {
          ""@type"": ""ListItem"",
          ""position"": 3,
          ""name"": ""Club strip-tease EVG : entrée VIP & bouteilles"",
          ""item"": ""https://www.crazy-evg.com/activity-category/stripclub-evg""
        }
      ]
    }
  ]
}","6829"
"https://www.crazy-evg.com/activity-category/parapente-evg","parapente-evg","Parapente","P3 - Cold page","","parapente evg+ vol/Baptême","Parapente | Activité EVG | Crazy-EVG","Pour un enterrement de vie de garçon, faites l'expérience du parapente. Envolez-vous pour une petite randonnée aérienne, prenez en plein les yeux lors d'un EVG","Parapente EVG : baptême de vol biplace | Crazy-EVG","50","Parapente EVG : baptême de vol biplace encadré par un moniteur. Vue imprenable, montée d'adrénaline. Une activité d'exception pour un enterrement.","146","Parapente EVG : baptême de vol","0","10","0","22,4","<!-- Page: https://www.crazy-evg.com/activity-category/parapente-evg -->
<!-- Title: Parapente EVG : baptême de vol biplace | Crazy-EVG -->
<!-- Meta: Parapente EVG : baptême de vol biplace encadré par un moniteur. Vue imprenable, montée d'adrénaline. Une activité d'exception pour un enterrement. -->

<h1>Parapente EVG : baptême de vol</h1>

<!-- BLOC A — Introduction -->
<p>Le <strong>parapente EVG</strong> (ou <em>baptême de vol parapente</em>) offre la sensation de vol biplace au-dessus des plus beaux paysages de montagne ou de mer. <strong>Décollage en pente</strong>, vol de 15 à 30 minutes, atterrissage en douceur. Encadré par un moniteur diplômé, accessible à toute personne en bonne santé.</p>
<p>Disponible à Annecy (notre destination star pour les sports plein air en montagne), le <strong>baptême de parapente EVG</strong> est une expérience à part : silence en l'air, panorama incroyable, sensation de liberté. À combiner avec d'autres activités plein air (canyoning, rafting) pour un EVG nature complet.</p>

<!-- BLOC B — Pourquoi choisir -->
<h2>Pourquoi choisir le parapente pour son EVG ?</h2>
<ul>
  <li><strong>Sensation de vol unique :</strong> ni avion ni hélico, juste le silence et le vent.</li>
  <li><strong>Encadrement par un moniteur diplômé :</strong> en biplace, vous pilotez à deux.</li>
  <li><strong>Panorama exceptionnel :</strong> Annecy et son lac, ses montagnes, son ciel pur.</li>
  <li><strong>Vidéo embarquée incluse :</strong> caméra fixée au moniteur, souvenir à emporter.</li>
</ul>

<!-- BLOC C — L'expérience en détail -->
<h2>L'expérience parapente en détail</h2>
<p>Vol type :</p>
<p><strong>À Annecy :</strong> Ce vol biplace s'effectue en ski car le décollage et l’atterrissage en parapente se font en glissant sur la neige sans le moindre effort. Les décollages en ski, surf, snowblade, ski de fond sont également possibles.</p>
<p><strong>À Annecy :</strong> Le point de RDV est accessible facilement en voiture. Seul le futur marié monte en haut de la montagne pour sauter, ses amis sont invités à l'attendre en bas. Il décollera en biplace parapente du site le plus prestigieux d'Europe pour la pratique du vol libre.</p>

<!-- BLOC D — Ce qui est inclus -->
<h2>Ce qui est inclus dans un parapente EVG</h2>
<ul>
  <li>Un saut en tandem pour le futur marié avec départ sur les pistes de ski</li>
  <li>Photos et vidéo souvenirs sur CD offertes</li>
  <li>Seul le futur marié monte, ses amis l'attendent en bas des pistes pour l'atterrissage</li>
  <li>Le matériel nécessaire à la pratique (Voile homologuée CEN, Sellette et parachute, Casque)</li>
  <li>L’encadrement par un moniteur diplômé d’état.</li>
  <li>ATTENTION : Les skis ne sont pas inclus</li>
  <li>Sur place achetez un forfait piéton pour une remontée mécanique 6.80€ environ</li>
  <li>Activité disponible de décembre à avril</li>
  <li>Un saut en tandem pour le futur marié</li>
  <li>15 à 20 minutes de vol</li>
</ul>

<!-- BLOC E — Tarif -->
<h2>Combien coûte un parapente EVG ?</h2>
<table>
  <thead><tr><th>Critère</th><th>Fourchette</th><th>Précisions</th></tr></thead>
  <tbody>
    <tr><td>Tarif</td><td><strong>89 € à 159 € par personne</strong></td><td>Selon la destination et la formule</td></tr>
    <tr><td>Durée</td><td>1h à 4h</td><td>Transferts inclus selon les destinations</td></tr>
    <tr><td>Taille du groupe</td><td>Selon la formule, généralement 4 à 15+ pers.</td><td>Au-delà : créneaux multiples</td></tr>
    <tr><td>Nombre de destinations</td><td>2</td><td>Voir la grille ci-dessous</td></tr>
    <tr><td>Délai de réservation</td><td>5 à 14 jours</td><td>Selon la destination et la saison</td></tr>
  </tbody>
</table>

<!-- BLOC F — Destinations -->
<h2>Où faire un parapente pour un EVG ?</h2>
<p>L'activité <strong>Parapente EVG : baptême de vol</strong> est disponible dans <strong>2 destinations</strong> Crazy-EVG : Annecy, Lisbonne.</p>

<!-- BLOC G — Comparatif destinations -->
<h3>Comparatif rapide des destinations</h3>
<ul>
  <li><strong><a href=""https://www.crazy-evg.com/enterrement-de-vie-de-garcon-annecy/parapente-activites"">Parapente EVG à Annecy</a></strong> — Ce vol biplace s'effectue en ski car le décollage et l’atterrissage en parapente se font en glissant sur la neige sans le moindre effort. Les décollages en ski, surf, snowblade, ski de fond sont également possibles. Ce vol d'hiver permet au futur marié de découvrir l'activité par</li>
  <li><strong><a href=""https://www.crazy-evg.com/enterrement-de-vie-de-garcon-annecy/parapente-activites"">Parapente EVG à Annecy</a></strong> — Le point de RDV est accessible facilement en voiture. Seul le futur marié monte en haut de la montagne pour sauter, ses amis sont invités à l'attendre en bas. Il décollera en biplace parapente du site le plus prestigieux d'Europe pour la pratique du vol libre. Il volera au dessus</li>
  <li><strong><a href=""https://www.crazy-evg.com/enterrement-de-vie-de-garcon-lisbonne/parapente-activites"">Parapente EVG à Lisbonne</a></strong> — Session de parapente à travers les falaises de Praia Grande, Praia da Aguda et Portinho da Arrábida pendant 15 minutes avec un pilote expérimenté. Vous n'avez besoin d'aucun entraînement préalable, notre instructeur certifié s'occupe de tout pendant le vol. Le transfert A/R de Li</li>
</ul>

<!-- BLOC H — Activités liées -->
<h2>Ces activités EVG vont aussi vous plaire</h2>
<ul>
  <li><a href=""https://www.crazy-evg.com/activity-category/chute-libre-evg"">Chute libre EVG</a></li>
  <li><a href=""https://www.crazy-evg.com/activity-category/saut-elastique-evg"">Saut à l'élastique EVG</a></li>
  <li><a href=""https://www.crazy-evg.com/activity-category/saut-en-parachute-evg"">Saut en parachute EVG</a></li>
  <li><a href=""https://www.crazy-evg.com/activity-category/canyoning-evg"">Canyoning EVG</a></li>
  <li><a href=""https://www.crazy-evg.com/activity-category/rafting-eaux-vives-evg"">Rafting EVG</a></li>
</ul>

<!-- BLOC I — FAQ -->
<h2>FAQ — Parapente EVG : baptême de vol</h2>

<h3>Combien coûte un parapente pour un EVG ?</h3>
<p>Le tarif d'un parapente EVG est compris <strong>entre 89 € et 159 € par personne</strong>. Le prix varie selon la destination, la taille du groupe et les options choisies. Demandez un <a href=""https://www.crazy-evg.com/devis"">devis en 1 minute</a> pour un tarif personnalisé.</p>

<h3>Combien de temps dure un parapente EVG ?</h3>
<p>La durée varie selon la formule, généralement <strong>entre 1h et 4h transferts inclus</strong>. Consultez la fiche détaillée de chaque destination pour le programme précis.</p>

<h3>Faut-il un niveau particulier pour faire un parapente EVG ?</h3>
<p>Aucun niveau requis. Toutes nos sessions sont <strong>encadrées par un instructeur professionnel</strong> qui assure le briefing et l'accompagnement. L'activité est accessible aux débutants.</p>

<h3>À partir de combien de personnes peut-on réserver un parapente EVG ?</h3>
<p>La majorité de nos partenaires acceptent les groupes <strong>à partir de 4 à 6 personnes</strong>. Au-delà de 12-15 participants, plusieurs créneaux sont organisés. Les conditions exactes varient selon la destination.</p>

<h3>Que faut-il prévoir pour un parapente EVG ?</h3>
<p>Une <strong>pièce d'identité valide</strong> est généralement demandée. Le matériel et l'encadrement sont fournis par notre partenaire local. Prévoyez une tenue adaptée et des chaussures fermées. Détails complets fournis à la réservation.</p>

<h3>Dans quelles villes peut-on faire un parapente EVG ?</h3>
<p>L'activité est disponible dans <strong>2 destinations</strong> Crazy-EVG : Annecy, Lisbonne.</p>

<h3>Comment réserver un parapente EVG ?</h3>
<p>Demandez un <a href=""https://www.crazy-evg.com/devis"">devis en 1 minute</a> sur Crazy-EVG. Notre équipe revient vers vous sous 24h avec un programme sur mesure et un tarif détaillé pour votre groupe.</p>
","995","{
  ""@context"": ""https://schema.org"",
  ""@graph"": [
    {
      ""@type"": ""Service"",
      ""@id"": ""https://www.crazy-evg.com/activity-category/parapente-evg#service"",
      ""name"": ""Parapente EVG : baptême de vol"",
      ""alternateName"": ""parapente evg+ vol/Baptême"",
      ""description"": ""Parapente EVG : baptême de vol biplace encadré par un moniteur. Vue imprenable, montée d'adrénaline. Une activité d'exception pour un enterrement."",
      ""serviceType"": ""Activité EVG"",
      ""category"": ""Enterrement de vie de garçon"",
      ""url"": ""https://www.crazy-evg.com/activity-category/parapente-evg"",
      ""provider"": {
        ""@type"": ""Organization"",
        ""@id"": ""https://www.crazy-evg.com/#organization"",
        ""name"": ""Crazy-EVG"",
        ""url"": ""https://www.crazy-evg.com"",
        ""telephone"": ""+33176215730"",
        ""email"": ""contact@crazy-evg.com"",
        ""address"": {
          ""@type"": ""PostalAddress"",
          ""streetAddress"": ""8 rue du Faubourg Poissonnière"",
          ""postalCode"": ""75010"",
          ""addressLocality"": ""Paris"",
          ""addressCountry"": ""FR""
        }
      },
      ""areaServed"": [
        {
          ""@type"": ""City"",
          ""name"": ""Annecy""
        },
        {
          ""@type"": ""City"",
          ""name"": ""Lisbonne""
        }
      ],
      ""audience"": {
        ""@type"": ""Audience"",
        ""audienceType"": ""Groupe d'amis - Enterrement de vie de garçon"",
        ""suggestedMinAge"": 18
      },
      ""offers"": {
        ""@type"": ""AggregateOffer"",
        ""priceCurrency"": ""EUR"",
        ""lowPrice"": ""89"",
        ""highPrice"": ""159"",
        ""offerCount"": ""2"",
        ""availability"": ""https://schema.org/InStock""
      }
    },
    {
      ""@type"": ""FAQPage"",
      ""@id"": ""https://www.crazy-evg.com/activity-category/parapente-evg#faq"",
      ""mainEntity"": [
        {
          ""@type"": ""Question"",
          ""name"": ""Combien coûte un parapente pour un EVG ?"",
          ""acceptedAnswer"": {
            ""@type"": ""Answer"",
            ""text"": ""Le tarif d'un parapente EVG est compris entre 89 € et 159 € par personne. Le prix varie selon la destination, la taille du groupe et les options choisies. Demandez un devis en 1 minute pour un tarif personnalisé.""
          }
        },
        {
          ""@type"": ""Question"",
          ""name"": ""Combien de temps dure un parapente EVG ?"",
          ""acceptedAnswer"": {
            ""@type"": ""Answer"",
            ""text"": ""La durée varie selon la formule, généralement entre 1h et 4h transferts inclus. Consultez la fiche détaillée de chaque destination pour le programme précis.""
          }
        },
        {
          ""@type"": ""Question"",
          ""name"": ""Faut-il un niveau particulier pour faire un parapente EVG ?"",
          ""acceptedAnswer"": {
            ""@type"": ""Answer"",
            ""text"": ""Aucun niveau requis. Toutes nos sessions sont encadrées par un instructeur professionnel qui assure le briefing et l'accompagnement. L'activité est accessible aux débutants.""
          }
        },
        {
          ""@type"": ""Question"",
          ""name"": ""À partir de combien de personnes peut-on réserver un parapente EVG ?"",
          ""acceptedAnswer"": {
            ""@type"": ""Answer"",
            ""text"": ""La majorité de nos partenaires acceptent les groupes à partir de 4 à 6 personnes. Les conditions exactes varient selon la destination. Au-delà de 12-15 participants, plusieurs créneaux sont organisés.""
          }
        },
        {
          ""@type"": ""Question"",
          ""name"": ""Que faut-il prévoir pour un parapente EVG ?"",
          ""acceptedAnswer"": {
            ""@type"": ""Answer"",
            ""text"": ""Une pièce d'identité valide est généralement demandée. Le matériel et l'encadrement sont fournis par notre partenaire local. Prévoyez une tenue adaptée et des chaussures fermées. Détails complets fournis à la réservation.""
          }
        },
        {
          ""@type"": ""Question"",
          ""name"": ""Dans quelles villes peut-on faire un parapente EVG ?"",
          ""acceptedAnswer"": {
            ""@type"": ""Answer"",
            ""text"": ""L'activité parapente est disponible dans 2 destinations Crazy-EVG : Annecy, Lisbonne.""
          }
        },
        {
          ""@type"": ""Question"",
          ""name"": ""Comment réserver un parapente EVG ?"",
          ""acceptedAnswer"": {
            ""@type"": ""Answer"",
            ""text"": ""Demandez un devis en 1 minute sur Crazy-EVG. Notre équipe revient vers vous sous 24h avec un programme sur mesure et un tarif détaillé pour votre groupe.""
          }
        }
      ]
    },
    {
      ""@type"": ""BreadcrumbList"",
      ""@id"": ""https://www.crazy-evg.com/activity-category/parapente-evg#breadcrumb"",
      ""itemListElement"": [
        {
          ""@type"": ""ListItem"",
          ""position"": 1,
          ""name"": ""Accueil"",
          ""item"": ""https://www.crazy-evg.com/""
        },
        {
          ""@type"": ""ListItem"",
          ""position"": 2,
          ""name"": ""Activités EVG"",
          ""item"": ""https://www.crazy-evg.com/activites-evg""
        },
        {
          ""@type"": ""ListItem"",
          ""position"": 3,
          ""name"": ""Parapente EVG : baptême de vol biplace"",
          ""item"": ""https://www.crazy-evg.com/activity-category/parapente-evg""
        }
      ]
    }
  ]
}","5315"
"https://www.crazy-evg.com/activity-category/saut-elastique-evg","saut-elastique-evg","Saut Elastique","P2 - Sleeping giant","","evg saut élastique","Saut à l'élastique| Activité EVG | Crazy-EVG","Pour un enterrement de vie de garçon, faites l'expérience d'un saut à l'élastique. Faites vivre au marié un saut dans el vide pour son EVG.","Saut à l'élastique EVG : grand saut entre potes | Crazy-EVG","59","EVG saut à l'élastique : grand saut depuis un pont ou une grue, encadrement pro. 4 destinations. Adrénaline maximum pour son enterrement.","137","Saut à l'élastique EVG","5","460","0,01086957","22,4695652","<!-- Page: https://www.crazy-evg.com/activity-category/saut-elastique-evg -->
<!-- Title: Saut à l'élastique EVG : grand saut entre potes | Crazy-EVG -->
<!-- Meta: EVG saut à l'élastique : grand saut depuis un pont ou une grue, encadrement pro. 4 destinations. Adrénaline maximum pour son enterrement. -->

<h1>Saut à l'élastique EVG</h1>

<!-- BLOC A — Introduction -->
<p>Le <strong>saut à l'élastique EVG</strong> est l'épreuve de courage ultime : <strong>plongeon dans le vide</strong> depuis un pont, un viaduc ou une grue, retenu par un élastique calibré pour votre poids. Quelques secondes de chute libre, l'élastique se tend, le rebond, et la fierté qui dure toute la vie.</p>
<p>Disponible dans 4 destinations Crazy-EVG, l'<strong>EVG saut à l'élastique</strong> est l'activité parfaite pour ceux qui veulent <strong>vraiment marquer le coup</strong>. Encadré par des moniteurs diplômés, harnais double et élastique testé : sécurité maximale, sensations garanties.</p>

<!-- BLOC B — Pourquoi choisir -->
<h2>Pourquoi choisir le saut elastique pour son EVG ?</h2>
<ul>
  <li><strong>Adrénaline pure :</strong> 50 à 100 mètres de chute libre, élastique calibré au poids.</li>
  <li><strong>Sécurité maximale :</strong> double harnais, équipement testé, moniteurs diplômés.</li>
  <li><strong>Le défi qui marque :</strong> aucune autre activité n'égale la fierté du ""je l'ai fait"".</li>
  <li><strong>Souvenir vidéo :</strong> filmer le saut du marié = vidéo culte garantie.</li>
</ul>

<!-- BLOC C — L'expérience en détail -->
<h2>L'expérience saut elastique en détail</h2>
<p>Saut type :</p>
<p><strong>À Prague :</strong> Le Saut à l'élastique est quand même une activité phare pour un EVG. Toutefois, il ne s'agit cette fois pas d'un Saut à l'élastique pour le futur marié uniquement mais d'un Saut à l'élastique par personne .</p>
<p><strong>À Cracovie :</strong> La guide et le minibus vous récupèrent à votre hébergement ou en centre ville de Cracovie et vous accompagnent sur le site de l'activité. Au moins un saut par participant ;) Instructeur et matériel de sécurité complète. Retour en minibus privatisé.</p>

<!-- BLOC D — Ce qui est inclus -->
<h2>Ce qui est inclus dans un saut elastique EVG</h2>
<ul>
  <li>Tout le groupe saute</li>
  <li>30 minutes d'activité par personne</li>
  <li>1 instructeur local pour vous encadrer</li>
  <li>1 guide locale anglophone pour vous accompagner</li>
  <li>Transfert aller-retour en minibus privatisé</li>
  <li>Disponible entre avril et octobre</li>
  <li>Instructeur qualifié</li>
  <li>Matériel de sécurité</li>
  <li>Un saut par personne</li>
  <li>Transfert A/R en minibus privatisé</li>
</ul>

<!-- BLOC E — Tarif -->
<h2>Combien coûte un saut elastique EVG ?</h2>
<table>
  <thead><tr><th>Critère</th><th>Fourchette</th><th>Précisions</th></tr></thead>
  <tbody>
    <tr><td>Tarif</td><td><strong>89 € à 149 € par personne</strong></td><td>Selon la destination et la formule</td></tr>
    <tr><td>Durée</td><td>1h à 4h</td><td>Transferts inclus selon les destinations</td></tr>
    <tr><td>Taille du groupe</td><td>Selon la formule, généralement 4 à 15+ pers.</td><td>Au-delà : créneaux multiples</td></tr>
    <tr><td>Nombre de destinations</td><td>4</td><td>Voir la grille ci-dessous</td></tr>
    <tr><td>Délai de réservation</td><td>5 à 14 jours</td><td>Selon la destination et la saison</td></tr>
  </tbody>
</table>

<!-- BLOC F — Destinations -->
<h2>Où faire un saut elastique pour un EVG ?</h2>
<p>L'activité <strong>Saut à l'élastique EVG</strong> est disponible dans <strong>4 destinations</strong> Crazy-EVG : Cracovie, Porto, Prague, Varsovie.</p>

<!-- BLOC G — Comparatif destinations -->
<h3>Comparatif rapide des destinations</h3>
<ul>
  <li><strong><a href=""https://www.crazy-evg.com/enterrement-de-vie-de-garcon-prague/saut-elastique-activites"">Saut Elastique EVG à Prague</a></strong> — Le Saut à l'élastique est quand même une activité phare pour un EVG. Toutefois, il ne s'agit cette fois pas d'un Saut à l'élastique pour le futur marié uniquement mais d'un Saut à l'élastique par personne . L'expression : ""Un pour tous et tous pour un"" prend donc tout son sens po</li>
  <li><strong><a href=""https://www.crazy-evg.com/enterrement-de-vie-de-garcon-cracovie/saut-elastique-activites"">Saut Elastique EVG à Cracovie</a></strong> — La guide et le minibus vous récupèrent à votre hébergement ou en centre ville de Cracovie et vous accompagnent sur le site de l'activité. Au moins un saut par participant ;) Instructeur et matériel de sécurité complète. Retour en minibus privatisé. Sensations fortes garanties ! P</li>
  <li><strong><a href=""https://www.crazy-evg.com/enterrement-de-vie-de-garcon-varsovie/saut-elastique-activites"">Saut Elastique EVG à Varsovie</a></strong> — La guide et le minibus vous récupèrent à votre hébergement ou en centre ville de Varsovie et vous accompagnent sur le site de l'activité. Au moins un saut par participant, depuis un perchoir de 30 m de hauteur. Instructeur et matériel de sécurité complet. Retour en minibus privat</li>
</ul>

<!-- BLOC H — Activités liées -->
<h2>Ces activités EVG vont aussi vous plaire</h2>
<ul>
  <li><a href=""https://www.crazy-evg.com/activity-category/faux-saut-elastique-evg"">Faux saut à l'élastique EVG</a></li>
  <li><a href=""https://www.crazy-evg.com/activity-category/saut-en-parachute-evg"">Saut en parachute EVG</a></li>
  <li><a href=""https://www.crazy-evg.com/activity-category/chute-libre-evg"">Chute libre EVG</a></li>
  <li><a href=""https://www.crazy-evg.com/activity-category/canyoning-evg"">Canyoning EVG</a></li>
  <li><a href=""https://www.crazy-evg.com/activity-category/parapente-evg"">Parapente EVG</a></li>
</ul>

<!-- BLOC I — FAQ -->
<h2>FAQ — Saut à l'élastique EVG</h2>

<h3>Combien coûte un saut elastique pour un EVG ?</h3>
<p>Le tarif d'un saut elastique EVG est compris <strong>entre 89 € et 149 € par personne</strong>. Le prix varie selon la destination, la taille du groupe et les options choisies. Demandez un <a href=""https://www.crazy-evg.com/devis"">devis en 1 minute</a> pour un tarif personnalisé.</p>

<h3>Combien de temps dure un saut elastique EVG ?</h3>
<p>La durée varie selon la formule, généralement <strong>entre 1h et 4h transferts inclus</strong>. Consultez la fiche détaillée de chaque destination pour le programme précis.</p>

<h3>Faut-il un niveau particulier pour faire un saut elastique EVG ?</h3>
<p>Aucun niveau requis. Toutes nos sessions sont <strong>encadrées par un instructeur professionnel</strong> qui assure le briefing et l'accompagnement. L'activité est accessible aux débutants.</p>

<h3>À partir de combien de personnes peut-on réserver un saut elastique EVG ?</h3>
<p>La majorité de nos partenaires acceptent les groupes <strong>à partir de 4 à 6 personnes</strong>. Au-delà de 12-15 participants, plusieurs créneaux sont organisés. Les conditions exactes varient selon la destination.</p>

<h3>Que faut-il prévoir pour un saut elastique EVG ?</h3>
<p>Une <strong>pièce d'identité valide</strong> est généralement demandée. Le matériel et l'encadrement sont fournis par notre partenaire local. Prévoyez une tenue adaptée et des chaussures fermées. Détails complets fournis à la réservation.</p>

<h3>Dans quelles villes peut-on faire un saut elastique EVG ?</h3>
<p>L'activité est disponible dans <strong>4 destinations</strong> Crazy-EVG : Cracovie, Porto, Prague, Varsovie.</p>

<h3>Comment réserver un saut elastique EVG ?</h3>
<p>Demandez un <a href=""https://www.crazy-evg.com/devis"">devis en 1 minute</a> sur Crazy-EVG. Notre équipe revient vers vous sous 24h avec un programme sur mesure et un tarif détaillé pour votre groupe.</p>
","955","{
  ""@context"": ""https://schema.org"",
  ""@graph"": [
    {
      ""@type"": ""Service"",
      ""@id"": ""https://www.crazy-evg.com/activity-category/saut-elastique-evg#service"",
      ""name"": ""Saut à l'élastique EVG"",
      ""alternateName"": ""evg saut élastique"",
      ""description"": ""EVG saut à l'élastique : grand saut depuis un pont ou une grue, encadrement pro. 4 destinations. Adrénaline maximum pour son enterrement."",
      ""serviceType"": ""Activité EVG"",
      ""category"": ""Enterrement de vie de garçon"",
      ""url"": ""https://www.crazy-evg.com/activity-category/saut-elastique-evg"",
      ""provider"": {
        ""@type"": ""Organization"",
        ""@id"": ""https://www.crazy-evg.com/#organization"",
        ""name"": ""Crazy-EVG"",
        ""url"": ""https://www.crazy-evg.com"",
        ""telephone"": ""+33176215730"",
        ""email"": ""contact@crazy-evg.com"",
        ""address"": {
          ""@type"": ""PostalAddress"",
          ""streetAddress"": ""8 rue du Faubourg Poissonnière"",
          ""postalCode"": ""75010"",
          ""addressLocality"": ""Paris"",
          ""addressCountry"": ""FR""
        }
      },
      ""areaServed"": [
        {
          ""@type"": ""City"",
          ""name"": ""Cracovie""
        },
        {
          ""@type"": ""City"",
          ""name"": ""Porto""
        },
        {
          ""@type"": ""City"",
          ""name"": ""Prague""
        },
        {
          ""@type"": ""City"",
          ""name"": ""Varsovie""
        }
      ],
      ""audience"": {
        ""@type"": ""Audience"",
        ""audienceType"": ""Groupe d'amis - Enterrement de vie de garçon"",
        ""suggestedMinAge"": 18
      },
      ""offers"": {
        ""@type"": ""AggregateOffer"",
        ""priceCurrency"": ""EUR"",
        ""lowPrice"": ""89"",
        ""highPrice"": ""149"",
        ""offerCount"": ""4"",
        ""availability"": ""https://schema.org/InStock""
      }
    },
    {
      ""@type"": ""FAQPage"",
      ""@id"": ""https://www.crazy-evg.com/activity-category/saut-elastique-evg#faq"",
      ""mainEntity"": [
        {
          ""@type"": ""Question"",
          ""name"": ""Combien coûte un saut elastique pour un EVG ?"",
          ""acceptedAnswer"": {
            ""@type"": ""Answer"",
            ""text"": ""Le tarif d'un saut elastique EVG est compris entre 89 € et 149 € par personne. Le prix varie selon la destination, la taille du groupe et les options choisies. Demandez un devis en 1 minute pour un tarif personnalisé.""
          }
        },
        {
          ""@type"": ""Question"",
          ""name"": ""Combien de temps dure un saut elastique EVG ?"",
          ""acceptedAnswer"": {
            ""@type"": ""Answer"",
            ""text"": ""La durée varie selon la formule, généralement entre 1h et 4h transferts inclus. Consultez la fiche détaillée de chaque destination pour le programme précis.""
          }
        },
        {
          ""@type"": ""Question"",
          ""name"": ""Faut-il un niveau particulier pour faire un saut elastique EVG ?"",
          ""acceptedAnswer"": {
            ""@type"": ""Answer"",
            ""text"": ""Aucun niveau requis. Toutes nos sessions sont encadrées par un instructeur professionnel qui assure le briefing et l'accompagnement. L'activité est accessible aux débutants.""
          }
        },
        {
          ""@type"": ""Question"",
          ""name"": ""À partir de combien de personnes peut-on réserver un saut elastique EVG ?"",
          ""acceptedAnswer"": {
            ""@type"": ""Answer"",
            ""text"": ""La majorité de nos partenaires acceptent les groupes à partir de 4 à 6 personnes. Les conditions exactes varient selon la destination. Au-delà de 12-15 participants, plusieurs créneaux sont organisés.""
          }
        },
        {
          ""@type"": ""Question"",
          ""name"": ""Que faut-il prévoir pour un saut elastique EVG ?"",
          ""acceptedAnswer"": {
            ""@type"": ""Answer"",
            ""text"": ""Une pièce d'identité valide est généralement demandée. Le matériel et l'encadrement sont fournis par notre partenaire local. Prévoyez une tenue adaptée et des chaussures fermées. Détails complets fournis à la réservation.""
          }
        },
        {
          ""@type"": ""Question"",
          ""name"": ""Dans quelles villes peut-on faire un saut elastique EVG ?"",
          ""acceptedAnswer"": {
            ""@type"": ""Answer"",
            ""text"": ""L'activité saut elastique est disponible dans 4 destinations Crazy-EVG : Cracovie, Porto, Prague, Varsovie.""
          }
        },
        {
          ""@type"": ""Question"",
          ""name"": ""Comment réserver un saut elastique EVG ?"",
          ""acceptedAnswer"": {
            ""@type"": ""Answer"",
            ""text"": ""Demandez un devis en 1 minute sur Crazy-EVG. Notre équipe revient vers vous sous 24h avec un programme sur mesure et un tarif détaillé pour votre groupe.""
          }
        }
      ]
    },
    {
      ""@type"": ""BreadcrumbList"",
      ""@id"": ""https://www.crazy-evg.com/activity-category/saut-elastique-evg#breadcrumb"",
      ""itemListElement"": [
        {
          ""@type"": ""ListItem"",
          ""position"": 1,
          ""name"": ""Accueil"",
          ""item"": ""https://www.crazy-evg.com/""
        },
        {
          ""@type"": ""ListItem"",
          ""position"": 2,
          ""name"": ""Activités EVG"",
          ""item"": ""https://www.crazy-evg.com/activites-evg""
        },
        {
          ""@type"": ""ListItem"",
          ""position"": 3,
          ""name"": ""Saut à l'élastique EVG : grand saut entre potes"",
          ""item"": ""https://www.crazy-evg.com/activity-category/saut-elastique-evg""
        }
      ]
    }
  ]
}","5537"
"https://www.crazy-evg.com/activity-category/sexy-combat-evg","sexy-combat-evg","Sexy Combat","P2 - Sleeping giant","Optimisée","combat sexy","#N/A","#N/A","Combat sexy EVG : lutte avec stripteaseuses | Crazy-EVG","55","Combat sexy EVG : combat fun face à des stripteaseuses dans un ring privatisé. Une animation unique pour un enterrement de vie de garçon.","137","Combat sexy EVG","18","456","0,03947368","22,6754386","<!-- Page: https://www.crazy-evg.com/activity-category/sexy-combat-evg -->
<!-- Title: Combat sexy EVG : lutte avec stripteaseuses | Crazy-EVG -->
<!-- Meta: Combat sexy EVG : combat fun face à des stripteaseuses dans un ring privatisé. Une animation unique pour un enterrement de vie de garçon. -->

<h1>Combat sexy EVG</h1>

<!-- BLOC A — Introduction -->
<p>Le <strong>combat sexy EVG</strong> est l'animation décalée par excellence : un <strong>ring privatisé</strong>, deux stripteaseuses (ou une stripteaseuse face au futur marié), et un combat fun chorégraphié — version <em>jelly wrestling</em>, lutte mousse ou catch fémin. Plus drôle qu'érotique, le combat sexy est une animation 100 % photogénique.</p>
<p>Disponible dans 12 destinations Crazy-EVG, le <strong>sexy combat</strong> se distingue des autres animations strip par son côté <strong>spectacle complet</strong>. Comptez 30 à 45 minutes d'animation, avec arène privatisée et accessoires (gel, mousse, gants gonflables selon les formules).</p>

<!-- BLOC B — Pourquoi choisir -->
<h2>Pourquoi choisir le sexy combat pour son EVG ?</h2>
<ul>
  <li><strong>Animation unique :</strong> ni show classique ni lap dance, mais combat chorégraphié.</li>
  <li><strong>Photogénique au possible :</strong> les photos en font des cartes postales d'EVG.</li>
  <li><strong>Le marié peut participer :</strong> selon les formules, il peut aussi monter sur le ring.</li>
  <li><strong>Format court et intense :</strong> 30-45 min, parfait en complément d'une autre animation.</li>
</ul>

<!-- BLOC C — L'expérience en détail -->
<h2>L'expérience sexy combat en détail</h2>
<p>Combat type :</p>
<p><strong>À Amsterdam :</strong> Le Combat Sexy est l'activité ultime pour charrier le futur marié lors de son enterrement de vie de garçon à Amsterdam. En effet, si vous voulez vous taper des barres de rire lors de l'EVG avec votre ami, c'est l'activité à faire : le futur marié, en sous vêtements, se fait malmener par deux bombes </p>
<p><strong>À Berlin :</strong> Lors d'un enterrement de vie de garçon à Berlin, on se doit d'être original et créatif ! Que pensez-vous d'un combat dans l'huile entre nos 2 lutteuses et le futur marié ? Les 2 lutteuses qui sont en faites des stripteaseuses commencent une lutte sexy avant d'inviter le marié à se joindre à elles ! </p>

<!-- BLOC D — Ce qui est inclus -->
<h2>Ce qui est inclus dans un sexy combat EVG</h2>
<ul>
  <li>Show lesbien entre deux stripteaseuses</li>
  <li>Piscine gonflable remplie de gelée/huile</li>
  <li>Uniquement possible si vous avez loué un appartement ou une villa</li>
  <li>Durée: environ 10 minutes</li>
  <li>1 bière par personne</li>
  <li>Le spectacle dure 12 à 15 minutes</li>
  <li>Les strip-teaseuses sont seins nus pendant le spectacle</li>
  <li>1 tournée de bières</li>
  <li>Transfert à vos frais (l’emplacement est central)</li>
  <li>Douches sur place (attention, à apporter une serviette et des claquettes)</li>
</ul>

<!-- BLOC E — Tarif -->
<h2>Combien coûte un sexy combat EVG ?</h2>
<table>
  <thead><tr><th>Critère</th><th>Fourchette</th><th>Précisions</th></tr></thead>
  <tbody>
    <tr><td>Tarif</td><td><strong>180 € à 320 € en forfait pour le groupe</strong></td><td>Selon la destination et la formule</td></tr>
    <tr><td>Durée</td><td>1h à 4h</td><td>Transferts inclus selon les destinations</td></tr>
    <tr><td>Taille du groupe</td><td>Idéal entre 6 et 15 pers.</td><td>Au-delà : créneaux multiples</td></tr>
    <tr><td>Nombre de destinations</td><td>12</td><td>Voir la grille ci-dessous</td></tr>
    <tr><td>Délai de réservation</td><td>5 à 14 jours</td><td>Selon la destination et la saison</td></tr>
  </tbody>
</table>

<!-- BLOC F — Destinations -->
<h2>Où faire un sexy combat pour un EVG ?</h2>
<p>L'activité <strong>Combat sexy EVG</strong> est disponible dans <strong>12 destinations</strong> Crazy-EVG : Albufeira, Amsterdam, Barcelone, Berlin, Budapest, Cracovie, Lisbonne, Madrid, Majorque, Marbella, Porto, Prague.</p>

<!-- BLOC G — Comparatif destinations -->
<h3>Comparatif rapide des destinations</h3>
<ul>
  <li><strong><a href=""https://www.crazy-evg.com/enterrement-de-vie-de-garcon-amsterdam/sexy-combat-activites"">Sexy Combat EVG à Amsterdam</a></strong> — Le Combat Sexy est l'activité ultime pour charrier le futur marié lors de son enterrement de vie de garçon à Amsterdam. En effet, si vous voulez vous taper des barres de rire lors de l'EVG avec votre ami, c'est l'activité à faire : le futur marié, en sous vêtements, se fait malme</li>
  <li><strong><a href=""https://www.crazy-evg.com/enterrement-de-vie-de-garcon-berlin/sexy-combat-activites"">Sexy Combat EVG à Berlin</a></strong> — Lors d'un enterrement de vie de garçon à Berlin, on se doit d'être original et créatif ! Que pensez-vous d'un combat dans l'huile entre nos 2 lutteuses et le futur marié ? Les 2 lutteuses qui sont en faites des stripteaseuses commencent une lutte sexy avant d'inviter le marié à s</li>
  <li><strong><a href=""https://www.crazy-evg.com/enterrement-de-vie-de-garcon-budapest/sexy-combat-activites"">Sexy Combat EVG à Budapest</a></strong> — Et si pour votre enterrement de vie de garçon à Budapest, vous offrez au futur marié un Combat Sexy Ces ""féroces"" guerrières ne vous surprendront pas que pour leur aptitude au combat. Le futur marié devra les affronter dans une simulation de catch ! De quoi rendre son EVG à Budap</li>
</ul>

<!-- BLOC H — Activités liées -->
<h2>Ces activités EVG vont aussi vous plaire</h2>
<ul>
  <li><a href=""https://www.crazy-evg.com/activity-category/combat-chien-evg"">Combat Man vs Dog EVG</a></li>
  <li><a href=""https://www.crazy-evg.com/activity-category/kidnapping-evg"">Kidnapping EVG</a></li>
  <li><a href=""https://www.crazy-evg.com/activity-category/sexy-reveil-evg"">Réveil coquin EVG</a></li>
  <li><a href=""https://www.crazy-evg.com/activity-category/striptease-domicile-evg"">Strip-tease à domicile EVG</a></li>
  <li><a href=""https://www.crazy-evg.com/activity-category/poker-sexy-evg"">Strip poker EVG</a></li>
</ul>

<!-- BLOC I — FAQ -->
<h2>FAQ — Combat sexy EVG</h2>

<h3>Combien coûte un sexy combat pour un EVG ?</h3>
<p>Le tarif d'un sexy combat EVG est compris <strong>entre 180 € et 320 € en forfait pour le groupe entier</strong>. Le prix varie selon la destination, la taille du groupe et les options choisies. Demandez un <a href=""https://www.crazy-evg.com/devis"">devis en 1 minute</a> pour un tarif personnalisé.</p>

<h3>Combien de temps dure un sexy combat EVG ?</h3>
<p>La durée varie selon la formule, généralement <strong>entre 1h et 4h transferts inclus</strong>. Consultez la fiche détaillée de chaque destination pour le programme précis.</p>

<h3>Faut-il un niveau particulier pour faire un sexy combat EVG ?</h3>
<p>Aucun niveau requis. Toutes nos sessions sont <strong>encadrées par un instructeur professionnel</strong> qui assure le briefing et l'accompagnement. L'activité est accessible aux débutants.</p>

<h3>À partir de combien de personnes peut-on réserver un sexy combat EVG ?</h3>
<p>La majorité de nos partenaires acceptent les groupes <strong>à partir de 4 à 6 personnes</strong>. Au-delà de 12-15 participants, plusieurs créneaux sont organisés. Les conditions exactes varient selon la destination.</p>

<h3>Que faut-il prévoir pour un sexy combat EVG ?</h3>
<p>Une <strong>pièce d'identité valide</strong> est généralement demandée. Le matériel et l'encadrement sont fournis par notre partenaire local. Prévoyez une tenue adaptée et des chaussures fermées. Détails complets fournis à la réservation.</p>

<h3>Dans quelles villes peut-on faire un sexy combat EVG ?</h3>
<p>L'activité est disponible dans <strong>12 destinations</strong> Crazy-EVG : Albufeira, Amsterdam, Barcelone, Berlin, Budapest, Cracovie, Lisbonne, Madrid, Majorque, Marbella, Porto, Prague.</p>

<h3>Comment réserver un sexy combat EVG ?</h3>
<p>Demandez un <a href=""https://www.crazy-evg.com/devis"">devis en 1 minute</a> sur Crazy-EVG. Notre équipe revient vers vous sous 24h avec un programme sur mesure et un tarif détaillé pour votre groupe.</p>
","1039","{
  ""@context"": ""https://schema.org"",
  ""@graph"": [
    {
      ""@type"": ""Service"",
      ""@id"": ""https://www.crazy-evg.com/activity-category/sexy-combat-evg#service"",
      ""name"": ""Combat sexy EVG"",
      ""alternateName"": ""combat sexy"",
      ""description"": ""Combat sexy EVG : combat fun face à des stripteaseuses dans un ring privatisé. Une animation unique pour un enterrement de vie de garçon."",
      ""serviceType"": ""Activité EVG"",
      ""category"": ""Enterrement de vie de garçon"",
      ""url"": ""https://www.crazy-evg.com/activity-category/sexy-combat-evg"",
      ""provider"": {
        ""@type"": ""Organization"",
        ""@id"": ""https://www.crazy-evg.com/#organization"",
        ""name"": ""Crazy-EVG"",
        ""url"": ""https://www.crazy-evg.com"",
        ""telephone"": ""+33176215730"",
        ""email"": ""contact@crazy-evg.com"",
        ""address"": {
          ""@type"": ""PostalAddress"",
          ""streetAddress"": ""8 rue du Faubourg Poissonnière"",
          ""postalCode"": ""75010"",
          ""addressLocality"": ""Paris"",
          ""addressCountry"": ""FR""
        }
      },
      ""areaServed"": [
        {
          ""@type"": ""City"",
          ""name"": ""Albufeira""
        },
        {
          ""@type"": ""City"",
          ""name"": ""Amsterdam""
        },
        {
          ""@type"": ""City"",
          ""name"": ""Barcelone""
        },
        {
          ""@type"": ""City"",
          ""name"": ""Berlin""
        },
        {
          ""@type"": ""City"",
          ""name"": ""Budapest""
        },
        {
          ""@type"": ""City"",
          ""name"": ""Cracovie""
        },
        {
          ""@type"": ""City"",
          ""name"": ""Lisbonne""
        },
        {
          ""@type"": ""City"",
          ""name"": ""Madrid""
        },
        {
          ""@type"": ""City"",
          ""name"": ""Majorque""
        },
        {
          ""@type"": ""City"",
          ""name"": ""Marbella""
        },
        {
          ""@type"": ""City"",
          ""name"": ""Porto""
        },
        {
          ""@type"": ""City"",
          ""name"": ""Prague""
        }
      ],
      ""audience"": {
        ""@type"": ""Audience"",
        ""audienceType"": ""Groupe d'amis - Enterrement de vie de garçon"",
        ""suggestedMinAge"": 18
      },
      ""offers"": {
        ""@type"": ""AggregateOffer"",
        ""priceCurrency"": ""EUR"",
        ""lowPrice"": ""180"",
        ""highPrice"": ""320"",
        ""offerCount"": ""12"",
        ""availability"": ""https://schema.org/InStock""
      }
    },
    {
      ""@type"": ""FAQPage"",
      ""@id"": ""https://www.crazy-evg.com/activity-category/sexy-combat-evg#faq"",
      ""mainEntity"": [
        {
          ""@type"": ""Question"",
          ""name"": ""Combien coûte un sexy combat pour un EVG ?"",
          ""acceptedAnswer"": {
            ""@type"": ""Answer"",
            ""text"": ""Le tarif d'un sexy combat EVG est compris entre 180 € et 320 € en forfait pour le groupe. Le prix varie selon la destination, la taille du groupe et les options choisies. Demandez un devis en 1 minute pour un tarif personnalisé.""
          }
        },
        {
          ""@type"": ""Question"",
          ""name"": ""Combien de temps dure un sexy combat EVG ?"",
          ""acceptedAnswer"": {
            ""@type"": ""Answer"",
            ""text"": ""La durée varie selon la formule, généralement entre 1h et 4h transferts inclus. Consultez la fiche détaillée de chaque destination pour le programme précis.""
          }
        },
        {
          ""@type"": ""Question"",
          ""name"": ""Faut-il un niveau particulier pour faire un sexy combat EVG ?"",
          ""acceptedAnswer"": {
            ""@type"": ""Answer"",
            ""text"": ""Aucun niveau requis. Toutes nos sessions sont encadrées par un instructeur professionnel qui assure le briefing et l'accompagnement. L'activité est accessible aux débutants.""
          }
        },
        {
          ""@type"": ""Question"",
          ""name"": ""À partir de combien de personnes peut-on réserver un sexy combat EVG ?"",
          ""acceptedAnswer"": {
            ""@type"": ""Answer"",
            ""text"": ""La majorité de nos partenaires acceptent les groupes à partir de 4 à 6 personnes. Les conditions exactes varient selon la destination. Au-delà de 12-15 participants, plusieurs créneaux sont organisés.""
          }
        },
        {
          ""@type"": ""Question"",
          ""name"": ""Que faut-il prévoir pour un sexy combat EVG ?"",
          ""acceptedAnswer"": {
            ""@type"": ""Answer"",
            ""text"": ""Une pièce d'identité valide est généralement demandée. Le matériel et l'encadrement sont fournis par notre partenaire local. Prévoyez une tenue adaptée et des chaussures fermées. Détails complets fournis à la réservation.""
          }
        },
        {
          ""@type"": ""Question"",
          ""name"": ""Dans quelles villes peut-on faire un sexy combat EVG ?"",
          ""acceptedAnswer"": {
            ""@type"": ""Answer"",
            ""text"": ""L'activité sexy combat est disponible dans 12 destinations Crazy-EVG : Albufeira, Amsterdam, Barcelone, Berlin, Budapest, Cracovie, Lisbonne, Madrid, Majorque, Marbella, Porto, Prague.""
          }
        },
        {
          ""@type"": ""Question"",
          ""name"": ""Comment réserver un sexy combat EVG ?"",
          ""acceptedAnswer"": {
            ""@type"": ""Answer"",
            ""text"": ""Demandez un devis en 1 minute sur Crazy-EVG. Notre équipe revient vers vous sous 24h avec un programme sur mesure et un tarif détaillé pour votre groupe.""
          }
        }
      ]
    },
    {
      ""@type"": ""BreadcrumbList"",
      ""@id"": ""https://www.crazy-evg.com/activity-category/sexy-combat-evg#breadcrumb"",
      ""itemListElement"": [
        {
          ""@type"": ""ListItem"",
          ""position"": 1,
          ""name"": ""Accueil"",
          ""item"": ""https://www.crazy-evg.com/""
        },
        {
          ""@type"": ""ListItem"",
          ""position"": 2,
          ""name"": ""Activités EVG"",
          ""item"": ""https://www.crazy-evg.com/activites-evg""
        },
        {
          ""@type"": ""ListItem"",
          ""position"": 3,
          ""name"": ""Combat sexy EVG : lutte avec stripteaseuses"",
          ""item"": ""https://www.crazy-evg.com/activity-category/sexy-combat-evg""
        }
      ]
    }
  ]
}","6183"
"https://www.crazy-evg.com/activity-category/chute-libre-evg","chute-libre-evg","Chute Libre","P2 - Sleeping giant","","chute libre evg","Chute libre | Activité EVG | Crazy-EVG","Pour votre enterrement de vie de garçon, faites l'expérience d'une simultaiton de chute libre dans les airs. N'ayez pas peur, faites le grand saut pour votre EVG.","Chute libre EVG : simulateur en soufflerie | Crazy-EVG","54","Chute libre EVG : simulateur indoor en soufflerie, sensation de saut en parachute en toute sécurité. 7 destinations. Idéal pour son enterrement.","144","Chute libre indoor EVG","1","16","0,0625","23,25","<!-- Page: https://www.crazy-evg.com/activity-category/chute-libre-evg -->
<!-- Title: Chute libre EVG : simulateur en soufflerie | Crazy-EVG -->
<!-- Meta: Chute libre EVG : simulateur indoor en soufflerie, sensation de saut en parachute en toute sécurité. 7 destinations. Idéal pour son enterrement. -->

<h1>Chute libre indoor EVG</h1>

<!-- BLOC A — Introduction -->
<p>La <strong>chute libre indoor EVG</strong> reproduit en toute sécurité la sensation de saut en parachute : <strong>simulateur en soufflerie</strong> avec ventilateurs à très haute puissance qui génèrent un vent vertical permettant de <strong>flotter à 1 mètre du sol</strong>. Encadré par un instructeur, accessible à toute personne en bonne santé.</p>
<p>Disponible dans 7 destinations Crazy-EVG, la <strong>chute libre EVG</strong> est l'alternative parfaite au vrai saut en parachute : tout le fun, sans la peur, sans les conditions météo. Sessions de 2 à 3 minutes par participant, en moyenne 4-6 vols dans la session totale.</p>

<!-- BLOC B — Pourquoi choisir -->
<h2>Pourquoi choisir le chute libre pour son EVG ?</h2>
<ul>
  <li><strong>Sensation de chute libre :</strong> identique au vrai saut, en toute sécurité.</li>
  <li><strong>Indoor toute l'année :</strong> aucune dépendance météo, créneaux fixes.</li>
  <li><strong>Accessible à tous :</strong> de 5 ans à 100 ans, aucun niveau requis.</li>
  <li><strong>Encadrement pro :</strong> instructeur en permanence, briefing complet.</li>
</ul>

<!-- BLOC C — L'expérience en détail -->
<h2>L'expérience chute libre en détail</h2>
<p>Session type :</p>
<p><strong>À Budapest :</strong> Vous voulez faire une activité totalement folle pendant un enterrement de vie de garçon à Budapest ? Alors, essayez la chute libre indoor ! Vous avez peur de vous jeter d'un avion (un peu normal), mais vous rêvez d'avoir les sensations incroyables d'une chute libre dans les airs ? Cette activité est</p>
<p><strong>À Paris :</strong> Situé en plein cœur de Paris, le centre vous fera un accueil des plus chaleureux. Chacun d'entre vous aura le droit à 1mn de chute libre, dans cette soufflerie indoor.</p>

<!-- BLOC D — Ce qui est inclus -->
<h2>Ce qui est inclus dans un chute libre EVG</h2>
<ul>
  <li>Présence d'un instructeur local</li>
  <li>Matériel complet de sécurité</li>
  <li>Briefing</li>
  <li>Equipement complet</li>
  <li>2 minutes de temps de vol par personne</li>
  <li>Certificat de vol</li>
  <li>Une boisson par personne non alcoolisée</li>
  <li>Deux sessions de 1 minute de simulation de l'expérience de chute libre par personne</li>
  <li>Vidéo gratuite + photos de vos sessions</li>
  <li>Combinaison, casque et des lunettes sont fournies (les chaussures de sport sont nécessaires)</li>
</ul>

<!-- BLOC E — Tarif -->
<h2>Combien coûte un chute libre EVG ?</h2>
<table>
  <thead><tr><th>Critère</th><th>Fourchette</th><th>Précisions</th></tr></thead>
  <tbody>
    <tr><td>Tarif</td><td><strong>59 € à 99 € par personne</strong></td><td>Selon la destination et la formule</td></tr>
    <tr><td>Durée</td><td>1h à 4h</td><td>Transferts inclus selon les destinations</td></tr>
    <tr><td>Taille du groupe</td><td>Selon la formule, généralement 4 à 15+ pers.</td><td>Au-delà : créneaux multiples</td></tr>
    <tr><td>Nombre de destinations</td><td>7</td><td>Voir la grille ci-dessous</td></tr>
    <tr><td>Délai de réservation</td><td>5 à 14 jours</td><td>Selon la destination et la saison</td></tr>
  </tbody>
</table>

<!-- BLOC F — Destinations -->
<h2>Où faire un chute libre pour un EVG ?</h2>
<p>L'activité <strong>Chute libre indoor EVG</strong> est disponible dans <strong>7 destinations</strong> Crazy-EVG : Berlin, Budapest, Montpellier, Paris, Porto, Prague, Varsovie.</p>

<!-- BLOC G — Comparatif destinations -->
<h3>Comparatif rapide des destinations</h3>
<ul>
  <li><strong><a href=""https://www.crazy-evg.com/enterrement-de-vie-de-garcon-budapest/chute-libre-activites"">Chute Libre EVG à Budapest</a></strong> — Vous voulez faire une activité totalement folle pendant un enterrement de vie de garçon à Budapest ? Alors, essayez la chute libre indoor ! Vous avez peur de vous jeter d'un avion (un peu normal), mais vous rêvez d'avoir les sensations incroyables d'une chute libre dans les airs </li>
  <li><strong><a href=""https://www.crazy-evg.com/enterrement-de-vie-de-garcon-paris/chute-libre-activites"">Chute Libre EVG à Paris</a></strong> — Situé en plein cœur de Paris, le centre vous fera un accueil des plus chaleureux. Chacun d'entre vous aura le droit à 1mn de chute libre, dans cette soufflerie indoor. Le futur marié bénéficiera quant à lui d'une double durée d'activité ! Tout le groupe aura l'opportunité de vivr</li>
  <li><strong><a href=""https://www.crazy-evg.com/enterrement-de-vie-de-garcon-varsovie/chute-libre-activites"">Chute Libre EVG à Varsovie</a></strong> — Envoyez vous en l'air avec le futur marié grâce à notre Chute Libre Indoor lors de votre enterrement de vie de garçon à Varsovie ! Vous ne connaissez pas le concept ? La Chute Libre Indoor, c'est un moment de sensations à l'intérieur d'une soufflerie. Vous effectuez deux sessions</li>
</ul>

<!-- BLOC H — Activités liées -->
<h2>Ces activités EVG vont aussi vous plaire</h2>
<ul>
  <li><a href=""https://www.crazy-evg.com/activity-category/saut-en-parachute-evg"">Saut en parachute EVG</a></li>
  <li><a href=""https://www.crazy-evg.com/activity-category/saut-elastique-evg"">Saut à l'élastique EVG</a></li>
  <li><a href=""https://www.crazy-evg.com/activity-category/parapente-evg"">Parapente EVG</a></li>
  <li><a href=""https://www.crazy-evg.com/activity-category/flyboard-evg"">Flyboard EVG</a></li>
  <li><a href=""https://www.crazy-evg.com/activity-category/canyoning-evg"">Canyoning EVG</a></li>
</ul>

<!-- BLOC I — FAQ -->
<h2>FAQ — Chute libre indoor EVG</h2>

<h3>Combien coûte un chute libre pour un EVG ?</h3>
<p>Le tarif d'un chute libre EVG est compris <strong>entre 59 € et 99 € par personne</strong>. Le prix varie selon la destination, la taille du groupe et les options choisies. Demandez un <a href=""https://www.crazy-evg.com/devis"">devis en 1 minute</a> pour un tarif personnalisé.</p>

<h3>Combien de temps dure un chute libre EVG ?</h3>
<p>La durée varie selon la formule, généralement <strong>entre 1h et 4h transferts inclus</strong>. Consultez la fiche détaillée de chaque destination pour le programme précis.</p>

<h3>Faut-il un niveau particulier pour faire un chute libre EVG ?</h3>
<p>Aucun niveau requis. Toutes nos sessions sont <strong>encadrées par un instructeur professionnel</strong> qui assure le briefing et l'accompagnement. L'activité est accessible aux débutants.</p>

<h3>À partir de combien de personnes peut-on réserver un chute libre EVG ?</h3>
<p>La majorité de nos partenaires acceptent les groupes <strong>à partir de 4 à 6 personnes</strong>. Au-delà de 12-15 participants, plusieurs créneaux sont organisés. Les conditions exactes varient selon la destination.</p>

<h3>Que faut-il prévoir pour un chute libre EVG ?</h3>
<p>Une <strong>pièce d'identité valide</strong> est généralement demandée. Le matériel et l'encadrement sont fournis par notre partenaire local. Prévoyez une tenue adaptée et des chaussures fermées. Détails complets fournis à la réservation.</p>

<h3>Dans quelles villes peut-on faire un chute libre EVG ?</h3>
<p>L'activité est disponible dans <strong>7 destinations</strong> Crazy-EVG : Berlin, Budapest, Montpellier, Paris, Porto, Prague, Varsovie.</p>

<h3>Comment réserver un chute libre EVG ?</h3>
<p>Demandez un <a href=""https://www.crazy-evg.com/devis"">devis en 1 minute</a> sur Crazy-EVG. Notre équipe revient vers vous sous 24h avec un programme sur mesure et un tarif détaillé pour votre groupe.</p>
","979","{
  ""@context"": ""https://schema.org"",
  ""@graph"": [
    {
      ""@type"": ""Service"",
      ""@id"": ""https://www.crazy-evg.com/activity-category/chute-libre-evg#service"",
      ""name"": ""Chute libre indoor EVG"",
      ""alternateName"": ""chute libre evg"",
      ""description"": ""Chute libre EVG : simulateur indoor en soufflerie, sensation de saut en parachute en toute sécurité. 7 destinations. Idéal pour son enterrement."",
      ""serviceType"": ""Activité EVG"",
      ""category"": ""Enterrement de vie de garçon"",
      ""url"": ""https://www.crazy-evg.com/activity-category/chute-libre-evg"",
      ""provider"": {
        ""@type"": ""Organization"",
        ""@id"": ""https://www.crazy-evg.com/#organization"",
        ""name"": ""Crazy-EVG"",
        ""url"": ""https://www.crazy-evg.com"",
        ""telephone"": ""+33176215730"",
        ""email"": ""contact@crazy-evg.com"",
        ""address"": {
          ""@type"": ""PostalAddress"",
          ""streetAddress"": ""8 rue du Faubourg Poissonnière"",
          ""postalCode"": ""75010"",
          ""addressLocality"": ""Paris"",
          ""addressCountry"": ""FR""
        }
      },
      ""areaServed"": [
        {
          ""@type"": ""City"",
          ""name"": ""Berlin""
        },
        {
          ""@type"": ""City"",
          ""name"": ""Budapest""
        },
        {
          ""@type"": ""City"",
          ""name"": ""Montpellier""
        },
        {
          ""@type"": ""City"",
          ""name"": ""Paris""
        },
        {
          ""@type"": ""City"",
          ""name"": ""Porto""
        },
        {
          ""@type"": ""City"",
          ""name"": ""Prague""
        },
        {
          ""@type"": ""City"",
          ""name"": ""Varsovie""
        }
      ],
      ""audience"": {
        ""@type"": ""Audience"",
        ""audienceType"": ""Groupe d'amis - Enterrement de vie de garçon"",
        ""suggestedMinAge"": 18
      },
      ""offers"": {
        ""@type"": ""AggregateOffer"",
        ""priceCurrency"": ""EUR"",
        ""lowPrice"": ""59"",
        ""highPrice"": ""99"",
        ""offerCount"": ""7"",
        ""availability"": ""https://schema.org/InStock""
      }
    },
    {
      ""@type"": ""FAQPage"",
      ""@id"": ""https://www.crazy-evg.com/activity-category/chute-libre-evg#faq"",
      ""mainEntity"": [
        {
          ""@type"": ""Question"",
          ""name"": ""Combien coûte un chute libre pour un EVG ?"",
          ""acceptedAnswer"": {
            ""@type"": ""Answer"",
            ""text"": ""Le tarif d'un chute libre EVG est compris entre 59 € et 99 € par personne. Le prix varie selon la destination, la taille du groupe et les options choisies. Demandez un devis en 1 minute pour un tarif personnalisé.""
          }
        },
        {
          ""@type"": ""Question"",
          ""name"": ""Combien de temps dure un chute libre EVG ?"",
          ""acceptedAnswer"": {
            ""@type"": ""Answer"",
            ""text"": ""La durée varie selon la formule, généralement entre 1h et 4h transferts inclus. Consultez la fiche détaillée de chaque destination pour le programme précis.""
          }
        },
        {
          ""@type"": ""Question"",
          ""name"": ""Faut-il un niveau particulier pour faire un chute libre EVG ?"",
          ""acceptedAnswer"": {
            ""@type"": ""Answer"",
            ""text"": ""Aucun niveau requis. Toutes nos sessions sont encadrées par un instructeur professionnel qui assure le briefing et l'accompagnement. L'activité est accessible aux débutants.""
          }
        },
        {
          ""@type"": ""Question"",
          ""name"": ""À partir de combien de personnes peut-on réserver un chute libre EVG ?"",
          ""acceptedAnswer"": {
            ""@type"": ""Answer"",
            ""text"": ""La majorité de nos partenaires acceptent les groupes à partir de 4 à 6 personnes. Les conditions exactes varient selon la destination. Au-delà de 12-15 participants, plusieurs créneaux sont organisés.""
          }
        },
        {
          ""@type"": ""Question"",
          ""name"": ""Que faut-il prévoir pour un chute libre EVG ?"",
          ""acceptedAnswer"": {
            ""@type"": ""Answer"",
            ""text"": ""Une pièce d'identité valide est généralement demandée. Le matériel et l'encadrement sont fournis par notre partenaire local. Prévoyez une tenue adaptée et des chaussures fermées. Détails complets fournis à la réservation.""
          }
        },
        {
          ""@type"": ""Question"",
          ""name"": ""Dans quelles villes peut-on faire un chute libre EVG ?"",
          ""acceptedAnswer"": {
            ""@type"": ""Answer"",
            ""text"": ""L'activité chute libre est disponible dans 7 destinations Crazy-EVG : Berlin, Budapest, Montpellier, Paris, Porto, Prague, Varsovie.""
          }
        },
        {
          ""@type"": ""Question"",
          ""name"": ""Comment réserver un chute libre EVG ?"",
          ""acceptedAnswer"": {
            ""@type"": ""Answer"",
            ""text"": ""Demandez un devis en 1 minute sur Crazy-EVG. Notre équipe revient vers vous sous 24h avec un programme sur mesure et un tarif détaillé pour votre groupe.""
          }
        }
      ]
    },
    {
      ""@type"": ""BreadcrumbList"",
      ""@id"": ""https://www.crazy-evg.com/activity-category/chute-libre-evg#breadcrumb"",
      ""itemListElement"": [
        {
          ""@type"": ""ListItem"",
          ""position"": 1,
          ""name"": ""Accueil"",
          ""item"": ""https://www.crazy-evg.com/""
        },
        {
          ""@type"": ""ListItem"",
          ""position"": 2,
          ""name"": ""Activités EVG"",
          ""item"": ""https://www.crazy-evg.com/activites-evg""
        },
        {
          ""@type"": ""ListItem"",
          ""position"": 3,
          ""name"": ""Chute libre EVG : simulateur en soufflerie"",
          ""item"": ""https://www.crazy-evg.com/activity-category/chute-libre-evg""
        }
      ]
    }
  ]
}","5744"
"https://www.crazy-evg.com/activity-category/paintball-evg","paintball-evg","Paintball","P2 - Sleeping giant","Optimisée","paintball evg","#N/A","#N/A","Paintball EVG : combat tactique entre potes | Crazy-EVG","55","Paintball EVG : combat sur terrain privatisé, équipement complet, billes incluses. 22 destinations. Le grand classique de l'enterrement de garçon.","146","Paintball EVG","2","1535","0,00130293","23,390228","<!-- Page: https://www.crazy-evg.com/activity-category/paintball-evg -->
<!-- Title: Paintball EVG : combat tactique entre potes | Crazy-EVG -->
<!-- Meta: Paintball EVG : combat sur terrain privatisé, équipement complet, billes incluses. 22 destinations. Le grand classique de l'enterrement de garçon. -->

<h1>Paintball EVG</h1>

<!-- BLOC A — Introduction -->
<p>Le <strong>paintball EVG</strong> est le grand classique des activités de combat : <strong>terrain extérieur ou indoor privatisé</strong>, équipement complet (masque, combinaison, marker), <strong>billes de peinture incluses</strong>, et bien sûr <strong>le futur marié comme cible désignée</strong>. Le format pratiquement universel des EVG sportifs.</p>
<p>Avec <strong>22 destinations couvertes</strong>, le paintball EVG est l'une des activités les plus accessibles du catalogue Crazy-EVG. Sessions de 2 à 3h, avec 200 à 500 billes selon les formules, sur des terrains thématiques (forêt, urbain, post-apocalyptique).</p>

<!-- BLOC B — Pourquoi choisir -->
<h2>Pourquoi choisir le paintball pour son EVG ?</h2>
<ul>
  <li><strong>Le grand classique :</strong> activité testée et plébiscitée par 90 % des groupes EVG.</li>
  <li><strong>Équipement complet fourni :</strong> masque, combinaison, marker, billes.</li>
  <li><strong>Terrains thématiques :</strong> forêt, urbain, post-apo selon les destinations.</li>
  <li><strong>Format flexible :</strong> 2 à 3h, scénarios variés, adapté à tous niveaux.</li>
</ul>

<!-- BLOC C — L'expérience en détail -->
<h2>L'expérience paintball en détail</h2>
<p>Format type :</p>
<p><strong>À Amsterdam :</strong> Un EVG sans Paintball c'est un peu comme une raclette sans fromage. Réservez ce classique des enterrements de vie de garçon pour votre week-end à Amsterdam pour un max d'amusement et de convivialité.</p>
<p><strong>À Barcelone :</strong> Quelle que soit votre destination, le Paintball est toujours l' activité indispensable à faire. Réservez l'activité phare des enterrements de vie de garçon pour votre séjour à Barcelone ! C'est une activité intense où vous sommes placés dans des situations un peu extrêmes.</p>

<!-- BLOC D — Ce qui est inclus -->
<h2>Ce qui est inclus dans un paintball EVG</h2>
<ul>
  <li>300 billes par personne</li>
  <li>Transfert A/R en minibus privatisé</li>
  <li>Min 6 personnes</li>
  <li>10 personnes minimum</li>
  <li>Présence de votre guide locale anglophone</li>
  <li>Équipement complet fourni</li>
  <li>Min 10 personnes</li>
  <li>200 billes par personne</li>
  <li>Terrain extérieur</li>
  <li>Équipement complet</li>
</ul>

<!-- BLOC E — Tarif -->
<h2>Combien coûte un paintball EVG ?</h2>
<table>
  <thead><tr><th>Critère</th><th>Fourchette</th><th>Précisions</th></tr></thead>
  <tbody>
    <tr><td>Tarif</td><td><strong>29 € à 59 € par personne</strong></td><td>Selon la destination et la formule</td></tr>
    <tr><td>Durée</td><td>1h à 4h</td><td>Transferts inclus selon les destinations</td></tr>
    <tr><td>Taille du groupe</td><td>Selon la formule, généralement 4 à 15+ pers.</td><td>Au-delà : créneaux multiples</td></tr>
    <tr><td>Nombre de destinations</td><td>22</td><td>Voir la grille ci-dessous</td></tr>
    <tr><td>Délai de réservation</td><td>5 à 14 jours</td><td>Selon la destination et la saison</td></tr>
  </tbody>
</table>

<!-- BLOC F — Destinations -->
<h2>Où faire un paintball pour un EVG ?</h2>
<p>L'activité <strong>Paintball EVG</strong> est disponible dans <strong>22 destinations</strong> Crazy-EVG : Albufeira, Amsterdam, Barcelone, Berlin, Bordeaux, Bratislava, Bruxelles, Bucarest, Budapest, Cracovie, Deauville, Lisbonne, Lyon, Madrid, Majorque, Marbella, Montpellier, Paris, Porto, Prague, Varsovie, Vilnius.</p>

<!-- BLOC G — Comparatif destinations -->
<h3>Comparatif rapide des destinations</h3>
<ul>
  <li><strong><a href=""https://www.crazy-evg.com/enterrement-de-vie-de-garcon-amsterdam/paintball-activites"">Paintball EVG à Amsterdam</a></strong> — Un EVG sans Paintball c'est un peu comme une raclette sans fromage. Réservez ce classique des enterrements de vie de garçon pour votre week-end à Amsterdam pour un max d'amusement et de convivialité. Il faut compter environ 45 min de route pour se rendre au terrain de Paintball d</li>
  <li><strong><a href=""https://www.crazy-evg.com/enterrement-de-vie-de-garcon-barcelone/paintball-activites"">Paintball EVG à Barcelone</a></strong> — Quelle que soit votre destination, le Paintball est toujours l' activité indispensable à faire. Réservez l'activité phare des enterrements de vie de garçon pour votre séjour à Barcelone ! C'est une activité intense où vous sommes placés dans des situations un peu extrêmes. Bref, </li>
  <li><strong><a href=""https://www.crazy-evg.com/enterrement-de-vie-de-garcon-barcelone/paintball-activites"">Paintball EVG à Barcelone</a></strong> — Sur place, vous aurez un briefing complet de notre instructeur qui vous expliquera en détails comment se déroulera votre activité Paintball + Lasergame. Le matériel complet vous sera bien entendu fourni, toutefois nous vous conseillons de vous munir de vêtements ""sportifs"" et de </li>
</ul>

<!-- BLOC H — Activités liées -->
<h2>Ces activités EVG vont aussi vous plaire</h2>
<ul>
  <li><a href=""https://www.crazy-evg.com/activity-category/airsoft-battle-evg"">Airsoft battle EVG</a></li>
  <li><a href=""https://www.crazy-evg.com/activity-category/laser-game-evg"">Laser game EVG</a></li>
  <li><a href=""https://www.crazy-evg.com/activity-category/parcours-du-combattant-evg"">Parcours du combattant EVG</a></li>
  <li><a href=""https://www.crazy-evg.com/activity-category/initiation-tir-shooting-evg"">Stand de tir EVG</a></li>
  <li><a href=""https://www.crazy-evg.com/activity-category/football-evg"">Football EVG</a></li>
</ul>

<!-- BLOC I — FAQ -->
<h2>FAQ — Paintball EVG</h2>

<h3>Combien coûte un paintball pour un EVG ?</h3>
<p>Le tarif d'un paintball EVG est compris <strong>entre 29 € et 59 € par personne</strong>. Le prix varie selon la destination, la taille du groupe et les options choisies. Demandez un <a href=""https://www.crazy-evg.com/devis"">devis en 1 minute</a> pour un tarif personnalisé.</p>

<h3>Combien de temps dure un paintball EVG ?</h3>
<p>La durée varie selon la formule, généralement <strong>entre 1h et 4h transferts inclus</strong>. Consultez la fiche détaillée de chaque destination pour le programme précis.</p>

<h3>Faut-il un niveau particulier pour faire un paintball EVG ?</h3>
<p>Aucun niveau requis. Toutes nos sessions sont <strong>encadrées par un instructeur professionnel</strong> qui assure le briefing et l'accompagnement. L'activité est accessible aux débutants.</p>

<h3>À partir de combien de personnes peut-on réserver un paintball EVG ?</h3>
<p>La majorité de nos partenaires acceptent les groupes <strong>à partir de 4 à 6 personnes</strong>. Au-delà de 12-15 participants, plusieurs créneaux sont organisés. Les conditions exactes varient selon la destination.</p>

<h3>Que faut-il prévoir pour un paintball EVG ?</h3>
<p>Une <strong>pièce d'identité valide</strong> est généralement demandée. Le matériel et l'encadrement sont fournis par notre partenaire local. Prévoyez une tenue adaptée et des chaussures fermées. Détails complets fournis à la réservation.</p>

<h3>Dans quelles villes peut-on faire un paintball EVG ?</h3>
<p>L'activité est disponible dans <strong>22 destinations</strong> Crazy-EVG : Albufeira, Amsterdam, Barcelone, Berlin, Bordeaux, Bratislava, Bruxelles, Bucarest, Budapest, Cracovie, Deauville, Lisbonne, Lyon, Madrid, Majorque, Marbella, Montpellier, Paris, Porto, Prague, Varsovie, Vilnius.</p>

<h3>Comment réserver un paintball EVG ?</h3>
<p>Demandez un <a href=""https://www.crazy-evg.com/devis"">devis en 1 minute</a> sur Crazy-EVG. Notre équipe revient vers vous sous 24h avec un programme sur mesure et un tarif détaillé pour votre groupe.</p>
","932","{
  ""@context"": ""https://schema.org"",
  ""@graph"": [
    {
      ""@type"": ""Service"",
      ""@id"": ""https://www.crazy-evg.com/activity-category/paintball-evg#service"",
      ""name"": ""Paintball EVG"",
      ""alternateName"": ""paintball evg"",
      ""description"": ""Paintball EVG : combat sur terrain privatisé, équipement complet, billes incluses. 22 destinations. Le grand classique de l'enterrement de garçon."",
      ""serviceType"": ""Activité EVG"",
      ""category"": ""Enterrement de vie de garçon"",
      ""url"": ""https://www.crazy-evg.com/activity-category/paintball-evg"",
      ""provider"": {
        ""@type"": ""Organization"",
        ""@id"": ""https://www.crazy-evg.com/#organization"",
        ""name"": ""Crazy-EVG"",
        ""url"": ""https://www.crazy-evg.com"",
        ""telephone"": ""+33176215730"",
        ""email"": ""contact@crazy-evg.com"",
        ""address"": {
          ""@type"": ""PostalAddress"",
          ""streetAddress"": ""8 rue du Faubourg Poissonnière"",
          ""postalCode"": ""75010"",
          ""addressLocality"": ""Paris"",
          ""addressCountry"": ""FR""
        }
      },
      ""areaServed"": [
        {
          ""@type"": ""City"",
          ""name"": ""Albufeira""
        },
        {
          ""@type"": ""City"",
          ""name"": ""Amsterdam""
        },
        {
          ""@type"": ""City"",
          ""name"": ""Barcelone""
        },
        {
          ""@type"": ""City"",
          ""name"": ""Berlin""
        },
        {
          ""@type"": ""City"",
          ""name"": ""Bordeaux""
        },
        {
          ""@type"": ""City"",
          ""name"": ""Bratislava""
        },
        {
          ""@type"": ""City"",
          ""name"": ""Bruxelles""
        },
        {
          ""@type"": ""City"",
          ""name"": ""Bucarest""
        },
        {
          ""@type"": ""City"",
          ""name"": ""Budapest""
        },
        {
          ""@type"": ""City"",
          ""name"": ""Cracovie""
        },
        {
          ""@type"": ""City"",
          ""name"": ""Deauville""
        },
        {
          ""@type"": ""City"",
          ""name"": ""Lisbonne""
        },
        {
          ""@type"": ""City"",
          ""name"": ""Lyon""
        },
        {
          ""@type"": ""City"",
          ""name"": ""Madrid""
        },
        {
          ""@type"": ""City"",
          ""name"": ""Majorque""
        },
        {
          ""@type"": ""City"",
          ""name"": ""Marbella""
        },
        {
          ""@type"": ""City"",
          ""name"": ""Montpellier""
        },
        {
          ""@type"": ""City"",
          ""name"": ""Paris""
        },
        {
          ""@type"": ""City"",
          ""name"": ""Porto""
        },
        {
          ""@type"": ""City"",
          ""name"": ""Prague""
        },
        {
          ""@type"": ""City"",
          ""name"": ""Varsovie""
        },
        {
          ""@type"": ""City"",
          ""name"": ""Vilnius""
        }
      ],
      ""audience"": {
        ""@type"": ""Audience"",
        ""audienceType"": ""Groupe d'amis - Enterrement de vie de garçon"",
        ""suggestedMinAge"": 18
      },
      ""offers"": {
        ""@type"": ""AggregateOffer"",
        ""priceCurrency"": ""EUR"",
        ""lowPrice"": ""29"",
        ""highPrice"": ""59"",
        ""offerCount"": ""22"",
        ""availability"": ""https://schema.org/InStock""
      }
    },
    {
      ""@type"": ""FAQPage"",
      ""@id"": ""https://www.crazy-evg.com/activity-category/paintball-evg#faq"",
      ""mainEntity"": [
        {
          ""@type"": ""Question"",
          ""name"": ""Combien coûte un paintball pour un EVG ?"",
          ""acceptedAnswer"": {
            ""@type"": ""Answer"",
            ""text"": ""Le tarif d'un paintball EVG est compris entre 29 € et 59 € par personne. Le prix varie selon la destination, la taille du groupe et les options choisies. Demandez un devis en 1 minute pour un tarif personnalisé.""
          }
        },
        {
          ""@type"": ""Question"",
          ""name"": ""Combien de temps dure un paintball EVG ?"",
          ""acceptedAnswer"": {
            ""@type"": ""Answer"",
            ""text"": ""La durée varie selon la formule, généralement entre 1h et 4h transferts inclus. Consultez la fiche détaillée de chaque destination pour le programme précis.""
          }
        },
        {
          ""@type"": ""Question"",
          ""name"": ""Faut-il un niveau particulier pour faire un paintball EVG ?"",
          ""acceptedAnswer"": {
            ""@type"": ""Answer"",
            ""text"": ""Aucun niveau requis. Toutes nos sessions sont encadrées par un instructeur professionnel qui assure le briefing et l'accompagnement. L'activité est accessible aux débutants.""
          }
        },
        {
          ""@type"": ""Question"",
          ""name"": ""À partir de combien de personnes peut-on réserver un paintball EVG ?"",
          ""acceptedAnswer"": {
            ""@type"": ""Answer"",
            ""text"": ""La majorité de nos partenaires acceptent les groupes à partir de 4 à 6 personnes. Les conditions exactes varient selon la destination. Au-delà de 12-15 participants, plusieurs créneaux sont organisés.""
          }
        },
        {
          ""@type"": ""Question"",
          ""name"": ""Que faut-il prévoir pour un paintball EVG ?"",
          ""acceptedAnswer"": {
            ""@type"": ""Answer"",
            ""text"": ""Une pièce d'identité valide est généralement demandée. Le matériel et l'encadrement sont fournis par notre partenaire local. Prévoyez une tenue adaptée et des chaussures fermées. Détails complets fournis à la réservation.""
          }
        },
        {
          ""@type"": ""Question"",
          ""name"": ""Dans quelles villes peut-on faire un paintball EVG ?"",
          ""acceptedAnswer"": {
            ""@type"": ""Answer"",
            ""text"": ""L'activité paintball est disponible dans 22 destinations Crazy-EVG : Albufeira, Amsterdam, Barcelone, Berlin, Bordeaux, Bratislava, Bruxelles, Bucarest, Budapest, Cracovie, Deauville, Lisbonne, Lyon, Madrid, Majorque, Marbella, Montpellier, Paris, Porto, Prague, Varsovie, Vilnius.""
          }
        },
        {
          ""@type"": ""Question"",
          ""name"": ""Comment réserver un paintball EVG ?"",
          ""acceptedAnswer"": {
            ""@type"": ""Answer"",
            ""text"": ""Demandez un devis en 1 minute sur Crazy-EVG. Notre équipe revient vers vous sous 24h avec un programme sur mesure et un tarif détaillé pour votre groupe.""
          }
        }
      ]
    },
    {
      ""@type"": ""BreadcrumbList"",
      ""@id"": ""https://www.crazy-evg.com/activity-category/paintball-evg#breadcrumb"",
      ""itemListElement"": [
        {
          ""@type"": ""ListItem"",
          ""position"": 1,
          ""name"": ""Accueil"",
          ""item"": ""https://www.crazy-evg.com/""
        },
        {
          ""@type"": ""ListItem"",
          ""position"": 2,
          ""name"": ""Activités EVG"",
          ""item"": ""https://www.crazy-evg.com/activites-evg""
        },
        {
          ""@type"": ""ListItem"",
          ""position"": 3,
          ""name"": ""Paintball EVG : combat tactique entre potes"",
          ""item"": ""https://www.crazy-evg.com/activity-category/paintball-evg""
        }
      ]
    }
  ]
}","7015"
"https://www.crazy-evg.com/activity-category/laser-game-evg","laser-game-evg","Laser Game","P3 - Cold page","A optimisée","laser game evg","Laser Game| Activité EVG | Crazy-EVG","Pour votre enterrement de vie de garçon, venez tester le laser game. C'est une activité top à faire en groupe pour faire un EVG qui restera dans l'histoire.","Laser game EVG : combat laser indoor | Crazy-EVG","48","Laser game EVG : combat indoor en équipes, 13 destinations. Sans douleur, accessible à tous. Idéal pour démarrer un enterrement de vie de garçon.","145","Laser game EVG","0","7","0","23,8571429","<!-- Page: https://www.crazy-evg.com/activity-category/laser-game-evg -->
<!-- Title: Laser game EVG : combat laser indoor | Crazy-EVG -->
<!-- Meta: Laser game EVG : combat indoor en équipes, 13 destinations. Sans douleur, accessible à tous. Idéal pour démarrer un enterrement de vie de garçon. -->

<h1>Laser game EVG</h1>

<!-- BLOC A — Introduction -->
<p>Le <strong>laser game EVG</strong> est l'alternative parfaite au paintball : <strong>combat indoor</strong> (sans douleur, sans peinture), équipement laser, gilet vibrant, scénarios variés (élimination, capture, défense). Format idéal pour les groupes mixtes (en niveau ou en envie d'engagement physique).</p>
<p>Disponible dans <strong>13 destinations</strong> Crazy-EVG, le <strong>laser game EVG</strong> est le format flexible par excellence : sessions de 20 à 40 minutes, jusqu'à 20 joueurs simultanés, salle thématique (post-apo, urbain, futuriste). Parfait en activité d'ouverture ou en alternative au paintball quand le temps ne le permet pas.</p>

<!-- BLOC B — Pourquoi choisir -->
<h2>Pourquoi choisir le laser game pour son EVG ?</h2>
<ul>
  <li><strong>Sans douleur, sans tâche :</strong> contrairement au paintball, on rentre propre.</li>
  <li><strong>Indoor toute l'année :</strong> aucune dépendance météo.</li>
  <li><strong>Adapté à tous niveaux :</strong> du gamer au débutant, équipement intuitif.</li>
  <li><strong>Format court :</strong> 20-40 min, idéal en complément d'une autre activité.</li>
</ul>

<!-- BLOC C — L'expérience en détail -->
<h2>L'expérience laser game en détail</h2>
<p>Session type :</p>
<p><strong>À Amsterdam :</strong> Vous commencerez par une partie de 15 minutes de laser game sur un terrain privatisé pour votre groupe. Équipement complet fourni sur place. Un début d'activité parfait pour shooter le marié sans l'abîmer ! En assurant sa survie, vous pouvez ensuite passer à une activité plus détente entre amis, en </p>
<p><strong>À Barcelone :</strong> Le Laser Game on le sait, c'est une activité de combat basée sur la dernière technologie en matière de formation militaire. Lors du Laser Game, les canons tirent une lumière infrarouge, semblable à celle des télécommandes qui est totalement inoffensive et ne provoque pas de contusions.</p>

<!-- BLOC D — Ce qui est inclus -->
<h2>Ce qui est inclus dans un laser game EVG</h2>
<ul>
  <li>Équipement complet</li>
  <li>Équipement</li>
  <li>Instructeur local</li>
  <li>Un instructeur local</li>
  <li>2 sessions de 20 minutes de laser game</li>
  <li>1 peinture de guerre fluorescente</li>
  <li>Un Tote Bag contenant un T-shirt</li>
  <li>Les sessions seront jouées dans un labyrinthe commun ouvert à tous</li>
  <li>Min 6 personnes</li>
  <li>Activité disponible entre 13h et 23h</li>
</ul>

<!-- BLOC E — Tarif -->
<h2>Combien coûte un laser game EVG ?</h2>
<table>
  <thead><tr><th>Critère</th><th>Fourchette</th><th>Précisions</th></tr></thead>
  <tbody>
    <tr><td>Tarif</td><td><strong>19 € à 39 € par personne</strong></td><td>Selon la destination et la formule</td></tr>
    <tr><td>Durée</td><td>1h à 4h</td><td>Transferts inclus selon les destinations</td></tr>
    <tr><td>Taille du groupe</td><td>Selon la formule, généralement 4 à 15+ pers.</td><td>Au-delà : créneaux multiples</td></tr>
    <tr><td>Nombre de destinations</td><td>13</td><td>Voir la grille ci-dessous</td></tr>
    <tr><td>Délai de réservation</td><td>5 à 14 jours</td><td>Selon la destination et la saison</td></tr>
  </tbody>
</table>

<!-- BLOC F — Destinations -->
<h2>Où faire un laser game pour un EVG ?</h2>
<p>L'activité <strong>Laser game EVG</strong> est disponible dans <strong>13 destinations</strong> Crazy-EVG : Amsterdam, Barcelone, Berlin, Bordeaux, Bratislava, Deauville, Lisbonne, Lyon, Madrid, Malte, Milan, Paris, Prague.</p>

<!-- BLOC G — Comparatif destinations -->
<h3>Comparatif rapide des destinations</h3>
<ul>
  <li><strong><a href=""https://www.crazy-evg.com/enterrement-de-vie-de-garcon-amsterdam/laser-game-activites"">Laser Game EVG à Amsterdam</a></strong> — Vous commencerez par une partie de 15 minutes de laser game sur un terrain privatisé pour votre groupe. Équipement complet fourni sur place. Un début d'activité parfait pour shooter le marié sans l'abîmer ! En assurant sa survie, vous pouvez ensuite passer à une activité plus dét</li>
  <li><strong><a href=""https://www.crazy-evg.com/enterrement-de-vie-de-garcon-barcelone/laser-game-activites"">Laser Game EVG à Barcelone</a></strong> — Le Laser Game on le sait, c'est une activité de combat basée sur la dernière technologie en matière de formation militaire. Lors du Laser Game, les canons tirent une lumière infrarouge, semblable à celle des télécommandes qui est totalement inoffensive et ne provoque pas de contu</li>
  <li><strong><a href=""https://www.crazy-evg.com/enterrement-de-vie-de-garcon-berlin/laser-game-activites"">Laser Game EVG à Berlin</a></strong> — Le Laser Game, une belle alternative au Paintball si vous n'aimez pas les bleus et les bosses. Pour shooter le marié tout l'après midi sans l'abîmer ! C'est un jeu de combat basé sur la dernière technologie en matière de formation militaire. Les canons tirent une lumière infrarou</li>
</ul>

<!-- BLOC H — Activités liées -->
<h2>Ces activités EVG vont aussi vous plaire</h2>
<ul>
  <li><a href=""https://www.crazy-evg.com/activity-category/paintball-evg"">Paintball EVG</a></li>
  <li><a href=""https://www.crazy-evg.com/activity-category/airsoft-battle-evg"">Airsoft battle EVG</a></li>
  <li><a href=""https://www.crazy-evg.com/activity-category/escape-room-evg"">Escape game EVG</a></li>
  <li><a href=""https://www.crazy-evg.com/activity-category/footbulle-evg"">Bubble foot EVG</a></li>
  <li><a href=""https://www.crazy-evg.com/activity-category/football-evg"">Football EVG</a></li>
</ul>

<!-- BLOC I — FAQ -->
<h2>FAQ — Laser game EVG</h2>

<h3>Combien coûte un laser game pour un EVG ?</h3>
<p>Le tarif d'un laser game EVG est compris <strong>entre 19 € et 39 € par personne</strong>. Le prix varie selon la destination, la taille du groupe et les options choisies. Demandez un <a href=""https://www.crazy-evg.com/devis"">devis en 1 minute</a> pour un tarif personnalisé.</p>

<h3>Combien de temps dure un laser game EVG ?</h3>
<p>La durée varie selon la formule, généralement <strong>entre 1h et 4h transferts inclus</strong>. Consultez la fiche détaillée de chaque destination pour le programme précis.</p>

<h3>Faut-il un niveau particulier pour faire un laser game EVG ?</h3>
<p>Aucun niveau requis. Toutes nos sessions sont <strong>encadrées par un instructeur professionnel</strong> qui assure le briefing et l'accompagnement. L'activité est accessible aux débutants.</p>

<h3>À partir de combien de personnes peut-on réserver un laser game EVG ?</h3>
<p>La majorité de nos partenaires acceptent les groupes <strong>à partir de 4 à 6 personnes</strong>. Au-delà de 12-15 participants, plusieurs créneaux sont organisés. Les conditions exactes varient selon la destination.</p>

<h3>Que faut-il prévoir pour un laser game EVG ?</h3>
<p>Une <strong>pièce d'identité valide</strong> est généralement demandée. Le matériel et l'encadrement sont fournis par notre partenaire local. Prévoyez une tenue adaptée et des chaussures fermées. Détails complets fournis à la réservation.</p>

<h3>Dans quelles villes peut-on faire un laser game EVG ?</h3>
<p>L'activité est disponible dans <strong>13 destinations</strong> Crazy-EVG : Amsterdam, Barcelone, Berlin, Bordeaux, Bratislava, Deauville, Lisbonne, Lyon, Madrid, Malte, Milan, Paris, Prague.</p>

<h3>Comment réserver un laser game EVG ?</h3>
<p>Demandez un <a href=""https://www.crazy-evg.com/devis"">devis en 1 minute</a> sur Crazy-EVG. Notre équipe revient vers vous sous 24h avec un programme sur mesure et un tarif détaillé pour votre groupe.</p>
","973","{
  ""@context"": ""https://schema.org"",
  ""@graph"": [
    {
      ""@type"": ""Service"",
      ""@id"": ""https://www.crazy-evg.com/activity-category/laser-game-evg#service"",
      ""name"": ""Laser game EVG"",
      ""alternateName"": ""laser game evg"",
      ""description"": ""Laser game EVG : combat indoor en équipes, 13 destinations. Sans douleur, accessible à tous. Idéal pour démarrer un enterrement de vie de garçon."",
      ""serviceType"": ""Activité EVG"",
      ""category"": ""Enterrement de vie de garçon"",
      ""url"": ""https://www.crazy-evg.com/activity-category/laser-game-evg"",
      ""provider"": {
        ""@type"": ""Organization"",
        ""@id"": ""https://www.crazy-evg.com/#organization"",
        ""name"": ""Crazy-EVG"",
        ""url"": ""https://www.crazy-evg.com"",
        ""telephone"": ""+33176215730"",
        ""email"": ""contact@crazy-evg.com"",
        ""address"": {
          ""@type"": ""PostalAddress"",
          ""streetAddress"": ""8 rue du Faubourg Poissonnière"",
          ""postalCode"": ""75010"",
          ""addressLocality"": ""Paris"",
          ""addressCountry"": ""FR""
        }
      },
      ""areaServed"": [
        {
          ""@type"": ""City"",
          ""name"": ""Amsterdam""
        },
        {
          ""@type"": ""City"",
          ""name"": ""Barcelone""
        },
        {
          ""@type"": ""City"",
          ""name"": ""Berlin""
        },
        {
          ""@type"": ""City"",
          ""name"": ""Bordeaux""
        },
        {
          ""@type"": ""City"",
          ""name"": ""Bratislava""
        },
        {
          ""@type"": ""City"",
          ""name"": ""Deauville""
        },
        {
          ""@type"": ""City"",
          ""name"": ""Lisbonne""
        },
        {
          ""@type"": ""City"",
          ""name"": ""Lyon""
        },
        {
          ""@type"": ""City"",
          ""name"": ""Madrid""
        },
        {
          ""@type"": ""City"",
          ""name"": ""Malte""
        },
        {
          ""@type"": ""City"",
          ""name"": ""Milan""
        },
        {
          ""@type"": ""City"",
          ""name"": ""Paris""
        },
        {
          ""@type"": ""City"",
          ""name"": ""Prague""
        }
      ],
      ""audience"": {
        ""@type"": ""Audience"",
        ""audienceType"": ""Groupe d'amis - Enterrement de vie de garçon"",
        ""suggestedMinAge"": 18
      },
      ""offers"": {
        ""@type"": ""AggregateOffer"",
        ""priceCurrency"": ""EUR"",
        ""lowPrice"": ""19"",
        ""highPrice"": ""39"",
        ""offerCount"": ""13"",
        ""availability"": ""https://schema.org/InStock""
      }
    },
    {
      ""@type"": ""FAQPage"",
      ""@id"": ""https://www.crazy-evg.com/activity-category/laser-game-evg#faq"",
      ""mainEntity"": [
        {
          ""@type"": ""Question"",
          ""name"": ""Combien coûte un laser game pour un EVG ?"",
          ""acceptedAnswer"": {
            ""@type"": ""Answer"",
            ""text"": ""Le tarif d'un laser game EVG est compris entre 19 € et 39 € par personne. Le prix varie selon la destination, la taille du groupe et les options choisies. Demandez un devis en 1 minute pour un tarif personnalisé.""
          }
        },
        {
          ""@type"": ""Question"",
          ""name"": ""Combien de temps dure un laser game EVG ?"",
          ""acceptedAnswer"": {
            ""@type"": ""Answer"",
            ""text"": ""La durée varie selon la formule, généralement entre 1h et 4h transferts inclus. Consultez la fiche détaillée de chaque destination pour le programme précis.""
          }
        },
        {
          ""@type"": ""Question"",
          ""name"": ""Faut-il un niveau particulier pour faire un laser game EVG ?"",
          ""acceptedAnswer"": {
            ""@type"": ""Answer"",
            ""text"": ""Aucun niveau requis. Toutes nos sessions sont encadrées par un instructeur professionnel qui assure le briefing et l'accompagnement. L'activité est accessible aux débutants.""
          }
        },
        {
          ""@type"": ""Question"",
          ""name"": ""À partir de combien de personnes peut-on réserver un laser game EVG ?"",
          ""acceptedAnswer"": {
            ""@type"": ""Answer"",
            ""text"": ""La majorité de nos partenaires acceptent les groupes à partir de 4 à 6 personnes. Les conditions exactes varient selon la destination. Au-delà de 12-15 participants, plusieurs créneaux sont organisés.""
          }
        },
        {
          ""@type"": ""Question"",
          ""name"": ""Que faut-il prévoir pour un laser game EVG ?"",
          ""acceptedAnswer"": {
            ""@type"": ""Answer"",
            ""text"": ""Une pièce d'identité valide est généralement demandée. Le matériel et l'encadrement sont fournis par notre partenaire local. Prévoyez une tenue adaptée et des chaussures fermées. Détails complets fournis à la réservation.""
          }
        },
        {
          ""@type"": ""Question"",
          ""name"": ""Dans quelles villes peut-on faire un laser game EVG ?"",
          ""acceptedAnswer"": {
            ""@type"": ""Answer"",
            ""text"": ""L'activité laser game est disponible dans 13 destinations Crazy-EVG : Amsterdam, Barcelone, Berlin, Bordeaux, Bratislava, Deauville, Lisbonne, Lyon, Madrid, Malte, Milan, Paris, Prague.""
          }
        },
        {
          ""@type"": ""Question"",
          ""name"": ""Comment réserver un laser game EVG ?"",
          ""acceptedAnswer"": {
            ""@type"": ""Answer"",
            ""text"": ""Demandez un devis en 1 minute sur Crazy-EVG. Notre équipe revient vers vous sous 24h avec un programme sur mesure et un tarif détaillé pour votre groupe.""
          }
        }
      ]
    },
    {
      ""@type"": ""BreadcrumbList"",
      ""@id"": ""https://www.crazy-evg.com/activity-category/laser-game-evg#breadcrumb"",
      ""itemListElement"": [
        {
          ""@type"": ""ListItem"",
          ""position"": 1,
          ""name"": ""Accueil"",
          ""item"": ""https://www.crazy-evg.com/""
        },
        {
          ""@type"": ""ListItem"",
          ""position"": 2,
          ""name"": ""Activités EVG"",
          ""item"": ""https://www.crazy-evg.com/activites-evg""
        },
        {
          ""@type"": ""ListItem"",
          ""position"": 3,
          ""name"": ""Laser game EVG : combat laser indoor"",
          ""item"": ""https://www.crazy-evg.com/activity-category/laser-game-evg""
        }
      ]
    }
  ]
}","6228"
"https://www.crazy-evg.com/activity-category/faux-saut-elastique-evg","faux-saut-elastique-evg","Faux Saut Elastique","P2 - Sleeping giant","A optimisée","faux saut elastique evg","Faux saut à l'élastique| Activité EVG | Crazy-EVG","Pour votre enterrement de vie de garçon, faites l'expérience du faux saut à l'élastique. Faites vivre au marié un saut pas comme les autres pour son EVG.","Faux saut à l'élastique EVG : le canular | Crazy-EVG","52","Faux saut à l'élastique EVG : faites croire au futur marié qu'il va sauter dans le vide. Le canular ultime pour son enterrement de vie de garçon.","145","Faux saut à l'élastique EVG","8","614","0,01302932","24,6758958","<!-- Page: https://www.crazy-evg.com/activity-category/faux-saut-elastique-evg -->
<!-- Title: Faux saut à l'élastique EVG : le canular | Crazy-EVG -->
<!-- Meta: Faux saut à l'élastique EVG : faites croire au futur marié qu'il va sauter dans le vide. Le canular ultime pour son enterrement de vie de garçon. -->

<h1>Faux saut à l'élastique EVG</h1>

<!-- BLOC A — Introduction -->
<p>Le <strong>faux saut à l'élastique EVG</strong> est sans doute le canular le plus efficace du catalogue : on fait croire au futur marié qu'il va sauter dans le vide depuis un pont ou une grue, on le harnache, on le bandeau les yeux, on le fait monter sur le rebord… et au moment où il ""saute"", il <strong>tombe en réalité dans une piscine gonflable</strong> ou sur un matelas géant placé à 1 mètre en dessous.</p>
<p>Disponible à Prague (la destination star pour ce canular), le <strong>faux saut à l'élastique EVG</strong> combine peur authentique et fou rire libérateur. Le marié pense vraiment qu'il va sauter — la vidéo est cultissime. Encadré par des comédiens et des techniciens, sécurité maximale.</p>

<!-- BLOC B — Pourquoi choisir -->
<h2>Pourquoi choisir le faux saut elastique pour son EVG ?</h2>
<ul>
  <li><strong>Le canular ultime :</strong> peur réelle, chute symbolique, fou rire libérateur.</li>
  <li><strong>Mise en scène pro :</strong> harnais, bandeau, briefing fake, accessoires authentiques.</li>
  <li><strong>Sécurité totale :</strong> chute de 1 mètre seulement, mais le marié l'ignore.</li>
  <li><strong>Vidéo cultissime :</strong> à montrer au mariage, en soirée, et tous les anniversaires.</li>
</ul>

<!-- BLOC C — L'expérience en détail -->
<h2>L'expérience faux saut elastique en détail</h2>
<p>Mise en scène type :</p>
<p><strong>À Prague :</strong> Le Faux saut à l'élastique pour faire flipper le marié le jour de votre enterrement de vie de garçon, c'est l'activité qu'il vous faut à Prague. La guide vous récupère à votre hébergement avec le chauffeur et vous emmène en minibus privatisé vers le lieu de l'activité Faux saut à l'élastique.</p>

<!-- BLOC D — Ce qui est inclus -->
<h2>Ce qui est inclus dans un faux saut elastique EVG</h2>
<ul>
  <li>1 Faux saut à l'élastique pour le futur marié</li>
  <li>1 bière par personne</li>
  <li>Equipement de sécurité</li>
  <li>1 instructeur</li>
  <li>1 guide locale anglophone pour vous accompagner</li>
  <li>Transfert aller-retour en minibus privatisé</li>
  <li>Durée total de l'activité 1 heure (transfert inclus). Le faux saut a une courte durée, nous conseillons de réserver cette activité en combo ave le paintball ou le foot bulle</li>
</ul>

<!-- BLOC E — Tarif -->
<h2>Combien coûte un faux saut elastique EVG ?</h2>
<table>
  <thead><tr><th>Critère</th><th>Fourchette</th><th>Précisions</th></tr></thead>
  <tbody>
    <tr><td>Tarif</td><td><strong>180 € à 350 € en forfait pour le groupe</strong></td><td>Selon la destination et la formule</td></tr>
    <tr><td>Durée</td><td>1h à 4h</td><td>Transferts inclus selon les destinations</td></tr>
    <tr><td>Taille du groupe</td><td>Idéal entre 6 et 15 pers.</td><td>Au-delà : créneaux multiples</td></tr>
    <tr><td>Nombre de destinations</td><td>1</td><td>Voir la grille ci-dessous</td></tr>
    <tr><td>Délai de réservation</td><td>5 à 14 jours</td><td>Selon la destination et la saison</td></tr>
  </tbody>
</table>

<!-- BLOC F — Destinations -->
<h2>Où faire un faux saut elastique pour un EVG ?</h2>
<p>L'activité <strong>Faux saut à l'élastique EVG</strong> est disponible dans <strong>1 destinations</strong> Crazy-EVG : Prague.</p>

<!-- BLOC G — Comparatif destinations -->
<h3>Comparatif rapide des destinations</h3>
<ul>
  <li><strong><a href=""https://www.crazy-evg.com/enterrement-de-vie-de-garcon-prague/faux-saut-elastique-activites"">Faux Saut Elastique EVG à Prague</a></strong> — Le Faux saut à l'élastique pour faire flipper le marié le jour de votre enterrement de vie de garçon, c'est l'activité qu'il vous faut à Prague. La guide vous récupère à votre hébergement avec le chauffeur et vous emmène en minibus privatisé vers le lieu de l'activité Faux saut à</li>
</ul>

<!-- BLOC H — Activités liées -->
<h2>Ces activités EVG vont aussi vous plaire</h2>
<ul>
  <li><a href=""https://www.crazy-evg.com/activity-category/saut-elastique-evg"">Saut à l'élastique EVG</a></li>
  <li><a href=""https://www.crazy-evg.com/activity-category/kidnapping-evg"">Kidnapping EVG</a></li>
  <li><a href=""https://www.crazy-evg.com/activity-category/parcours-du-combattant-evg"">Parcours du combattant EVG</a></li>
  <li><a href=""https://www.crazy-evg.com/activity-category/sexy-reveil-evg"">Réveil coquin EVG</a></li>
  <li><a href=""https://www.crazy-evg.com/activity-category/faux-saut-elastique-evg"">Faux saut à l'élastique EVG</a></li>
</ul>

<!-- BLOC I — FAQ -->
<h2>FAQ — Faux saut à l'élastique EVG</h2>

<h3>Combien coûte un faux saut elastique pour un EVG ?</h3>
<p>Le tarif d'un faux saut elastique EVG est compris <strong>entre 180 € et 350 € en forfait pour le groupe entier</strong>. Le prix varie selon la destination, la taille du groupe et les options choisies. Demandez un <a href=""https://www.crazy-evg.com/devis"">devis en 1 minute</a> pour un tarif personnalisé.</p>

<h3>Combien de temps dure un faux saut elastique EVG ?</h3>
<p>La durée varie selon la formule, généralement <strong>entre 1h et 4h transferts inclus</strong>. Consultez la fiche détaillée de chaque destination pour le programme précis.</p>

<h3>Faut-il un niveau particulier pour faire un faux saut elastique EVG ?</h3>
<p>Aucun niveau requis. Toutes nos sessions sont <strong>encadrées par un instructeur professionnel</strong> qui assure le briefing et l'accompagnement. L'activité est accessible aux débutants.</p>

<h3>À partir de combien de personnes peut-on réserver un faux saut elastique EVG ?</h3>
<p>La majorité de nos partenaires acceptent les groupes <strong>à partir de 4 à 6 personnes</strong>. Au-delà de 12-15 participants, plusieurs créneaux sont organisés. Les conditions exactes varient selon la destination.</p>

<h3>Que faut-il prévoir pour un faux saut elastique EVG ?</h3>
<p>Une <strong>pièce d'identité valide</strong> est généralement demandée. Le matériel et l'encadrement sont fournis par notre partenaire local. Prévoyez une tenue adaptée et des chaussures fermées. Détails complets fournis à la réservation.</p>

<h3>Dans quelles villes peut-on faire un faux saut elastique EVG ?</h3>
<p>L'activité est disponible dans <strong>1 destinations</strong> Crazy-EVG : Prague.</p>

<h3>Comment réserver un faux saut elastique EVG ?</h3>
<p>Demandez un <a href=""https://www.crazy-evg.com/devis"">devis en 1 minute</a> sur Crazy-EVG. Notre équipe revient vers vous sous 24h avec un programme sur mesure et un tarif détaillé pour votre groupe.</p>
","884","{
  ""@context"": ""https://schema.org"",
  ""@graph"": [
    {
      ""@type"": ""Service"",
      ""@id"": ""https://www.crazy-evg.com/activity-category/faux-saut-elastique-evg#service"",
      ""name"": ""Faux saut à l'élastique EVG"",
      ""alternateName"": ""faux saut elastique evg"",
      ""description"": ""Faux saut à l'élastique EVG : faites croire au futur marié qu'il va sauter dans le vide. Le canular ultime pour son enterrement de vie de garçon."",
      ""serviceType"": ""Activité EVG"",
      ""category"": ""Enterrement de vie de garçon"",
      ""url"": ""https://www.crazy-evg.com/activity-category/faux-saut-elastique-evg"",
      ""provider"": {
        ""@type"": ""Organization"",
        ""@id"": ""https://www.crazy-evg.com/#organization"",
        ""name"": ""Crazy-EVG"",
        ""url"": ""https://www.crazy-evg.com"",
        ""telephone"": ""+33176215730"",
        ""email"": ""contact@crazy-evg.com"",
        ""address"": {
          ""@type"": ""PostalAddress"",
          ""streetAddress"": ""8 rue du Faubourg Poissonnière"",
          ""postalCode"": ""75010"",
          ""addressLocality"": ""Paris"",
          ""addressCountry"": ""FR""
        }
      },
      ""areaServed"": [
        {
          ""@type"": ""City"",
          ""name"": ""Prague""
        }
      ],
      ""audience"": {
        ""@type"": ""Audience"",
        ""audienceType"": ""Groupe d'amis - Enterrement de vie de garçon"",
        ""suggestedMinAge"": 18
      },
      ""offers"": {
        ""@type"": ""AggregateOffer"",
        ""priceCurrency"": ""EUR"",
        ""lowPrice"": ""180"",
        ""highPrice"": ""350"",
        ""offerCount"": ""1"",
        ""availability"": ""https://schema.org/InStock""
      }
    },
    {
      ""@type"": ""FAQPage"",
      ""@id"": ""https://www.crazy-evg.com/activity-category/faux-saut-elastique-evg#faq"",
      ""mainEntity"": [
        {
          ""@type"": ""Question"",
          ""name"": ""Combien coûte un faux saut elastique pour un EVG ?"",
          ""acceptedAnswer"": {
            ""@type"": ""Answer"",
            ""text"": ""Le tarif d'un faux saut elastique EVG est compris entre 180 € et 350 € en forfait pour le groupe. Le prix varie selon la destination, la taille du groupe et les options choisies. Demandez un devis en 1 minute pour un tarif personnalisé.""
          }
        },
        {
          ""@type"": ""Question"",
          ""name"": ""Combien de temps dure un faux saut elastique EVG ?"",
          ""acceptedAnswer"": {
            ""@type"": ""Answer"",
            ""text"": ""La durée varie selon la formule, généralement entre 1h et 4h transferts inclus. Consultez la fiche détaillée de chaque destination pour le programme précis.""
          }
        },
        {
          ""@type"": ""Question"",
          ""name"": ""Faut-il un niveau particulier pour faire un faux saut elastique EVG ?"",
          ""acceptedAnswer"": {
            ""@type"": ""Answer"",
            ""text"": ""Aucun niveau requis. Toutes nos sessions sont encadrées par un instructeur professionnel qui assure le briefing et l'accompagnement. L'activité est accessible aux débutants.""
          }
        },
        {
          ""@type"": ""Question"",
          ""name"": ""À partir de combien de personnes peut-on réserver un faux saut elastique EVG ?"",
          ""acceptedAnswer"": {
            ""@type"": ""Answer"",
            ""text"": ""La majorité de nos partenaires acceptent les groupes à partir de 4 à 6 personnes. Les conditions exactes varient selon la destination. Au-delà de 12-15 participants, plusieurs créneaux sont organisés.""
          }
        },
        {
          ""@type"": ""Question"",
          ""name"": ""Que faut-il prévoir pour un faux saut elastique EVG ?"",
          ""acceptedAnswer"": {
            ""@type"": ""Answer"",
            ""text"": ""Une pièce d'identité valide est généralement demandée. Le matériel et l'encadrement sont fournis par notre partenaire local. Prévoyez une tenue adaptée et des chaussures fermées. Détails complets fournis à la réservation.""
          }
        },
        {
          ""@type"": ""Question"",
          ""name"": ""Dans quelles villes peut-on faire un faux saut elastique EVG ?"",
          ""acceptedAnswer"": {
            ""@type"": ""Answer"",
            ""text"": ""L'activité faux saut elastique est disponible dans 1 destinations Crazy-EVG : Prague.""
          }
        },
        {
          ""@type"": ""Question"",
          ""name"": ""Comment réserver un faux saut elastique EVG ?"",
          ""acceptedAnswer"": {
            ""@type"": ""Answer"",
            ""text"": ""Demandez un devis en 1 minute sur Crazy-EVG. Notre équipe revient vers vous sous 24h avec un programme sur mesure et un tarif détaillé pour votre groupe.""
          }
        }
      ]
    },
    {
      ""@type"": ""BreadcrumbList"",
      ""@id"": ""https://www.crazy-evg.com/activity-category/faux-saut-elastique-evg#breadcrumb"",
      ""itemListElement"": [
        {
          ""@type"": ""ListItem"",
          ""position"": 1,
          ""name"": ""Accueil"",
          ""item"": ""https://www.crazy-evg.com/""
        },
        {
          ""@type"": ""ListItem"",
          ""position"": 2,
          ""name"": ""Activités EVG"",
          ""item"": ""https://www.crazy-evg.com/activites-evg""
        },
        {
          ""@type"": ""ListItem"",
          ""position"": 3,
          ""name"": ""Faux saut à l'élastique EVG : le canular"",
          ""item"": ""https://www.crazy-evg.com/activity-category/faux-saut-elastique-evg""
        }
      ]
    }
  ]
}","5378"
"https://www.crazy-evg.com/activity-category/canyoning-evg","canyoning-evg","Canyoning","P3 - Cold page","A optimisée","evg canyoning","Canyoning | Activité EVG | Crazy-EVG","Canyoning entre amis pour votre EVG : Fan de sensations fortes et de paysages montagnards ? Alors, l'activité canyoning est fait pour vous.","Canyoning EVG : descente de canyon en groupe | Crazy-EVG","56","EVG canyoning : descente de canyon, sauts, rappels et toboggans naturels. Encadré par des moniteurs diplômés. 5 destinations, devis 1 min.","138","Canyoning EVG","1","31","0,03225806","33,9032258","<!-- Page: https://www.crazy-evg.com/activity-category/canyoning-evg -->
<!-- Title: Canyoning EVG : descente de canyon en groupe | Crazy-EVG -->
<!-- Meta: EVG canyoning : descente de canyon, sauts, rappels et toboggans naturels. Encadré par des moniteurs diplômés. 5 destinations, devis 1 min. -->

<h1>Canyoning EVG</h1>

<!-- BLOC A — Introduction -->
<p>Le <strong>canyoning EVG</strong> est l'expérience aventure plein air par excellence : <strong>descente d'un canyon</strong> en combinaison néoprène, avec sauts dans l'eau, glissades sur toboggans naturels, rappels en cascade et marche dans l'eau. Encadré par un moniteur diplômé d'État, équipement complet fourni.</p>
<p>Disponible dans 5 destinations Crazy-EVG (principalement en France et en Europe du Sud), l'<strong>EVG canyoning</strong> se pratique d'avril à octobre. Le futur marié va y laisser sa fierté (et un peu de sang-froid) — le groupe en revient avec des photos cultissimes. Comptez une demi-journée d'activité.</p>

<!-- BLOC B — Pourquoi choisir -->
<h2>Pourquoi choisir le canyoning pour son EVG ?</h2>
<ul>
  <li><strong>Aventure totale :</strong> sauts, toboggans, rappels — l'expérience nature ultime.</li>
  <li><strong>Encadrement par moniteur diplômé d'État :</strong> sécurité maximale.</li>
  <li><strong>Équipement complet fourni :</strong> combinaison, casque, harnais, chaussons.</li>
  <li><strong>Souvenirs photos :</strong> chaque saut est immortalisé.</li>
</ul>

<!-- BLOC C — L'expérience en détail -->
<h2>L'expérience canyoning en détail</h2>
<p>Demi-journée type :</p>
<p><strong>À Annecy :</strong> Le RDV est fixé au sud du lac, à 25min en voiture d'Annecy ou à une petite heure de vélo. Nous conseillons de louer un vélo et de vous y rendre après une balade agréable autour du lac. Débutez votre activité par une marche d’approche de 20 minutes en forêt pour accéder au départ du canyon.</p>
<p><strong>À Majorque :</strong> Réservez le canyoning pour votre enterrement de vie de garçons à Majorque! Une expérience immersive qui permet de découvrir la nature sous un angle différent, tout en offrant des sensations fortes et des souvenirs inoubliables! Le guide professionnel vous fournira toutes les informations nécessaires</p>

<!-- BLOC D — Ce qui est inclus -->
<h2>Ce qui est inclus dans un canyoning EVG</h2>
<ul>
  <li>Assurance</li>
  <li>Briefing et encadrement par un instructeur professionnel</li>
  <li>Briefing de sécurité</li>
  <li>Transfert A/R</li>
  <li>1 demi-journée de canyoning à Ango</li>
  <li>Équipement complet pour la pratique du Canyoning</li>
  <li>Initiation au Canyoning pendant 2h30 environ</li>
  <li>2 sauts (3 et 5 mètres), plusieurs toboggans et 3 descentes en rappel (6, 8 et 18 mètres)</li>
  <li>Départ à 9h ou 13h30</li>
  <li>Conditions obligatoires : savoir nager et être âgé de 10 ans minimum</li>
</ul>

<!-- BLOC E — Tarif -->
<h2>Combien coûte un canyoning EVG ?</h2>
<table>
  <thead><tr><th>Critère</th><th>Fourchette</th><th>Précisions</th></tr></thead>
  <tbody>
    <tr><td>Tarif</td><td><strong>59 € à 99 € par personne</strong></td><td>Selon la destination et la formule</td></tr>
    <tr><td>Durée</td><td>1h à 4h</td><td>Transferts inclus selon les destinations</td></tr>
    <tr><td>Taille du groupe</td><td>Selon la formule, généralement 4 à 15+ pers.</td><td>Au-delà : créneaux multiples</td></tr>
    <tr><td>Nombre de destinations</td><td>5</td><td>Voir la grille ci-dessous</td></tr>
    <tr><td>Délai de réservation</td><td>5 à 14 jours</td><td>Selon la destination et la saison</td></tr>
  </tbody>
</table>

<p><strong>Note saisonnière :</strong> activité disponible d'avril à octobre principalement, selon le débit des cours d'eau.</p>

<!-- BLOC F — Destinations -->
<h2>Où faire un canyoning pour un EVG ?</h2>
<p>L'activité <strong>Canyoning EVG</strong> est disponible dans <strong>5 destinations</strong> Crazy-EVG : Annecy, Majorque, Marbella, Montpellier, Porto.</p>

<!-- BLOC G — Comparatif destinations -->
<h3>Comparatif rapide des destinations</h3>
<ul>
  <li><strong><a href=""https://www.crazy-evg.com/enterrement-de-vie-de-garcon-annecy/canyoning-activites"">Canyoning EVG à Annecy</a></strong> — Le RDV est fixé au sud du lac, à 25min en voiture d'Annecy ou à une petite heure de vélo. Nous conseillons de louer un vélo et de vous y rendre après une balade agréable autour du lac. Débutez votre activité par une marche d’approche de 20 minutes en forêt pour accéder au départ </li>
  <li><strong><a href=""https://www.crazy-evg.com/enterrement-de-vie-de-garcon-majorque/canyoning-activites"">Canyoning EVG à Majorque</a></strong> — Réservez le canyoning pour votre enterrement de vie de garçons à Majorque! Une expérience immersive qui permet de découvrir la nature sous un angle différent, tout en offrant des sensations fortes et des souvenirs inoubliables! Le guide professionnel vous fournira toutes les info</li>
  <li><strong><a href=""https://www.crazy-evg.com/enterrement-de-vie-de-garcon-montpellier/canyoning-activites"">Canyoning EVG à Montpellier</a></strong> — Vous avez RDV à environ 30minutes de Montpellier (25 minutes à 1 heure en fonction du niveau d'eau) pour 3 heures d'activité ! Puis, jettez vous à l'eau équipé de combinaison néoprène baudrier et casque pour la descente d'une rivière à la découverte de gorges magnifiques ! Au pro</li>
</ul>

<!-- BLOC H — Activités liées -->
<h2>Ces activités EVG vont aussi vous plaire</h2>
<ul>
  <li><a href=""https://www.crazy-evg.com/activity-category/rafting-eaux-vives-evg"">Rafting EVG</a></li>
  <li><a href=""https://www.crazy-evg.com/activity-category/hydrospeed-evg"">Hydrospeed EVG</a></li>
  <li><a href=""https://www.crazy-evg.com/activity-category/parapente-evg"">Parapente EVG</a></li>
  <li><a href=""https://www.crazy-evg.com/activity-category/saut-elastique-evg"">Saut à l'élastique EVG</a></li>
  <li><a href=""https://www.crazy-evg.com/activity-category/quad-buggy-evg"">Quad & buggy EVG</a></li>
</ul>

<!-- BLOC I — FAQ -->
<h2>FAQ — Canyoning EVG</h2>

<h3>Combien coûte un canyoning pour un EVG ?</h3>
<p>Le tarif d'un canyoning EVG est compris <strong>entre 59 € et 99 € par personne</strong>. Le prix varie selon la destination, la taille du groupe et les options choisies. Demandez un <a href=""https://www.crazy-evg.com/devis"">devis en 1 minute</a> pour un tarif personnalisé.</p>

<h3>Combien de temps dure un canyoning EVG ?</h3>
<p>La durée varie selon la formule, généralement <strong>entre 1h et 4h transferts inclus</strong>. Consultez la fiche détaillée de chaque destination pour le programme précis.</p>

<h3>Faut-il un niveau particulier pour faire un canyoning EVG ?</h3>
<p>Aucun niveau requis. Toutes nos sessions sont <strong>encadrées par un instructeur professionnel</strong> qui assure le briefing et l'accompagnement. L'activité est accessible aux débutants.</p>

<h3>À partir de combien de personnes peut-on réserver un canyoning EVG ?</h3>
<p>La majorité de nos partenaires acceptent les groupes <strong>à partir de 4 à 6 personnes</strong>. Au-delà de 12-15 participants, plusieurs créneaux sont organisés. Les conditions exactes varient selon la destination.</p>

<h3>Que faut-il prévoir pour un canyoning EVG ?</h3>
<p>Une <strong>pièce d'identité valide</strong> est généralement demandée. Le matériel et l'encadrement sont fournis par notre partenaire local. Prévoyez une tenue adaptée et des chaussures fermées. Détails complets fournis à la réservation.</p>

<h3>Dans quelles villes peut-on faire un canyoning EVG ?</h3>
<p>L'activité est disponible dans <strong>5 destinations</strong> Crazy-EVG : Annecy, Majorque, Marbella, Montpellier, Porto.</p>

<h3>Comment réserver un canyoning EVG ?</h3>
<p>Demandez un <a href=""https://www.crazy-evg.com/devis"">devis en 1 minute</a> sur Crazy-EVG. Notre équipe revient vers vous sous 24h avec un programme sur mesure et un tarif détaillé pour votre groupe.</p>
","976","{
  ""@context"": ""https://schema.org"",
  ""@graph"": [
    {
      ""@type"": ""Service"",
      ""@id"": ""https://www.crazy-evg.com/activity-category/canyoning-evg#service"",
      ""name"": ""Canyoning EVG"",
      ""alternateName"": ""evg canyoning"",
      ""description"": ""EVG canyoning : descente de canyon, sauts, rappels et toboggans naturels. Encadré par des moniteurs diplômés. 5 destinations, devis 1 min."",
      ""serviceType"": ""Activité EVG"",
      ""category"": ""Enterrement de vie de garçon"",
      ""url"": ""https://www.crazy-evg.com/activity-category/canyoning-evg"",
      ""provider"": {
        ""@type"": ""Organization"",
        ""@id"": ""https://www.crazy-evg.com/#organization"",
        ""name"": ""Crazy-EVG"",
        ""url"": ""https://www.crazy-evg.com"",
        ""telephone"": ""+33176215730"",
        ""email"": ""contact@crazy-evg.com"",
        ""address"": {
          ""@type"": ""PostalAddress"",
          ""streetAddress"": ""8 rue du Faubourg Poissonnière"",
          ""postalCode"": ""75010"",
          ""addressLocality"": ""Paris"",
          ""addressCountry"": ""FR""
        }
      },
      ""areaServed"": [
        {
          ""@type"": ""City"",
          ""name"": ""Annecy""
        },
        {
          ""@type"": ""City"",
          ""name"": ""Majorque""
        },
        {
          ""@type"": ""City"",
          ""name"": ""Marbella""
        },
        {
          ""@type"": ""City"",
          ""name"": ""Montpellier""
        },
        {
          ""@type"": ""City"",
          ""name"": ""Porto""
        }
      ],
      ""audience"": {
        ""@type"": ""Audience"",
        ""audienceType"": ""Groupe d'amis - Enterrement de vie de garçon"",
        ""suggestedMinAge"": 18
      },
      ""offers"": {
        ""@type"": ""AggregateOffer"",
        ""priceCurrency"": ""EUR"",
        ""lowPrice"": ""59"",
        ""highPrice"": ""99"",
        ""offerCount"": ""5"",
        ""availability"": ""https://schema.org/InStock""
      }
    },
    {
      ""@type"": ""FAQPage"",
      ""@id"": ""https://www.crazy-evg.com/activity-category/canyoning-evg#faq"",
      ""mainEntity"": [
        {
          ""@type"": ""Question"",
          ""name"": ""Combien coûte un canyoning pour un EVG ?"",
          ""acceptedAnswer"": {
            ""@type"": ""Answer"",
            ""text"": ""Le tarif d'un canyoning EVG est compris entre 59 € et 99 € par personne. Le prix varie selon la destination, la taille du groupe et les options choisies. Demandez un devis en 1 minute pour un tarif personnalisé.""
          }
        },
        {
          ""@type"": ""Question"",
          ""name"": ""Combien de temps dure un canyoning EVG ?"",
          ""acceptedAnswer"": {
            ""@type"": ""Answer"",
            ""text"": ""La durée varie selon la formule, généralement entre 1h et 4h transferts inclus. Consultez la fiche détaillée de chaque destination pour le programme précis.""
          }
        },
        {
          ""@type"": ""Question"",
          ""name"": ""Faut-il un niveau particulier pour faire un canyoning EVG ?"",
          ""acceptedAnswer"": {
            ""@type"": ""Answer"",
            ""text"": ""Aucun niveau requis. Toutes nos sessions sont encadrées par un instructeur professionnel qui assure le briefing et l'accompagnement. L'activité est accessible aux débutants.""
          }
        },
        {
          ""@type"": ""Question"",
          ""name"": ""À partir de combien de personnes peut-on réserver un canyoning EVG ?"",
          ""acceptedAnswer"": {
            ""@type"": ""Answer"",
            ""text"": ""La majorité de nos partenaires acceptent les groupes à partir de 4 à 6 personnes. Les conditions exactes varient selon la destination. Au-delà de 12-15 participants, plusieurs créneaux sont organisés.""
          }
        },
        {
          ""@type"": ""Question"",
          ""name"": ""Que faut-il prévoir pour un canyoning EVG ?"",
          ""acceptedAnswer"": {
            ""@type"": ""Answer"",
            ""text"": ""Une pièce d'identité valide est généralement demandée. Le matériel et l'encadrement sont fournis par notre partenaire local. Prévoyez une tenue adaptée et des chaussures fermées. Détails complets fournis à la réservation.""
          }
        },
        {
          ""@type"": ""Question"",
          ""name"": ""Dans quelles villes peut-on faire un canyoning EVG ?"",
          ""acceptedAnswer"": {
            ""@type"": ""Answer"",
            ""text"": ""L'activité canyoning est disponible dans 5 destinations Crazy-EVG : Annecy, Majorque, Marbella, Montpellier, Porto.""
          }
        },
        {
          ""@type"": ""Question"",
          ""name"": ""Comment réserver un canyoning EVG ?"",
          ""acceptedAnswer"": {
            ""@type"": ""Answer"",
            ""text"": ""Demandez un devis en 1 minute sur Crazy-EVG. Notre équipe revient vers vous sous 24h avec un programme sur mesure et un tarif détaillé pour votre groupe.""
          }
        }
      ]
    },
    {
      ""@type"": ""BreadcrumbList"",
      ""@id"": ""https://www.crazy-evg.com/activity-category/canyoning-evg#breadcrumb"",
      ""itemListElement"": [
        {
          ""@type"": ""ListItem"",
          ""position"": 1,
          ""name"": ""Accueil"",
          ""item"": ""https://www.crazy-evg.com/""
        },
        {
          ""@type"": ""ListItem"",
          ""position"": 2,
          ""name"": ""Activités EVG"",
          ""item"": ""https://www.crazy-evg.com/activites-evg""
        },
        {
          ""@type"": ""ListItem"",
          ""position"": 3,
          ""name"": ""Canyoning EVG : descente de canyon en groupe"",
          ""item"": ""https://www.crazy-evg.com/activity-category/canyoning-evg""
        }
      ]
    }
  ]
}","5537"
"https://www.crazy-evg.com/activity-category/saut-en-parachute-evg","saut-en-parachute-evg","Saut en Parachute","P3 - Cold page","A optimisée","saut en parachute evg","Saut en parachute | Activité EVG | Crazy-EVG","Pour un enterrement de vie de garçon, faites l'expérience d'un saut à l'élastique. Vivez la grande expérience du saut en parachute pour un EVG inoubliable","Saut en parachute EVG : tandem à 4000m | Crazy-EVG","50","Saut en parachute EVG : saut tandem à 4000m, chute libre 50 sec. L'expérience la plus extrême pour un enterrement de vie de garçon. Devis 1 min.","144","Saut en parachute EVG","0","145","0","35,8068966","<!-- Page: https://www.crazy-evg.com/activity-category/saut-en-parachute-evg -->
<!-- Title: Saut en parachute EVG : tandem à 4000m | Crazy-EVG -->
<!-- Meta: Saut en parachute EVG : saut tandem à 4000m, chute libre 50 sec. L'expérience la plus extrême pour un enterrement de vie de garçon. Devis 1 min. -->

<h1>Saut en parachute EVG</h1>

<!-- BLOC A — Introduction -->
<p>Le <strong>saut en parachute EVG</strong> en tandem est l'activité ultime pour marquer un enterrement de vie de garçon : décollage en avion, montée à <strong>4000 mètres d'altitude</strong>, saut tandem avec moniteur diplômé, <strong>50 secondes de chute libre à 200 km/h</strong>, ouverture du parachute, descente en planant pendant 5 minutes.</p>
<p>Disponible dans 3 destinations Crazy-EVG, le <strong>saut tandem EVG</strong> est l'expérience la plus extrême du catalogue. Aucune formation requise (le moniteur s'occupe de tout), juste la certitude que cette journée restera la plus mémorable de l'EVG. Vidéo embarquée disponible en option.</p>

<!-- BLOC B — Pourquoi choisir -->
<h2>Pourquoi choisir le saut en parachute pour son EVG ?</h2>
<ul>
  <li><strong>L'expérience la plus extrême :</strong> 4000 m, 200 km/h, 50 sec de chute libre.</li>
  <li><strong>Aucune formation requise :</strong> saut tandem avec moniteur diplômé.</li>
  <li><strong>Encadrement par moniteur certifié :</strong> sécurité totale, équipement testé.</li>
  <li><strong>Vidéo embarquée :</strong> en option — la vidéo culte garantie à vie.</li>
</ul>

<!-- BLOC C — L'expérience en détail -->
<h2>L'expérience saut en parachute en détail</h2>
<p>Saut tandem type :</p>
<p><strong>À Bratislava :</strong> Et si pour son enterrement de vie de garçon à Bratislava le marié se jetait dans le vide ? C'est ce que nous proposons avec l'activité saut en parachute. Offrez-lui un grand battement de cœur et un énorme stress.</p>
<p><strong>À Budapest :</strong> Et si pour son EVG à Budapest le marié se jetait dans le vide ? C'est ce que nous proposons avec l'activité saut en parachute. Offrez-lui un grand battement de cœur et un énorme stress.</p>

<!-- BLOC D — Ce qui est inclus -->
<h2>Ce qui est inclus dans un saut en parachute EVG</h2>
<ul>
  <li>Briefing, équipement, assurances...</li>
  <li>Transfert A/R en minibus privatisé</li>
  <li>Le saut en parachute pour le futur marié, en tandem avec un instructeur professionnel</li>
  <li>Une tournée de bières pour le groupe</li>
  <li>Supplément de 45€ si le futur marié pèse plus de 100kg</li>
  <li>Saut en parachute pour le futur marié, en tandem avec un instructeur professionnel</li>
  <li>Le groupe reste en bas pour admirer le futur marié</li>
  <li>Présence de votre guide locale anglophone</li>
  <li>Le transfert A/R sur le site en minibus privatisé avec une guide locale</li>
  <li>Activité à environ 70km de Budapest</li>
</ul>

<!-- BLOC E — Tarif -->
<h2>Combien coûte un saut en parachute EVG ?</h2>
<table>
  <thead><tr><th>Critère</th><th>Fourchette</th><th>Précisions</th></tr></thead>
  <tbody>
    <tr><td>Tarif</td><td><strong>199 € à 299 € par personne</strong></td><td>Selon la destination et la formule</td></tr>
    <tr><td>Durée</td><td>1h à 4h</td><td>Transferts inclus selon les destinations</td></tr>
    <tr><td>Taille du groupe</td><td>Selon la formule, généralement 4 à 15+ pers.</td><td>Au-delà : créneaux multiples</td></tr>
    <tr><td>Nombre de destinations</td><td>3</td><td>Voir la grille ci-dessous</td></tr>
    <tr><td>Délai de réservation</td><td>5 à 14 jours</td><td>Selon la destination et la saison</td></tr>
  </tbody>
</table>

<p><strong>Note météo :</strong> les sauts dépendent des conditions de vent et de visibilité. Une formule ""jour de réserve"" est généralement incluse.</p>

<!-- BLOC F — Destinations -->
<h2>Où faire un saut en parachute pour un EVG ?</h2>
<p>L'activité <strong>Saut en parachute EVG</strong> est disponible dans <strong>3 destinations</strong> Crazy-EVG : Bratislava, Budapest, Varsovie.</p>

<!-- BLOC G — Comparatif destinations -->
<h3>Comparatif rapide des destinations</h3>
<ul>
  <li><strong><a href=""https://www.crazy-evg.com/enterrement-de-vie-de-garcon-bratislava/saut-en-parachute-activites"">Saut en Parachute EVG à Bratislava</a></strong> — Et si pour son enterrement de vie de garçon à Bratislava le marié se jetait dans le vide ? C'est ce que nous proposons avec l'activité saut en parachute. Offrez-lui un grand battement de cœur et un énorme stress. Le marié s'élance en tandem depuis un avion à une altitude de 4000 </li>
  <li><strong><a href=""https://www.crazy-evg.com/enterrement-de-vie-de-garcon-budapest/saut-en-parachute-activites"">Saut en Parachute EVG à Budapest</a></strong> — Et si pour son EVG à Budapest le marié se jetait dans le vide ? C'est ce que nous proposons avec l'activité saut en parachute. Offrez-lui un grand battement de cœur et un énorme stress. Le marié s'élance en tandem depuis un avion à une altitude de 4000 mètres avec un instructeur </li>
  <li><strong><a href=""https://www.crazy-evg.com/enterrement-de-vie-de-garcon-budapest/saut-en-parachute-activites"">Saut en Parachute EVG à Budapest</a></strong> — Et si pour son EVG à Budapest le marié faisait le grand saut ? C'est ce que nous vous proposons avec l'activité saut en parachute. Offrez-lui l'activité la plus extrême, celle qui donne vraiment des sensations fortes. En plus, il pourra revivre et partager ce moment à tout moment</li>
</ul>

<!-- BLOC H — Activités liées -->
<h2>Ces activités EVG vont aussi vous plaire</h2>
<ul>
  <li><a href=""https://www.crazy-evg.com/activity-category/saut-elastique-evg"">Saut à l'élastique EVG</a></li>
  <li><a href=""https://www.crazy-evg.com/activity-category/chute-libre-evg"">Chute libre EVG</a></li>
  <li><a href=""https://www.crazy-evg.com/activity-category/parapente-evg"">Parapente EVG</a></li>
  <li><a href=""https://www.crazy-evg.com/activity-category/faux-saut-elastique-evg"">Faux saut à l'élastique EVG</a></li>
  <li><a href=""https://www.crazy-evg.com/activity-category/flyboard-evg"">Flyboard EVG</a></li>
</ul>

<!-- BLOC I — FAQ -->
<h2>FAQ — Saut en parachute EVG</h2>

<h3>Combien coûte un saut en parachute pour un EVG ?</h3>
<p>Le tarif d'un saut en parachute EVG est compris <strong>entre 199 € et 299 € par personne</strong>. Le prix varie selon la destination, la taille du groupe et les options choisies. Demandez un <a href=""https://www.crazy-evg.com/devis"">devis en 1 minute</a> pour un tarif personnalisé.</p>

<h3>Combien de temps dure un saut en parachute EVG ?</h3>
<p>La durée varie selon la formule, généralement <strong>entre 1h et 4h transferts inclus</strong>. Consultez la fiche détaillée de chaque destination pour le programme précis.</p>

<h3>Faut-il un niveau particulier pour faire un saut en parachute EVG ?</h3>
<p>Aucun niveau requis. Toutes nos sessions sont <strong>encadrées par un instructeur professionnel</strong> qui assure le briefing et l'accompagnement. L'activité est accessible aux débutants.</p>

<h3>À partir de combien de personnes peut-on réserver un saut en parachute EVG ?</h3>
<p>La majorité de nos partenaires acceptent les groupes <strong>à partir de 4 à 6 personnes</strong>. Au-delà de 12-15 participants, plusieurs créneaux sont organisés. Les conditions exactes varient selon la destination.</p>

<h3>Que faut-il prévoir pour un saut en parachute EVG ?</h3>
<p>Une <strong>pièce d'identité valide</strong> est généralement demandée. Le matériel et l'encadrement sont fournis par notre partenaire local. Prévoyez une tenue adaptée et des chaussures fermées. Détails complets fournis à la réservation.</p>

<h3>Dans quelles villes peut-on faire un saut en parachute EVG ?</h3>
<p>L'activité est disponible dans <strong>3 destinations</strong> Crazy-EVG : Bratislava, Budapest, Varsovie.</p>

<h3>Comment réserver un saut en parachute EVG ?</h3>
<p>Demandez un <a href=""https://www.crazy-evg.com/devis"">devis en 1 minute</a> sur Crazy-EVG. Notre équipe revient vers vous sous 24h avec un programme sur mesure et un tarif détaillé pour votre groupe.</p>
","1042","{
  ""@context"": ""https://schema.org"",
  ""@graph"": [
    {
      ""@type"": ""Service"",
      ""@id"": ""https://www.crazy-evg.com/activity-category/saut-en-parachute-evg#service"",
      ""name"": ""Saut en parachute EVG"",
      ""alternateName"": ""saut en parachute evg"",
      ""description"": ""Saut en parachute EVG : saut tandem à 4000m, chute libre 50 sec. L'expérience la plus extrême pour un enterrement de vie de garçon. Devis 1 min."",
      ""serviceType"": ""Activité EVG"",
      ""category"": ""Enterrement de vie de garçon"",
      ""url"": ""https://www.crazy-evg.com/activity-category/saut-en-parachute-evg"",
      ""provider"": {
        ""@type"": ""Organization"",
        ""@id"": ""https://www.crazy-evg.com/#organization"",
        ""name"": ""Crazy-EVG"",
        ""url"": ""https://www.crazy-evg.com"",
        ""telephone"": ""+33176215730"",
        ""email"": ""contact@crazy-evg.com"",
        ""address"": {
          ""@type"": ""PostalAddress"",
          ""streetAddress"": ""8 rue du Faubourg Poissonnière"",
          ""postalCode"": ""75010"",
          ""addressLocality"": ""Paris"",
          ""addressCountry"": ""FR""
        }
      },
      ""areaServed"": [
        {
          ""@type"": ""City"",
          ""name"": ""Bratislava""
        },
        {
          ""@type"": ""City"",
          ""name"": ""Budapest""
        },
        {
          ""@type"": ""City"",
          ""name"": ""Varsovie""
        }
      ],
      ""audience"": {
        ""@type"": ""Audience"",
        ""audienceType"": ""Groupe d'amis - Enterrement de vie de garçon"",
        ""suggestedMinAge"": 18
      },
      ""offers"": {
        ""@type"": ""AggregateOffer"",
        ""priceCurrency"": ""EUR"",
        ""lowPrice"": ""199"",
        ""highPrice"": ""299"",
        ""offerCount"": ""3"",
        ""availability"": ""https://schema.org/InStock""
      }
    },
    {
      ""@type"": ""FAQPage"",
      ""@id"": ""https://www.crazy-evg.com/activity-category/saut-en-parachute-evg#faq"",
      ""mainEntity"": [
        {
          ""@type"": ""Question"",
          ""name"": ""Combien coûte un saut en parachute pour un EVG ?"",
          ""acceptedAnswer"": {
            ""@type"": ""Answer"",
            ""text"": ""Le tarif d'un saut en parachute EVG est compris entre 199 € et 299 € par personne. Le prix varie selon la destination, la taille du groupe et les options choisies. Demandez un devis en 1 minute pour un tarif personnalisé.""
          }
        },
        {
          ""@type"": ""Question"",
          ""name"": ""Combien de temps dure un saut en parachute EVG ?"",
          ""acceptedAnswer"": {
            ""@type"": ""Answer"",
            ""text"": ""La durée varie selon la formule, généralement entre 1h et 4h transferts inclus. Consultez la fiche détaillée de chaque destination pour le programme précis.""
          }
        },
        {
          ""@type"": ""Question"",
          ""name"": ""Faut-il un niveau particulier pour faire un saut en parachute EVG ?"",
          ""acceptedAnswer"": {
            ""@type"": ""Answer"",
            ""text"": ""Aucun niveau requis. Toutes nos sessions sont encadrées par un instructeur professionnel qui assure le briefing et l'accompagnement. L'activité est accessible aux débutants.""
          }
        },
        {
          ""@type"": ""Question"",
          ""name"": ""À partir de combien de personnes peut-on réserver un saut en parachute EVG ?"",
          ""acceptedAnswer"": {
            ""@type"": ""Answer"",
            ""text"": ""La majorité de nos partenaires acceptent les groupes à partir de 4 à 6 personnes. Les conditions exactes varient selon la destination. Au-delà de 12-15 participants, plusieurs créneaux sont organisés.""
          }
        },
        {
          ""@type"": ""Question"",
          ""name"": ""Que faut-il prévoir pour un saut en parachute EVG ?"",
          ""acceptedAnswer"": {
            ""@type"": ""Answer"",
            ""text"": ""Une pièce d'identité valide est généralement demandée. Le matériel et l'encadrement sont fournis par notre partenaire local. Prévoyez une tenue adaptée et des chaussures fermées. Détails complets fournis à la réservation.""
          }
        },
        {
          ""@type"": ""Question"",
          ""name"": ""Dans quelles villes peut-on faire un saut en parachute EVG ?"",
          ""acceptedAnswer"": {
            ""@type"": ""Answer"",
            ""text"": ""L'activité saut en parachute est disponible dans 3 destinations Crazy-EVG : Bratislava, Budapest, Varsovie.""
          }
        },
        {
          ""@type"": ""Question"",
          ""name"": ""Comment réserver un saut en parachute EVG ?"",
          ""acceptedAnswer"": {
            ""@type"": ""Answer"",
            ""text"": ""Demandez un devis en 1 minute sur Crazy-EVG. Notre équipe revient vers vous sous 24h avec un programme sur mesure et un tarif détaillé pour votre groupe.""
          }
        }
      ]
    },
    {
      ""@type"": ""BreadcrumbList"",
      ""@id"": ""https://www.crazy-evg.com/activity-category/saut-en-parachute-evg#breadcrumb"",
      ""itemListElement"": [
        {
          ""@type"": ""ListItem"",
          ""position"": 1,
          ""name"": ""Accueil"",
          ""item"": ""https://www.crazy-evg.com/""
        },
        {
          ""@type"": ""ListItem"",
          ""position"": 2,
          ""name"": ""Activités EVG"",
          ""item"": ""https://www.crazy-evg.com/activites-evg""
        },
        {
          ""@type"": ""ListItem"",
          ""position"": 3,
          ""name"": ""Saut en parachute EVG : tandem à 4000m"",
          ""item"": ""https://www.crazy-evg.com/activity-category/saut-en-parachute-evg""
        }
      ]
    }
  ]
}","5505"
"https://www.crazy-evg.com/activity-category/escape-room-evg","escape-room-evg","Escape Room","P3 - Cold page","A optimisée","escape game evg","Escape room| Activité EVG | Crazy-EVG","Pour votre enterrement de vie de garçon, faites l'expérience de l'escape room. Saurez-vous résoudre les énigmes et sortir à temps pour continuer votre EVG ?","Escape game EVG : énigmes en équipe entre potes | Crazy-EVG","59","Escape game EVG : 60 min pour résoudre les énigmes en équipe. 22 destinations, scénarios variés. Activité idéale en début d'enterrement.","136","Escape game EVG","1","78","0,01282051","38,2948718","<!-- Page: https://www.crazy-evg.com/activity-category/escape-room-evg -->
<!-- Title: Escape game EVG : énigmes en équipe entre potes | Crazy-EVG -->
<!-- Meta: Escape game EVG : 60 min pour résoudre les énigmes en équipe. 22 destinations, scénarios variés. Activité idéale en début d'enterrement. -->

<h1>Escape game EVG</h1>

<!-- BLOC A — Introduction -->
<p>L'<strong>escape game EVG</strong> est l'animation collective parfaite pour un enterrement de vie de garçon : <strong>60 minutes pour résoudre les énigmes</strong>, sortir de la salle, et accessoirement marquer le futur marié comme ""le dernier à avoir compris"". Scénarios immersifs (braquage, prison, manoir hanté, années 80).</p>
<p>Avec <strong>22 destinations couvertes</strong>, l'<strong>EVG escape room</strong> est l'une des activités les plus accessibles et les plus populaires. Format idéal en activité d'ouverture (avant la sortie), pour un EVG urbain, ou comme alternative aux activités physiques. Adapté aux groupes de 4 à 30 personnes (en plusieurs salles).</p>

<!-- BLOC B — Pourquoi choisir -->
<h2>Pourquoi choisir le escape room pour son EVG ?</h2>
<ul>
  <li><strong>Animation collective :</strong> tout le monde participe, esprit d'équipe garanti.</li>
  <li><strong>22 destinations couvertes :</strong> excellente disponibilité, multiples scénarios.</li>
  <li><strong>Format flexible :</strong> 60 min, parfait en activité d'ouverture.</li>
  <li><strong>Adapté à tous :</strong> du joueur expérimenté au novice, briefing complet.</li>
</ul>

<!-- BLOC C — L'expérience en détail -->
<h2>L'expérience escape room en détail</h2>
<p>Session type :</p>
<p><strong>À Annecy :</strong> L'Escape Room est située en centre-ville et est donc très facile d'accès. Une fois arrivés sur place, vous serez accueillis pour les membres de notre équipe passionnée et conviviale.</p>
<p><strong>À Bordeaux :</strong> Lancez-vous dans un Escape Game en ville lors de votre journée d'enterrement de vie de garçon à Bordeaux ! Vous avez déjà testé l' Escape Room et êtes de grands fans du concept mais avez envie de quelque chose d'un peu différent qui marque le coup pour l'EVG de votre meilleur pote ? Optez pour l'Esc</p>

<!-- BLOC D — Ce qui est inclus -->
<h2>Ce qui est inclus dans un escape room EVG</h2>
<ul>
  <li>Plusieurs équipes de 1 à 6 personnes</li>
  <li>Instructions de jeu</li>
  <li>Codes d'accès</li>
  <li>Vous jouez le jour et à l'horaire de votre choix, en toute autonomie</li>
  <li>Disposez d'un forfait 3G/4G</li>
  <li>Activez les données mobiles/géolocalisation/son</li>
  <li>Les photos et vidéos réalisées sont automatiquement enregistrées dans votre smartphone</li>
  <li>Jeu accessible depuis sur votre portable</li>
  <li>Veillez à avoir un niveau de batterie suffisant</li>
  <li>Escape game outdoor dans le centre-ville</li>
</ul>

<!-- BLOC E — Tarif -->
<h2>Combien coûte un escape room EVG ?</h2>
<table>
  <thead><tr><th>Critère</th><th>Fourchette</th><th>Précisions</th></tr></thead>
  <tbody>
    <tr><td>Tarif</td><td><strong>19 € à 39 € par personne</strong></td><td>Selon la destination et la formule</td></tr>
    <tr><td>Durée</td><td>1h à 4h</td><td>Transferts inclus selon les destinations</td></tr>
    <tr><td>Taille du groupe</td><td>Selon la formule, généralement 4 à 15+ pers.</td><td>Au-delà : créneaux multiples</td></tr>
    <tr><td>Nombre de destinations</td><td>22</td><td>Voir la grille ci-dessous</td></tr>
    <tr><td>Délai de réservation</td><td>5 à 14 jours</td><td>Selon la destination et la saison</td></tr>
  </tbody>
</table>

<!-- BLOC F — Destinations -->
<h2>Où faire un escape room pour un EVG ?</h2>
<p>L'activité <strong>Escape game EVG</strong> est disponible dans <strong>22 destinations</strong> Crazy-EVG : Amsterdam, Annecy, Barcelone, Berlin, Bordeaux, Bratislava, Bruxelles, Bucarest, Budapest, Cracovie, Deauville, Lisbonne, Lyon, Madrid, Milan, Montpellier, Paris, Porto, Prague, Rome, Varsovie, Vilnius.</p>

<!-- BLOC G — Comparatif destinations -->
<h3>Comparatif rapide des destinations</h3>
<ul>
  <li><strong><a href=""https://www.crazy-evg.com/enterrement-de-vie-de-garcon-annecy/escape-room-activites"">Escape Room EVG à Annecy</a></strong> — L'Escape Room est située en centre-ville et est donc très facile d'accès. Une fois arrivés sur place, vous serez accueillis pour les membres de notre équipe passionnée et conviviale. Après avoir reçu toutes les instructions du jeu, vous aurez 60 minutes pour résoudre toutes les é</li>
  <li><strong><a href=""https://www.crazy-evg.com/enterrement-de-vie-de-garcon-bordeaux/escape-room-activites"">Escape Room EVG à Bordeaux</a></strong> — Lancez-vous dans un Escape Game en ville lors de votre journée d'enterrement de vie de garçon à Bordeaux ! Vous avez déjà testé l' Escape Room et êtes de grands fans du concept mais avez envie de quelque chose d'un peu différent qui marque le coup pour l'EVG de votre meilleur pot</li>
  <li><strong><a href=""https://www.crazy-evg.com/enterrement-de-vie-de-garcon-bratislava/escape-room-activites"">Escape Room EVG à Bratislava</a></strong> — Qui aurait cru que vous auriez à réfléchir pour un EVG à Bratislava ? Rassurez-vous les gars, il est vrai que l'escape game c'est pas du car smash , mais c'est tout de même beaucoup plus fun qu'un Scrabble ! L'escape de Bratislava n'a rien à envier à SAW. Enfermés dans une pièce </li>
</ul>

<!-- BLOC H — Activités liées -->
<h2>Ces activités EVG vont aussi vous plaire</h2>
<ul>
  <li><a href=""https://www.crazy-evg.com/activity-category/laser-game-evg"">Laser game EVG</a></li>
  <li><a href=""https://www.crazy-evg.com/activity-category/paintball-evg"">Paintball EVG</a></li>
  <li><a href=""https://www.crazy-evg.com/activity-category/kidnapping-evg"">Kidnapping EVG</a></li>
  <li><a href=""https://www.crazy-evg.com/activity-category/footbulle-evg"">Bubble foot EVG</a></li>
  <li><a href=""https://www.crazy-evg.com/activity-category/airsoft-battle-evg"">Airsoft battle EVG</a></li>
</ul>

<!-- BLOC I — FAQ -->
<h2>FAQ — Escape game EVG</h2>

<h3>Combien coûte un escape room pour un EVG ?</h3>
<p>Le tarif d'un escape room EVG est compris <strong>entre 19 € et 39 € par personne</strong>. Le prix varie selon la destination, la taille du groupe et les options choisies. Demandez un <a href=""https://www.crazy-evg.com/devis"">devis en 1 minute</a> pour un tarif personnalisé.</p>

<h3>Combien de temps dure un escape room EVG ?</h3>
<p>La durée varie selon la formule, généralement <strong>entre 1h et 4h transferts inclus</strong>. Consultez la fiche détaillée de chaque destination pour le programme précis.</p>

<h3>Faut-il un niveau particulier pour faire un escape room EVG ?</h3>
<p>Aucun niveau requis. Toutes nos sessions sont <strong>encadrées par un instructeur professionnel</strong> qui assure le briefing et l'accompagnement. L'activité est accessible aux débutants.</p>

<h3>À partir de combien de personnes peut-on réserver un escape room EVG ?</h3>
<p>La majorité de nos partenaires acceptent les groupes <strong>à partir de 4 à 6 personnes</strong>. Au-delà de 12-15 participants, plusieurs créneaux sont organisés. Les conditions exactes varient selon la destination.</p>

<h3>Que faut-il prévoir pour un escape room EVG ?</h3>
<p>Une <strong>pièce d'identité valide</strong> est généralement demandée. Le matériel et l'encadrement sont fournis par notre partenaire local. Prévoyez une tenue adaptée et des chaussures fermées. Détails complets fournis à la réservation.</p>

<h3>Dans quelles villes peut-on faire un escape room EVG ?</h3>
<p>L'activité est disponible dans <strong>22 destinations</strong> Crazy-EVG : Amsterdam, Annecy, Barcelone, Berlin, Bordeaux, Bratislava, Bruxelles, Bucarest, Budapest, Cracovie, Deauville, Lisbonne, Lyon, Madrid, Milan, Montpellier, Paris, Porto, Prague, Rome, Varsovie, Vilnius.</p>

<h3>Comment réserver un escape room EVG ?</h3>
<p>Demandez un <a href=""https://www.crazy-evg.com/devis"">devis en 1 minute</a> sur Crazy-EVG. Notre équipe revient vers vous sous 24h avec un programme sur mesure et un tarif détaillé pour votre groupe.</p>
","1011","{
  ""@context"": ""https://schema.org"",
  ""@graph"": [
    {
      ""@type"": ""Service"",
      ""@id"": ""https://www.crazy-evg.com/activity-category/escape-room-evg#service"",
      ""name"": ""Escape game EVG"",
      ""alternateName"": ""escape game evg"",
      ""description"": ""Escape game EVG : 60 min pour résoudre les énigmes en équipe. 22 destinations, scénarios variés. Activité idéale en début d'enterrement."",
      ""serviceType"": ""Activité EVG"",
      ""category"": ""Enterrement de vie de garçon"",
      ""url"": ""https://www.crazy-evg.com/activity-category/escape-room-evg"",
      ""provider"": {
        ""@type"": ""Organization"",
        ""@id"": ""https://www.crazy-evg.com/#organization"",
        ""name"": ""Crazy-EVG"",
        ""url"": ""https://www.crazy-evg.com"",
        ""telephone"": ""+33176215730"",
        ""email"": ""contact@crazy-evg.com"",
        ""address"": {
          ""@type"": ""PostalAddress"",
          ""streetAddress"": ""8 rue du Faubourg Poissonnière"",
          ""postalCode"": ""75010"",
          ""addressLocality"": ""Paris"",
          ""addressCountry"": ""FR""
        }
      },
      ""areaServed"": [
        {
          ""@type"": ""City"",
          ""name"": ""Amsterdam""
        },
        {
          ""@type"": ""City"",
          ""name"": ""Annecy""
        },
        {
          ""@type"": ""City"",
          ""name"": ""Barcelone""
        },
        {
          ""@type"": ""City"",
          ""name"": ""Berlin""
        },
        {
          ""@type"": ""City"",
          ""name"": ""Bordeaux""
        },
        {
          ""@type"": ""City"",
          ""name"": ""Bratislava""
        },
        {
          ""@type"": ""City"",
          ""name"": ""Bruxelles""
        },
        {
          ""@type"": ""City"",
          ""name"": ""Bucarest""
        },
        {
          ""@type"": ""City"",
          ""name"": ""Budapest""
        },
        {
          ""@type"": ""City"",
          ""name"": ""Cracovie""
        },
        {
          ""@type"": ""City"",
          ""name"": ""Deauville""
        },
        {
          ""@type"": ""City"",
          ""name"": ""Lisbonne""
        },
        {
          ""@type"": ""City"",
          ""name"": ""Lyon""
        },
        {
          ""@type"": ""City"",
          ""name"": ""Madrid""
        },
        {
          ""@type"": ""City"",
          ""name"": ""Milan""
        },
        {
          ""@type"": ""City"",
          ""name"": ""Montpellier""
        },
        {
          ""@type"": ""City"",
          ""name"": ""Paris""
        },
        {
          ""@type"": ""City"",
          ""name"": ""Porto""
        },
        {
          ""@type"": ""City"",
          ""name"": ""Prague""
        },
        {
          ""@type"": ""City"",
          ""name"": ""Rome""
        },
        {
          ""@type"": ""City"",
          ""name"": ""Varsovie""
        },
        {
          ""@type"": ""City"",
          ""name"": ""Vilnius""
        }
      ],
      ""audience"": {
        ""@type"": ""Audience"",
        ""audienceType"": ""Groupe d'amis - Enterrement de vie de garçon"",
        ""suggestedMinAge"": 18
      },
      ""offers"": {
        ""@type"": ""AggregateOffer"",
        ""priceCurrency"": ""EUR"",
        ""lowPrice"": ""19"",
        ""highPrice"": ""39"",
        ""offerCount"": ""22"",
        ""availability"": ""https://schema.org/InStock""
      }
    },
    {
      ""@type"": ""FAQPage"",
      ""@id"": ""https://www.crazy-evg.com/activity-category/escape-room-evg#faq"",
      ""mainEntity"": [
        {
          ""@type"": ""Question"",
          ""name"": ""Combien coûte un escape room pour un EVG ?"",
          ""acceptedAnswer"": {
            ""@type"": ""Answer"",
            ""text"": ""Le tarif d'un escape room EVG est compris entre 19 € et 39 € par personne. Le prix varie selon la destination, la taille du groupe et les options choisies. Demandez un devis en 1 minute pour un tarif personnalisé.""
          }
        },
        {
          ""@type"": ""Question"",
          ""name"": ""Combien de temps dure un escape room EVG ?"",
          ""acceptedAnswer"": {
            ""@type"": ""Answer"",
            ""text"": ""La durée varie selon la formule, généralement entre 1h et 4h transferts inclus. Consultez la fiche détaillée de chaque destination pour le programme précis.""
          }
        },
        {
          ""@type"": ""Question"",
          ""name"": ""Faut-il un niveau particulier pour faire un escape room EVG ?"",
          ""acceptedAnswer"": {
            ""@type"": ""Answer"",
            ""text"": ""Aucun niveau requis. Toutes nos sessions sont encadrées par un instructeur professionnel qui assure le briefing et l'accompagnement. L'activité est accessible aux débutants.""
          }
        },
        {
          ""@type"": ""Question"",
          ""name"": ""À partir de combien de personnes peut-on réserver un escape room EVG ?"",
          ""acceptedAnswer"": {
            ""@type"": ""Answer"",
            ""text"": ""La majorité de nos partenaires acceptent les groupes à partir de 4 à 6 personnes. Les conditions exactes varient selon la destination. Au-delà de 12-15 participants, plusieurs créneaux sont organisés.""
          }
        },
        {
          ""@type"": ""Question"",
          ""name"": ""Que faut-il prévoir pour un escape room EVG ?"",
          ""acceptedAnswer"": {
            ""@type"": ""Answer"",
            ""text"": ""Une pièce d'identité valide est généralement demandée. Le matériel et l'encadrement sont fournis par notre partenaire local. Prévoyez une tenue adaptée et des chaussures fermées. Détails complets fournis à la réservation.""
          }
        },
        {
          ""@type"": ""Question"",
          ""name"": ""Dans quelles villes peut-on faire un escape room EVG ?"",
          ""acceptedAnswer"": {
            ""@type"": ""Answer"",
            ""text"": ""L'activité escape room est disponible dans 22 destinations Crazy-EVG : Amsterdam, Annecy, Barcelone, Berlin, Bordeaux, Bratislava, Bruxelles, Bucarest, Budapest, Cracovie, Deauville, Lisbonne, Lyon, Madrid, Milan, Montpellier, Paris, Porto, Prague, Rome, Varsovie, Vilnius.""
          }
        },
        {
          ""@type"": ""Question"",
          ""name"": ""Comment réserver un escape room EVG ?"",
          ""acceptedAnswer"": {
            ""@type"": ""Answer"",
            ""text"": ""Demandez un devis en 1 minute sur Crazy-EVG. Notre équipe revient vers vous sous 24h avec un programme sur mesure et un tarif détaillé pour votre groupe.""
          }
        }
      ]
    },
    {
      ""@type"": ""BreadcrumbList"",
      ""@id"": ""https://www.crazy-evg.com/activity-category/escape-room-evg#breadcrumb"",
      ""itemListElement"": [
        {
          ""@type"": ""ListItem"",
          ""position"": 1,
          ""name"": ""Accueil"",
          ""item"": ""https://www.crazy-evg.com/""
        },
        {
          ""@type"": ""ListItem"",
          ""position"": 2,
          ""name"": ""Activités EVG"",
          ""item"": ""https://www.crazy-evg.com/activites-evg""
        },
        {
          ""@type"": ""ListItem"",
          ""position"": 3,
          ""name"": ""Escape game EVG : énigmes en équipe entre potes"",
          ""item"": ""https://www.crazy-evg.com/activity-category/escape-room-evg""
        }
      ]
    }
  ]
}","7028"
"https://www.crazy-evg.com/activity-category/hydrospeed-evg","hydrospeed-evg","Hydrospeed","P3 - Cold page","","hydrospeed evg","Hydrospeed | Activité EVG | Crazy-EVG","Pour votre enterrement de vie de garçon, faites l'expérience de l'hydrospeed. Activité d'EVG pour les fans de sensations fortes, qui aiment être mouillés","Hydrospeed EVG : descente de rivière en flotteur | Crazy-EVG","60","Hydrospeed EVG : descente de rapides en flotteur individuel, encadré par un guide. Sensations aquatiques fortes pour un enterrement original.","141","Hydrospeed EVG","0","10","0","49,5","<!-- Page: https://www.crazy-evg.com/activity-category/hydrospeed-evg -->
<!-- Title: Hydrospeed EVG : descente de rivière en flotteur | Crazy-EVG -->
<!-- Meta: Hydrospeed EVG : descente de rapides en flotteur individuel, encadré par un guide. Sensations aquatiques fortes pour un enterrement original. -->

<h1>Hydrospeed EVG</h1>

<!-- BLOC A — Introduction -->
<p>L'<strong>hydrospeed EVG</strong> est la version individuelle et adrénaline du rafting : <strong>descente de rapides en flotteur individuel</strong>, palmes aux pieds, casque sur la tête, combinaison épaisse pour absorber les chocs. Plus engagé que le rafting (pas de raft pour vous protéger), c'est l'activité parfaite pour les groupes qui veulent du vrai sport d'eau.</p>
<p>Disponible dans 2 destinations Crazy-EVG (principalement en montagne), l'<strong>hydrospeed pour EVG</strong> est encadré par un moniteur diplômé d'État qui ouvre la voie. Comptez 2 à 3h de descente, équipement complet fourni. Une activité unique pour un enterrement de vie de garçon nature.</p>

<!-- BLOC B — Pourquoi choisir -->
<h2>Pourquoi choisir le hydrospeed pour son EVG ?</h2>
<ul>
  <li><strong>Plus engagé que le rafting :</strong> vous êtes seul sur votre flotteur dans les rapides.</li>
  <li><strong>Encadrement par moniteur diplômé :</strong> il ouvre la voie et reste au plus proche du groupe.</li>
  <li><strong>Équipement complet :</strong> combinaison épaisse, casque, palmes, gilet.</li>
  <li><strong>Sensations aquatiques pures :</strong> la rivière à hauteur de visage, l'expérience la plus immersive.</li>
</ul>

<!-- BLOC C — L'expérience en détail -->
<h2>L'expérience hydrospeed en détail</h2>
<p>Descente type :</p>
<p><strong>À Annecy :</strong> Équipés de palmes, d'un flotteur en mousse Hydrospeed et d'une combinaison isotherme spécifique à l'activité, la nage en eaux-vives vous permettra d'évoluer de manière individuelle, au gré du courant, de surfer avec les moindres vagues et d'affronter les rapides.</p>
<p><strong>À Bratislava :</strong> Le concept de l'Hydrospeed est simple, vous faites une descente sportive dans une rivière remplie de rapides. C'est une véritable activité de Man vs Wild ! Cette activité est vraiment idéale pour les fans d'aventure et de sensations.</p>

<!-- BLOC D — Ce qui est inclus -->
<h2>Ce qui est inclus dans un hydrospeed EVG</h2>
<ul>
  <li>7 km de descente en hydrospeed</li>
  <li>Durée : environ 2h</li>
  <li>L'encadrement par un moniteur</li>
  <li>Le matériel nécessaire (combinaison, casque, gilet de sauvetage, flotteur en mousse, palmes)</li>
  <li>30 minutes d'instruction</li>
  <li>1h de descente dans les rapides</li>
  <li>Présence de votre guide locale anglophone</li>
  <li>Présence d'un instructeur local</li>
  <li>Equipement complet</li>
  <li>Transfert A/R en minibus privatisé</li>
</ul>

<!-- BLOC E — Tarif -->
<h2>Combien coûte un hydrospeed EVG ?</h2>
<table>
  <thead><tr><th>Critère</th><th>Fourchette</th><th>Précisions</th></tr></thead>
  <tbody>
    <tr><td>Tarif</td><td><strong>49 € à 99 € par personne</strong></td><td>Selon la destination et la formule</td></tr>
    <tr><td>Durée</td><td>1h à 4h</td><td>Transferts inclus selon les destinations</td></tr>
    <tr><td>Taille du groupe</td><td>Selon la formule, généralement 4 à 15+ pers.</td><td>Au-delà : créneaux multiples</td></tr>
    <tr><td>Nombre de destinations</td><td>2</td><td>Voir la grille ci-dessous</td></tr>
    <tr><td>Délai de réservation</td><td>5 à 14 jours</td><td>Selon la destination et la saison</td></tr>
  </tbody>
</table>

<p><strong>À noter :</strong> l'hydrospeed et le <a href=""https://www.crazy-evg.com/activity-category/rafting-eaux-vives-evg"">rafting EVG</a> sont des activités complémentaires — le rafting reste plus accessible (raft collectif), l'hydrospeed plus engagé.</p>

<!-- BLOC F — Destinations -->
<h2>Où faire un hydrospeed pour un EVG ?</h2>
<p>L'activité <strong>Hydrospeed EVG</strong> est disponible dans <strong>2 destinations</strong> Crazy-EVG : Annecy, Bratislava.</p>

<!-- BLOC G — Comparatif destinations -->
<h3>Comparatif rapide des destinations</h3>
<ul>
  <li><strong><a href=""https://www.crazy-evg.com/enterrement-de-vie-de-garcon-annecy/hydrospeed-activites"">Hydrospeed EVG à Annecy</a></strong> — Équipés de palmes, d'un flotteur en mousse Hydrospeed et d'une combinaison isotherme spécifique à l'activité, la nage en eaux-vives vous permettra d'évoluer de manière individuelle, au gré du courant, de surfer avec les moindres vagues et d'affronter les rapides. Une activité acc</li>
  <li><strong><a href=""https://www.crazy-evg.com/enterrement-de-vie-de-garcon-bratislava/hydrospeed-activites"">Hydrospeed EVG à Bratislava</a></strong> — Le concept de l'Hydrospeed est simple, vous faites une descente sportive dans une rivière remplie de rapides. C'est une véritable activité de Man vs Wild ! Cette activité est vraiment idéale pour les fans d'aventure et de sensations. Rassurez-vous, un instructeur vous accueille p</li>
</ul>

<!-- BLOC H — Activités liées -->
<h2>Ces activités EVG vont aussi vous plaire</h2>
<ul>
  <li><a href=""https://www.crazy-evg.com/activity-category/rafting-eaux-vives-evg"">Rafting EVG</a></li>
  <li><a href=""https://www.crazy-evg.com/activity-category/canyoning-evg"">Canyoning EVG</a></li>
  <li><a href=""https://www.crazy-evg.com/activity-category/jet-ski-evg"">Jet ski EVG</a></li>
  <li><a href=""https://www.crazy-evg.com/activity-category/flyboard-evg"">Flyboard EVG</a></li>
  <li><a href=""https://www.crazy-evg.com/activity-category/croisiere-bateau-evg"">Croisière en bateau EVG</a></li>
</ul>

<!-- BLOC I — FAQ -->
<h2>FAQ — Hydrospeed EVG</h2>

<h3>Combien coûte un hydrospeed pour un EVG ?</h3>
<p>Le tarif d'un hydrospeed EVG est compris <strong>entre 49 € et 99 € par personne</strong>. Le prix varie selon la destination, la taille du groupe et les options choisies. Demandez un <a href=""https://www.crazy-evg.com/devis"">devis en 1 minute</a> pour un tarif personnalisé.</p>

<h3>Combien de temps dure un hydrospeed EVG ?</h3>
<p>La durée varie selon la formule, généralement <strong>entre 1h et 4h transferts inclus</strong>. Consultez la fiche détaillée de chaque destination pour le programme précis.</p>

<h3>Faut-il un niveau particulier pour faire un hydrospeed EVG ?</h3>
<p>Aucun niveau requis. Toutes nos sessions sont <strong>encadrées par un instructeur professionnel</strong> qui assure le briefing et l'accompagnement. L'activité est accessible aux débutants.</p>

<h3>À partir de combien de personnes peut-on réserver un hydrospeed EVG ?</h3>
<p>La majorité de nos partenaires acceptent les groupes <strong>à partir de 4 à 6 personnes</strong>. Au-delà de 12-15 participants, plusieurs créneaux sont organisés. Les conditions exactes varient selon la destination.</p>

<h3>Que faut-il prévoir pour un hydrospeed EVG ?</h3>
<p>Une <strong>pièce d'identité valide</strong> est généralement demandée. Le matériel et l'encadrement sont fournis par notre partenaire local. Prévoyez une tenue adaptée et des chaussures fermées. Détails complets fournis à la réservation.</p>

<h3>Dans quelles villes peut-on faire un hydrospeed EVG ?</h3>
<p>L'activité est disponible dans <strong>2 destinations</strong> Crazy-EVG : Annecy, Bratislava.</p>

<h3>Comment réserver un hydrospeed EVG ?</h3>
<p>Demandez un <a href=""https://www.crazy-evg.com/devis"">devis en 1 minute</a> sur Crazy-EVG. Notre équipe revient vers vous sous 24h avec un programme sur mesure et un tarif détaillé pour votre groupe.</p>
","900","{
  ""@context"": ""https://schema.org"",
  ""@graph"": [
    {
      ""@type"": ""Service"",
      ""@id"": ""https://www.crazy-evg.com/activity-category/hydrospeed-evg#service"",
      ""name"": ""Hydrospeed EVG"",
      ""alternateName"": ""hydrospeed evg"",
      ""description"": ""Hydrospeed EVG : descente de rapides en flotteur individuel, encadré par un guide. Sensations aquatiques fortes pour un enterrement original."",
      ""serviceType"": ""Activité EVG"",
      ""category"": ""Enterrement de vie de garçon"",
      ""url"": ""https://www.crazy-evg.com/activity-category/hydrospeed-evg"",
      ""provider"": {
        ""@type"": ""Organization"",
        ""@id"": ""https://www.crazy-evg.com/#organization"",
        ""name"": ""Crazy-EVG"",
        ""url"": ""https://www.crazy-evg.com"",
        ""telephone"": ""+33176215730"",
        ""email"": ""contact@crazy-evg.com"",
        ""address"": {
          ""@type"": ""PostalAddress"",
          ""streetAddress"": ""8 rue du Faubourg Poissonnière"",
          ""postalCode"": ""75010"",
          ""addressLocality"": ""Paris"",
          ""addressCountry"": ""FR""
        }
      },
      ""areaServed"": [
        {
          ""@type"": ""City"",
          ""name"": ""Annecy""
        },
        {
          ""@type"": ""City"",
          ""name"": ""Bratislava""
        }
      ],
      ""audience"": {
        ""@type"": ""Audience"",
        ""audienceType"": ""Groupe d'amis - Enterrement de vie de garçon"",
        ""suggestedMinAge"": 18
      },
      ""offers"": {
        ""@type"": ""AggregateOffer"",
        ""priceCurrency"": ""EUR"",
        ""lowPrice"": ""49"",
        ""highPrice"": ""99"",
        ""offerCount"": ""2"",
        ""availability"": ""https://schema.org/InStock""
      }
    },
    {
      ""@type"": ""FAQPage"",
      ""@id"": ""https://www.crazy-evg.com/activity-category/hydrospeed-evg#faq"",
      ""mainEntity"": [
        {
          ""@type"": ""Question"",
          ""name"": ""Combien coûte un hydrospeed pour un EVG ?"",
          ""acceptedAnswer"": {
            ""@type"": ""Answer"",
            ""text"": ""Le tarif d'un hydrospeed EVG est compris entre 49 € et 99 € par personne. Le prix varie selon la destination, la taille du groupe et les options choisies. Demandez un devis en 1 minute pour un tarif personnalisé.""
          }
        },
        {
          ""@type"": ""Question"",
          ""name"": ""Combien de temps dure un hydrospeed EVG ?"",
          ""acceptedAnswer"": {
            ""@type"": ""Answer"",
            ""text"": ""La durée varie selon la formule, généralement entre 1h et 4h transferts inclus. Consultez la fiche détaillée de chaque destination pour le programme précis.""
          }
        },
        {
          ""@type"": ""Question"",
          ""name"": ""Faut-il un niveau particulier pour faire un hydrospeed EVG ?"",
          ""acceptedAnswer"": {
            ""@type"": ""Answer"",
            ""text"": ""Aucun niveau requis. Toutes nos sessions sont encadrées par un instructeur professionnel qui assure le briefing et l'accompagnement. L'activité est accessible aux débutants.""
          }
        },
        {
          ""@type"": ""Question"",
          ""name"": ""À partir de combien de personnes peut-on réserver un hydrospeed EVG ?"",
          ""acceptedAnswer"": {
            ""@type"": ""Answer"",
            ""text"": ""La majorité de nos partenaires acceptent les groupes à partir de 4 à 6 personnes. Les conditions exactes varient selon la destination. Au-delà de 12-15 participants, plusieurs créneaux sont organisés.""
          }
        },
        {
          ""@type"": ""Question"",
          ""name"": ""Que faut-il prévoir pour un hydrospeed EVG ?"",
          ""acceptedAnswer"": {
            ""@type"": ""Answer"",
            ""text"": ""Une pièce d'identité valide est généralement demandée. Le matériel et l'encadrement sont fournis par notre partenaire local. Prévoyez une tenue adaptée et des chaussures fermées. Détails complets fournis à la réservation.""
          }
        },
        {
          ""@type"": ""Question"",
          ""name"": ""Dans quelles villes peut-on faire un hydrospeed EVG ?"",
          ""acceptedAnswer"": {
            ""@type"": ""Answer"",
            ""text"": ""L'activité hydrospeed est disponible dans 2 destinations Crazy-EVG : Annecy, Bratislava.""
          }
        },
        {
          ""@type"": ""Question"",
          ""name"": ""Comment réserver un hydrospeed EVG ?"",
          ""acceptedAnswer"": {
            ""@type"": ""Answer"",
            ""text"": ""Demandez un devis en 1 minute sur Crazy-EVG. Notre équipe revient vers vous sous 24h avec un programme sur mesure et un tarif détaillé pour votre groupe.""
          }
        }
      ]
    },
    {
      ""@type"": ""BreadcrumbList"",
      ""@id"": ""https://www.crazy-evg.com/activity-category/hydrospeed-evg#breadcrumb"",
      ""itemListElement"": [
        {
          ""@type"": ""ListItem"",
          ""position"": 1,
          ""name"": ""Accueil"",
          ""item"": ""https://www.crazy-evg.com/""
        },
        {
          ""@type"": ""ListItem"",
          ""position"": 2,
          ""name"": ""Activités EVG"",
          ""item"": ""https://www.crazy-evg.com/activites-evg""
        },
        {
          ""@type"": ""ListItem"",
          ""position"": 3,
          ""name"": ""Hydrospeed EVG : descente de rivière en flotteur"",
          ""item"": ""https://www.crazy-evg.com/activity-category/hydrospeed-evg""
        }
      ]
    }
  ]
}","5302"
"https://www.crazy-evg.com/activity-category/rafting-eaux-vives-evg","rafting-eaux-vives-evg","Rafting Eaux Vives","P3 - Cold page","A optimisée","rafting evg","Rafting | Activité EVG | Crazy-EVG","Pour un enterrement de vie de garçon, faites l'expérience du rafting. Faites le plein de sensations fortes avec cette activité indispensable pour tout EVG.","Rafting EVG : descente en eaux vives entre potes | Crazy-EVG","60","Rafting EVG : descente en eaux vives en équipe, encadrée par un moniteur diplômé. 5 destinations. Idéal pour un EVG nature et adrénaline.","137","Rafting EVG","0","34","0","71","<!-- Page: https://www.crazy-evg.com/activity-category/rafting-eaux-vives-evg -->
<!-- Title: Rafting EVG : descente en eaux vives entre potes | Crazy-EVG -->
<!-- Meta: Rafting EVG : descente en eaux vives en équipe, encadrée par un moniteur diplômé. 5 destinations. Idéal pour un EVG nature et adrénaline. -->

<h1>Rafting EVG</h1>

<!-- BLOC A — Introduction -->
<p>Le <strong>rafting EVG</strong> est l'activité aventure d'eau la plus accessible : <strong>descente collective en raft</strong> (8 places), encadré par un moniteur diplômé, sur des rapides classés selon leur difficulté. Pagayer ensemble, contourner les rochers, traverser les vagues — l'esprit d'équipe par l'effort.</p>
<p>Disponible dans 5 destinations Crazy-EVG (montagne, sud de la France, Europe centrale), le <strong>rafting EVG</strong> se pratique d'avril à octobre. Comptez une demi-journée sur place, équipement complet fourni. À combiner avec son cousin plus engagé : l'<a href=""https://www.crazy-evg.com/activity-category/hydrospeed-evg"">hydrospeed EVG</a>.</p>

<!-- BLOC B — Pourquoi choisir -->
<h2>Pourquoi choisir le rafting eaux vives pour son EVG ?</h2>
<ul>
  <li><strong>Aventure collective :</strong> tout le groupe dans le même raft, esprit d'équipe.</li>
  <li><strong>Adapté à tous niveaux :</strong> du débutant au pagayeur expérimenté.</li>
  <li><strong>Encadrement par moniteur diplômé d'État :</strong> sécurité maximale.</li>
  <li><strong>Équipement complet fourni :</strong> combinaison, gilet, casque, pagaie.</li>
</ul>

<!-- BLOC C — L'expérience en détail -->
<h2>L'expérience rafting eaux vives en détail</h2>
<p>Demi-journée type :</p>
<p><strong>À Bratislava :</strong> Une bonne petite activité à la fois nautique et sportive ça fait toujours du bien ! Pour votre EVG à Bratislava, faites une petite virée en rafting sur un vrai parcours de professionnel pour un grand moment de bonheur et d'eau fraîche.</p>
<p><strong>À Rome :</strong> Surfez sur le Tibre avec notre Soft Rafting dans Rome lors votre enterrement de vie de garçon ! Situé au nord de Rome, cette activité est accessible en tramway. Le transfert n'est pas inclus, cependant vous pouvez ajouter un transfert en minibus privatisé sur demande si vous le désirez.</p>

<!-- BLOC D — Ce qui est inclus -->
<h2>Ce qui est inclus dans un rafting eaux vives EVG</h2>
<ul>
  <li>Guide locale</li>
  <li>Équipement de rafting complet</li>
  <li>Briefing et encadrement par un instructeur</li>
  <li>1 descente en rafting sportive de l'Isère</li>
  <li>Durée de l'activité: 1h30</li>
  <li>Une descente de 16 km avec sauts, chavirements...</li>
  <li>Bateau pour 8 personnes (mixé si le groupe est plus ou moins de 8)</li>
  <li>L'activité a lieu à 1h de route d'Annecy</li>
  <li>Saison : De début Mai à fin Septembre</li>
  <li>30 minutes d'instruction</li>
</ul>

<!-- BLOC E — Tarif -->
<h2>Combien coûte un rafting eaux vives EVG ?</h2>
<table>
  <thead><tr><th>Critère</th><th>Fourchette</th><th>Précisions</th></tr></thead>
  <tbody>
    <tr><td>Tarif</td><td><strong>49 € à 99 € par personne</strong></td><td>Selon la destination et la formule</td></tr>
    <tr><td>Durée</td><td>1h à 4h</td><td>Transferts inclus selon les destinations</td></tr>
    <tr><td>Taille du groupe</td><td>Selon la formule, généralement 4 à 15+ pers.</td><td>Au-delà : créneaux multiples</td></tr>
    <tr><td>Nombre de destinations</td><td>5</td><td>Voir la grille ci-dessous</td></tr>
    <tr><td>Délai de réservation</td><td>5 à 14 jours</td><td>Selon la destination et la saison</td></tr>
  </tbody>
</table>

<p><strong>Note saisonnière :</strong> activité disponible d'avril à octobre, selon le débit des rivières.</p>

<!-- BLOC F — Destinations -->
<h2>Où faire un rafting eaux vives pour un EVG ?</h2>
<p>L'activité <strong>Rafting EVG</strong> est disponible dans <strong>5 destinations</strong> Crazy-EVG : Annecy, Bratislava, Porto, Prague, Rome.</p>

<!-- BLOC G — Comparatif destinations -->
<h3>Comparatif rapide des destinations</h3>
<ul>
  <li><strong><a href=""https://www.crazy-evg.com/enterrement-de-vie-de-garcon-bratislava/rafting-eaux-vives-activites"">Rafting Eaux Vives EVG à Bratislava</a></strong> — Une bonne petite activité à la fois nautique et sportive ça fait toujours du bien ! Pour votre EVG à Bratislava, faites une petite virée en rafting sur un vrai parcours de professionnel pour un grand moment de bonheur et d'eau fraîche. La guide et le minibus vous récupèrent à vot</li>
  <li><strong><a href=""https://www.crazy-evg.com/enterrement-de-vie-de-garcon-rome/rafting-eaux-vives-activites"">Rafting Eaux Vives EVG à Rome</a></strong> — Surfez sur le Tibre avec notre Soft Rafting dans Rome lors votre enterrement de vie de garçon ! Situé au nord de Rome, cette activité est accessible en tramway. Le transfert n'est pas inclus, cependant vous pouvez ajouter un transfert en minibus privatisé sur demande si vous le d</li>
  <li><strong><a href=""https://www.crazy-evg.com/enterrement-de-vie-de-garcon-prague/rafting-eaux-vives-activites"">Rafting Eaux Vives EVG à Prague</a></strong> — Sautez dans le pneumatique et essayez de survivre au rafting sur la rivière Vltava pendant votre enterrement de vie de garçon à Prague. Votre guide locale viendra vous chercher devant votre hébergement et vous accompagne sur le lieu d'activité, situé à environ 40 km de Prague. Un</li>
</ul>

<!-- BLOC H — Activités liées -->
<h2>Ces activités EVG vont aussi vous plaire</h2>
<ul>
  <li><a href=""https://www.crazy-evg.com/activity-category/canyoning-evg"">Canyoning EVG</a></li>
  <li><a href=""https://www.crazy-evg.com/activity-category/hydrospeed-evg"">Hydrospeed EVG</a></li>
  <li><a href=""https://www.crazy-evg.com/activity-category/parapente-evg"">Parapente EVG</a></li>
  <li><a href=""https://www.crazy-evg.com/activity-category/saut-elastique-evg"">Saut à l'élastique EVG</a></li>
  <li><a href=""https://www.crazy-evg.com/activity-category/quad-buggy-evg"">Quad & buggy EVG</a></li>
</ul>

<!-- BLOC I — FAQ -->
<h2>FAQ — Rafting EVG</h2>

<h3>Combien coûte un rafting eaux vives pour un EVG ?</h3>
<p>Le tarif d'un rafting eaux vives EVG est compris <strong>entre 49 € et 99 € par personne</strong>. Le prix varie selon la destination, la taille du groupe et les options choisies. Demandez un <a href=""https://www.crazy-evg.com/devis"">devis en 1 minute</a> pour un tarif personnalisé.</p>

<h3>Combien de temps dure un rafting eaux vives EVG ?</h3>
<p>La durée varie selon la formule, généralement <strong>entre 1h et 4h transferts inclus</strong>. Consultez la fiche détaillée de chaque destination pour le programme précis.</p>

<h3>Faut-il un niveau particulier pour faire un rafting eaux vives EVG ?</h3>
<p>Aucun niveau requis. Toutes nos sessions sont <strong>encadrées par un instructeur professionnel</strong> qui assure le briefing et l'accompagnement. L'activité est accessible aux débutants.</p>

<h3>À partir de combien de personnes peut-on réserver un rafting eaux vives EVG ?</h3>
<p>La majorité de nos partenaires acceptent les groupes <strong>à partir de 4 à 6 personnes</strong>. Au-delà de 12-15 participants, plusieurs créneaux sont organisés. Les conditions exactes varient selon la destination.</p>

<h3>Que faut-il prévoir pour un rafting eaux vives EVG ?</h3>
<p>Une <strong>pièce d'identité valide</strong> est généralement demandée. Le matériel et l'encadrement sont fournis par notre partenaire local. Prévoyez une tenue adaptée et des chaussures fermées. Détails complets fournis à la réservation.</p>

<h3>Dans quelles villes peut-on faire un rafting eaux vives EVG ?</h3>
<p>L'activité est disponible dans <strong>5 destinations</strong> Crazy-EVG : Annecy, Bratislava, Porto, Prague, Rome.</p>

<h3>Comment réserver un rafting eaux vives EVG ?</h3>
<p>Demandez un <a href=""https://www.crazy-evg.com/devis"">devis en 1 minute</a> sur Crazy-EVG. Notre équipe revient vers vous sous 24h avec un programme sur mesure et un tarif détaillé pour votre groupe.</p>
","996","{
  ""@context"": ""https://schema.org"",
  ""@graph"": [
    {
      ""@type"": ""Service"",
      ""@id"": ""https://www.crazy-evg.com/activity-category/rafting-eaux-vives-evg#service"",
      ""name"": ""Rafting EVG"",
      ""alternateName"": ""rafting evg"",
      ""description"": ""Rafting EVG : descente en eaux vives en équipe, encadrée par un moniteur diplômé. 5 destinations. Idéal pour un EVG nature et adrénaline."",
      ""serviceType"": ""Activité EVG"",
      ""category"": ""Enterrement de vie de garçon"",
      ""url"": ""https://www.crazy-evg.com/activity-category/rafting-eaux-vives-evg"",
      ""provider"": {
        ""@type"": ""Organization"",
        ""@id"": ""https://www.crazy-evg.com/#organization"",
        ""name"": ""Crazy-EVG"",
        ""url"": ""https://www.crazy-evg.com"",
        ""telephone"": ""+33176215730"",
        ""email"": ""contact@crazy-evg.com"",
        ""address"": {
          ""@type"": ""PostalAddress"",
          ""streetAddress"": ""8 rue du Faubourg Poissonnière"",
          ""postalCode"": ""75010"",
          ""addressLocality"": ""Paris"",
          ""addressCountry"": ""FR""
        }
      },
      ""areaServed"": [
        {
          ""@type"": ""City"",
          ""name"": ""Annecy""
        },
        {
          ""@type"": ""City"",
          ""name"": ""Bratislava""
        },
        {
          ""@type"": ""City"",
          ""name"": ""Porto""
        },
        {
          ""@type"": ""City"",
          ""name"": ""Prague""
        },
        {
          ""@type"": ""City"",
          ""name"": ""Rome""
        }
      ],
      ""audience"": {
        ""@type"": ""Audience"",
        ""audienceType"": ""Groupe d'amis - Enterrement de vie de garçon"",
        ""suggestedMinAge"": 18
      },
      ""offers"": {
        ""@type"": ""AggregateOffer"",
        ""priceCurrency"": ""EUR"",
        ""lowPrice"": ""49"",
        ""highPrice"": ""99"",
        ""offerCount"": ""5"",
        ""availability"": ""https://schema.org/InStock""
      }
    },
    {
      ""@type"": ""FAQPage"",
      ""@id"": ""https://www.crazy-evg.com/activity-category/rafting-eaux-vives-evg#faq"",
      ""mainEntity"": [
        {
          ""@type"": ""Question"",
          ""name"": ""Combien coûte un rafting eaux vives pour un EVG ?"",
          ""acceptedAnswer"": {
            ""@type"": ""Answer"",
            ""text"": ""Le tarif d'un rafting eaux vives EVG est compris entre 49 € et 99 € par personne. Le prix varie selon la destination, la taille du groupe et les options choisies. Demandez un devis en 1 minute pour un tarif personnalisé.""
          }
        },
        {
          ""@type"": ""Question"",
          ""name"": ""Combien de temps dure un rafting eaux vives EVG ?"",
          ""acceptedAnswer"": {
            ""@type"": ""Answer"",
            ""text"": ""La durée varie selon la formule, généralement entre 1h et 4h transferts inclus. Consultez la fiche détaillée de chaque destination pour le programme précis.""
          }
        },
        {
          ""@type"": ""Question"",
          ""name"": ""Faut-il un niveau particulier pour faire un rafting eaux vives EVG ?"",
          ""acceptedAnswer"": {
            ""@type"": ""Answer"",
            ""text"": ""Aucun niveau requis. Toutes nos sessions sont encadrées par un instructeur professionnel qui assure le briefing et l'accompagnement. L'activité est accessible aux débutants.""
          }
        },
        {
          ""@type"": ""Question"",
          ""name"": ""À partir de combien de personnes peut-on réserver un rafting eaux vives EVG ?"",
          ""acceptedAnswer"": {
            ""@type"": ""Answer"",
            ""text"": ""La majorité de nos partenaires acceptent les groupes à partir de 4 à 6 personnes. Les conditions exactes varient selon la destination. Au-delà de 12-15 participants, plusieurs créneaux sont organisés.""
          }
        },
        {
          ""@type"": ""Question"",
          ""name"": ""Que faut-il prévoir pour un rafting eaux vives EVG ?"",
          ""acceptedAnswer"": {
            ""@type"": ""Answer"",
            ""text"": ""Une pièce d'identité valide est généralement demandée. Le matériel et l'encadrement sont fournis par notre partenaire local. Prévoyez une tenue adaptée et des chaussures fermées. Détails complets fournis à la réservation.""
          }
        },
        {
          ""@type"": ""Question"",
          ""name"": ""Dans quelles villes peut-on faire un rafting eaux vives EVG ?"",
          ""acceptedAnswer"": {
            ""@type"": ""Answer"",
            ""text"": ""L'activité rafting eaux vives est disponible dans 5 destinations Crazy-EVG : Annecy, Bratislava, Porto, Prague, Rome.""
          }
        },
        {
          ""@type"": ""Question"",
          ""name"": ""Comment réserver un rafting eaux vives EVG ?"",
          ""acceptedAnswer"": {
            ""@type"": ""Answer"",
            ""text"": ""Demandez un devis en 1 minute sur Crazy-EVG. Notre équipe revient vers vous sous 24h avec un programme sur mesure et un tarif détaillé pour votre groupe.""
          }
        }
      ]
    },
    {
      ""@type"": ""BreadcrumbList"",
      ""@id"": ""https://www.crazy-evg.com/activity-category/rafting-eaux-vives-evg#breadcrumb"",
      ""itemListElement"": [
        {
          ""@type"": ""ListItem"",
          ""position"": 1,
          ""name"": ""Accueil"",
          ""item"": ""https://www.crazy-evg.com/""
        },
        {
          ""@type"": ""ListItem"",
          ""position"": 2,
          ""name"": ""Activités EVG"",
          ""item"": ""https://www.crazy-evg.com/activites-evg""
        },
        {
          ""@type"": ""ListItem"",
          ""position"": 3,
          ""name"": ""Rafting EVG : descente en eaux vives entre potes"",
          ""item"": ""https://www.crazy-evg.com/activity-category/rafting-eaux-vives-evg""
        }
      ]
    }
  ]
}","5651"
